date,PRECTOTCORR,T2M_MAX,T2M_MIN,state
19970101,0.0,24.55,9.77,Punjab
19970102,0.0,23.5,8.51,Punjab
19970103,0.0,23.35,9.34,Punjab
19970104,0.0,21.07,6.84,Punjab
19970105,0.0,23.03,6.86,Punjab
19970106,0.0,23.22,7.88,Punjab
19970107,0.0,23.01,4.28,Punjab
19970108,0.0,23.49,7.46,Punjab
19970109,0.0,23.56,7.16,Punjab
19970110,0.0,23.72,8.16,Punjab
19970111,0.0,23.1,7.42,Punjab
19970112,0.0,22.9,7.59,Punjab
19970113,0.0,22.21,4.78,Punjab
19970114,0.0,22.11,5.34,Punjab
19970115,0.0,22.31,5.89,Punjab
19970116,0.0,22.14,5.94,Punjab
19970117,0.0,19.25,4.6,Punjab
19970118,0.0,15.79,6.86,Punjab
19970119,1.36,14.36,8.49,Punjab
19970120,15.43,17.25,5.97,Punjab
19970121,0.99,18.38,5.07,Punjab
19970122,0.0,18.39,3.4,Punjab
19970123,0.01,20.1,4.53,Punjab
19970124,0.0,20.64,3.09,Punjab
19970125,0.0,22.13,2.52,Punjab
19970126,0.0,22.09,6.5,Punjab
19970127,1.59,20.73,8.24,Punjab
19970128,0.01,20.39,4.49,Punjab
19970129,0.01,21.57,5.37,Punjab
19970130,0.0,23.17,7.37,Punjab
19970131,0.0,22.32,8.42,Punjab
19970201,0.0,23.77,7.61,Punjab
19970202,2.68,18.87,10.59,Punjab
19970203,1.6,21.71,8.42,Punjab
19970204,2.2,21.26,6.29,Punjab
19970205,0.0,22.03,4.93,Punjab
19970206,0.0,22.95,4.3,Punjab
19970207,0.0,23.94,5.15,Punjab
19970208,0.29,23.49,6.32,Punjab
19970209,0.58,24.68,9.41,Punjab
19970210,1.01,22.26,8.23,Punjab
19970211,0.05,23.29,5.34,Punjab
19970212,0.11,23.81,2.69,Punjab
19970213,0.0,24.5,6.21,Punjab
19970214,0.0,26.65,9.88,Punjab
19970215,0.0,24.72,8.52,Punjab
19970216,0.06,25.1,7.35,Punjab
19970217,0.0,25.08,6.98,Punjab
19970218,0.0,25.87,11.47,Punjab
19970219,0.0,25.82,8.26,Punjab
19970220,0.05,26.2,7.78,Punjab
19970221,0.0,26.49,8.93,Punjab
19970222,0.0,27.73,8.26,Punjab
19970223,0.0,29.04,10.12,Punjab
19970224,0.0,31.21,12.23,Punjab
19970225,0.0,31.35,15.17,Punjab
19970226,0.01,30.4,10.95,Punjab
19970227,0.0,29.26,11.02,Punjab
19970228,0.0,31.55,9.41,Punjab
19970301,0.0,34.54,15.46,Punjab
19970302,0.0,29.37,11.09,Punjab
19970303,1.04,26.55,8.57,Punjab
19970304,0.0,28.19,9.16,Punjab
19970305,0.0,29.86,13.14,Punjab
19970306,0.0,29.56,14.47,Punjab
19970307,0.0,32.82,14.08,Punjab
19970308,0.0,33.62,15.82,Punjab
19970309,0.0,32.81,17.21,Punjab
19970310,0.01,28.51,15.19,Punjab
19970311,0.0,33.58,16.6,Punjab
19970312,0.0,32.6,14.37,Punjab
19970313,0.0,32.42,16.69,Punjab
19970314,0.0,26.72,14.05,Punjab
19970315,0.88,26.44,13.25,Punjab
19970316,0.95,29.3,16.0,Punjab
19970317,1.92,28.42,15.83,Punjab
19970318,0.05,28.31,16.44,Punjab
19970319,3.15,29.26,16.96,Punjab
19970320,4.6,28.66,14.02,Punjab
19970321,0.05,30.08,14.81,Punjab
19970322,0.02,30.21,15.68,Punjab
19970323,0.64,30.07,14.65,Punjab
19970324,0.07,30.37,11.14,Punjab
19970325,0.05,32.14,11.55,Punjab
19970326,0.0,31.15,14.12,Punjab
19970327,0.0,33.99,14.86,Punjab
19970328,0.13,23.69,17.32,Punjab
19970329,6.01,26.29,15.48,Punjab
19970330,0.07,32.21,14.15,Punjab
19970331,0.41,29.95,18.66,Punjab
19970401,2.55,30.44,16.66,Punjab
19970402,4.55,27.31,18.08,Punjab
19970403,8.91,19.87,14.88,Punjab
19970404,11.54,26.32,13.74,Punjab
19970405,0.0,28.58,13.83,Punjab
19970406,0.07,30.8,14.55,Punjab
19970407,0.05,31.93,14.13,Punjab
19970408,0.0,34.97,16.5,Punjab
19970409,0.0,35.76,20.07,Punjab
19970410,0.86,34.44,20.64,Punjab
19970411,0.91,35.9,19.02,Punjab
19970412,0.0,37.19,19.51,Punjab
19970413,0.0,36.55,19.47,Punjab
19970414,0.01,37.1,20.82,Punjab
19970415,0.0,34.75,17.76,Punjab
19970416,0.01,31.74,16.63,Punjab
19970417,0.71,32.29,15.02,Punjab
19970418,0.0,32.67,18.67,Punjab
19970419,0.0,35.12,16.88,Punjab
19970420,0.0,36.33,20.15,Punjab
19970421,0.0,34.97,20.38,Punjab
19970422,0.0,38.33,19.86,Punjab
19970423,0.0,38.85,21.5,Punjab
19970424,0.0,41.42,23.73,Punjab
19970425,0.0,40.66,21.57,Punjab
19970426,0.0,38.76,24.0,Punjab
19970427,0.53,39.18,24.21,Punjab
19970428,0.03,39.77,23.86,Punjab
19970429,1.78,37.5,23.25,Punjab
19970430,0.51,37.89,23.77,Punjab
19970501,0.05,37.39,23.35,Punjab
19970502,5.5,38.09,22.88,Punjab
19970503,2.59,34.41,23.55,Punjab
19970504,0.23,33.74,21.51,Punjab
19970505,2.98,27.86,21.85,Punjab
19970506,0.0,36.14,19.87,Punjab
19970507,1.0,37.6,22.18,Punjab
19970508,0.2,38.12,24.06,Punjab
19970509,2.7,35.53,19.71,Punjab
19970510,2.15,36.48,17.1,Punjab
19970511,0.0,39.02,19.09,Punjab
19970512,0.0,38.87,22.44,Punjab
19970513,0.0,38.67,22.76,Punjab
19970514,0.01,38.3,23.19,Punjab
19970515,0.0,39.08,22.42,Punjab
19970516,0.0,39.38,22.35,Punjab
19970517,0.0,42.01,21.93,Punjab
19970518,0.0,38.95,24.97,Punjab
19970519,0.0,41.8,22.25,Punjab
19970520,0.0,41.67,22.52,Punjab
19970521,0.0,42.95,25.1,Punjab
19970522,0.0,44.29,24.83,Punjab
19970523,0.0,43.44,24.75,Punjab
19970524,0.0,43.95,26.54,Punjab
19970525,0.0,43.05,27.22,Punjab
19970526,0.07,43.59,27.11,Punjab
19970527,0.0,44.86,30.73,Punjab
19970528,0.1,45.53,30.43,Punjab
19970529,1.15,43.84,28.77,Punjab
19970530,0.99,42.69,28.38,Punjab
19970531,0.43,39.51,27.21,Punjab
19970601,3.04,39.19,25.33,Punjab
19970602,1.8,37.97,25.25,Punjab
19970603,0.18,38.15,27.27,Punjab
19970604,0.06,37.42,27.59,Punjab
19970605,0.39,36.08,27.33,Punjab
19970606,0.09,40.1,27.4,Punjab
19970607,0.0,42.09,28.94,Punjab
19970608,2.93,42.11,27.86,Punjab
19970609,0.0,42.28,28.54,Punjab
19970610,0.0,42.91,28.37,Punjab
19970611,4.02,42.68,26.32,Punjab
19970612,0.0,42.25,28.67,Punjab
19970613,0.0,42.11,28.68,Punjab
19970614,1.2,43.74,29.27,Punjab
19970615,0.0,45.17,29.01,Punjab
19970616,0.0,46.7,30.66,Punjab
19970617,0.0,46.25,30.62,Punjab
19970618,0.0,45.85,31.12,Punjab
19970619,0.0,44.48,31.42,Punjab
19970620,24.38,36.94,29.71,Punjab
19970621,0.04,39.45,28.92,Punjab
19970622,0.2,42.54,29.76,Punjab
19970623,0.0,43.31,31.5,Punjab
19970624,0.16,44.86,31.0,Punjab
19970625,0.44,44.46,30.89,Punjab
19970626,0.02,45.26,30.58,Punjab
19970627,6.93,41.97,29.14,Punjab
19970628,3.22,40.6,29.09,Punjab
19970629,2.64,41.01,28.81,Punjab
19970630,13.07,35.51,29.49,Punjab
19970701,0.03,41.91,27.99,Punjab
19970702,0.27,43.68,29.84,Punjab
19970703,0.0,44.17,30.58,Punjab
19970704,0.02,45.06,29.42,Punjab
19970705,0.0,45.29,30.33,Punjab
19970706,0.01,46.42,31.39,Punjab
19970707,0.3,45.31,32.32,Punjab
19970708,0.26,44.83,32.45,Punjab
19970709,0.18,45.14,33.46,Punjab
19970710,0.95,45.54,33.12,Punjab
19970711,7.21,40.46,32.21,Punjab
19970712,9.49,38.56,28.96,Punjab
19970713,1.38,41.75,29.98,Punjab
19970714,0.74,43.25,30.5,Punjab
19970715,3.94,41.4,29.94,Punjab
19970716,9.71,41.3,30.95,Punjab
19970717,12.88,39.39,29.35,Punjab
19970718,0.42,42.14,30.43,Punjab
19970719,0.03,39.03,31.94,Punjab
19970720,2.51,37.43,30.52,Punjab
19970721,8.13,36.4,29.64,Punjab
19970722,1.03,38.08,28.07,Punjab
19970723,5.67,37.52,28.87,Punjab
19970724,0.59,39.21,28.77,Punjab
19970725,10.18,35.16,29.26,Punjab
19970726,0.3,38.16,27.35,Punjab
19970727,7.85,37.69,29.42,Punjab
19970728,0.83,36.21,28.38,Punjab
19970729,33.47,36.02,29.04,Punjab
19970730,5.6,37.89,27.41,Punjab
19970731,1.7,36.88,28.57,Punjab
19970801,8.29,36.09,26.95,Punjab
19970802,11.58,36.94,25.44,Punjab
19970803,22.1,36.16,26.45,Punjab
19970804,2.4,37.32,25.07,Punjab
19970805,0.0,39.13,24.49,Punjab
19970806,0.0,40.27,24.17,Punjab
19970807,0.53,38.94,26.49,Punjab
19970808,19.83,35.92,26.93,Punjab
19970809,1.36,36.28,25.84,Punjab
19970810,0.29,39.11,28.37,Punjab
19970811,0.08,38.39,28.2,Punjab
19970812,0.17,36.78,26.84,Punjab
19970813,6.15,35.43,26.27,Punjab
19970814,17.47,33.95,25.28,Punjab
19970815,1.34,36.73,26.47,Punjab
19970816,3.87,38.31,26.71,Punjab
19970817,0.3,38.95,25.85,Punjab
19970818,0.01,39.89,26.62,Punjab
19970819,0.12,39.83,27.92,Punjab
19970820,0.06,39.02,27.72,Punjab
19970821,0.0,38.55,28.24,Punjab
19970822,1.6,33.2,27.26,Punjab
19970823,41.73,28.94,25.8,Punjab
19970824,2.66,33.99,25.44,Punjab
19970825,0.74,30.66,25.26,Punjab
19970826,8.52,30.71,23.65,Punjab
19970827,25.02,29.38,24.61,Punjab
19970828,15.89,31.46,23.75,Punjab
19970829,15.67,33.73,22.99,Punjab
19970830,0.1,35.08,23.77,Punjab
19970831,0.08,35.16,22.75,Punjab
19970901,0.0,35.74,23.34,Punjab
19970902,0.01,35.03,22.73,Punjab
19970903,0.05,35.34,22.34,Punjab
19970904,0.0,35.31,23.55,Punjab
19970905,0.0,36.92,23.77,Punjab
19970906,0.0,37.61,25.35,Punjab
19970907,0.01,36.35,24.17,Punjab
19970908,6.18,35.82,25.3,Punjab
19970909,0.15,34.59,25.41,Punjab
19970910,0.02,33.69,26.56,Punjab
19970911,0.24,35.62,25.24,Punjab
19970912,1.02,36.07,23.77,Punjab
19970913,0.42,35.44,23.3,Punjab
19970914,1.23,37.01,24.14,Punjab
19970915,0.02,38.14,24.76,Punjab
19970916,0.12,37.61,23.86,Punjab
19970917,0.01,38.38,24.16,Punjab
19970918,0.01,37.96,23.85,Punjab
19970919,0.0,37.83,22.77,Punjab
19970920,0.12,37.95,22.31,Punjab
19970921,0.06,37.88,22.18,Punjab
19970922,0.0,37.89,22.33,Punjab
19970923,0.0,38.77,23.56,Punjab
19970924,0.0,38.44,22.59,Punjab
19970925,0.0,38.64,20.82,Punjab
19970926,0.0,38.43,19.87,Punjab
19970927,0.0,37.87,19.9,Punjab
19970928,0.0,37.46,20.63,Punjab
19970929,2.23,34.82,21.71,Punjab
19970930,2.02,34.0,21.73,Punjab
19971001,0.19,33.7,20.46,Punjab
19971002,0.25,34.77,22.59,Punjab
19971003,0.06,32.97,21.67,Punjab
19971004,7.12,31.61,20.42,Punjab
19971005,0.87,28.88,19.93,Punjab
19971006,0.01,30.75,19.15,Punjab
19971007,0.0,33.37,19.46,Punjab
19971008,0.06,33.88,19.34,Punjab
19971009,0.0,33.68,20.94,Punjab
19971010,0.05,33.55,20.08,Punjab
19971011,0.15,32.46,20.11,Punjab
19971012,0.0,33.17,19.01,Punjab
19971013,0.0,32.68,19.91,Punjab
19971014,0.0,33.71,18.11,Punjab
19971015,0.0,33.06,19.36,Punjab
19971016,0.0,32.63,17.42,Punjab
19971017,0.02,33.06,18.41,Punjab
19971018,0.08,31.43,21.0,Punjab
19971019,0.48,28.54,19.36,Punjab
19971020,11.24,26.62,17.14,Punjab
19971021,8.72,27.84,18.07,Punjab
19971022,0.02,28.91,16.94,Punjab
19971023,0.07,26.77,15.88,Punjab
19971024,0.01,29.38,15.31,Punjab
19971025,0.08,29.35,15.4,Punjab
19971026,0.0,26.52,16.13,Punjab
19971027,0.0,29.42,15.69,Punjab
19971028,2.12,26.72,16.26,Punjab
19971029,0.01,26.56,17.49,Punjab
19971030,0.0,26.34,15.53,Punjab
19971031,0.0,28.41,15.81,Punjab
19971101,0.0,28.09,16.45,Punjab
19971102,0.0,29.66,15.79,Punjab
19971103,0.0,29.32,15.99,Punjab
19971104,0.0,29.51,15.59,Punjab
19971105,0.0,30.19,16.09,Punjab
19971106,0.0,30.11,16.98,Punjab
19971107,0.0,30.28,14.23,Punjab
19971108,0.0,30.01,16.67,Punjab
19971109,3.2,24.36,16.31,Punjab
19971110,0.13,26.91,15.91,Punjab
19971111,0.0,27.21,14.18,Punjab
19971112,0.0,26.55,12.79,Punjab
19971113,0.0,27.37,13.51,Punjab
19971114,0.0,27.25,12.33,Punjab
19971115,0.0,26.72,14.02,Punjab
19971116,0.0,27.11,13.73,Punjab
19971117,0.0,26.44,14.18,Punjab
19971118,0.0,27.37,11.72,Punjab
19971119,0.0,27.45,13.53,Punjab
19971120,0.0,26.86,13.29,Punjab
19971121,0.0,25.76,11.98,Punjab
19971122,0.0,25.68,12.49,Punjab
19971123,0.0,23.15,12.69,Punjab
19971124,0.58,22.68,10.53,Punjab
19971125,17.2,18.47,11.73,Punjab
19971126,1.66,21.21,12.17,Punjab
19971127,0.6,23.25,10.25,Punjab
19971128,0.0,24.08,9.37,Punjab
19971129,0.0,22.87,11.53,Punjab
19971130,1.41,23.15,11.12,Punjab
19971201,0.07,20.82,6.8,Punjab
19971202,0.0,21.85,8.9,Punjab
19971203,0.0,22.42,9.63,Punjab
19971204,0.0,23.34,10.99,Punjab
19971205,0.0,24.01,10.38,Punjab
19971206,0.0,22.67,11.02,Punjab
19971207,0.05,24.9,12.62,Punjab
19971208,5.73,20.11,14.58,Punjab
19971209,8.06,18.47,11.86,Punjab
19971210,0.15,20.06,9.57,Punjab
19971211,0.0,20.73,10.38,Punjab
19971212,0.0,20.07,9.59,Punjab
19971213,0.41,20.52,10.13,Punjab
19971214,0.0,20.29,9.52,Punjab
19971215,0.0,20.02,8.59,Punjab
19971216,0.0,21.39,8.99,Punjab
19971217,0.0,22.26,7.45,Punjab
19971218,0.0,20.91,6.7,Punjab
19971219,0.0,19.62,5.94,Punjab
19971220,0.0,20.39,4.26,Punjab
19971221,0.0,18.96,3.97,Punjab
19971222,0.0,17.98,2.87,Punjab
19971223,0.0,19.6,6.16,Punjab
19971224,0.07,20.66,4.77,Punjab
19971225,0.0,19.91,5.71,Punjab
19971226,0.0,19.31,6.9,Punjab
19971227,0.0,19.31,6.26,Punjab
19971228,0.0,20.73,8.02,Punjab
19971229,0.94,19.29,7.98,Punjab
19971230,0.01,17.35,6.35,Punjab
19971231,0.0,18.27,3.22,Punjab
19980101,0.0,19.04,0.77,Punjab
19980102,0.0,19.07,0.71,Punjab
19980103,0.0,20.85,0.73,Punjab
19980104,0.0,11.51,5.49,Punjab
19980105,0.0,21.77,4.95,Punjab
19980106,0.0,21.25,7.45,Punjab
19980107,0.01,17.47,8.23,Punjab
19980108,0.0,22.3,8.73,Punjab
19980109,0.0,22.8,8.2,Punjab
19980110,0.0,22.72,7.37,Punjab
19980111,0.0,23.67,9.79,Punjab
19980112,0.1,23.71,10.11,Punjab
19980113,0.0,21.17,7.25,Punjab
19980114,0.0,18.15,7.25,Punjab
19980115,0.22,21.83,6.98,Punjab
19980116,0.02,19.6,3.74,Punjab
19980117,0.0,19.74,3.96,Punjab
19980118,0.0,19.14,4.86,Punjab
19980119,0.0,19.76,2.11,Punjab
19980120,0.0,19.6,4.33,Punjab
19980121,0.0,20.89,4.83,Punjab
19980122,0.0,20.58,3.26,Punjab
19980123,0.0,20.2,3.18,Punjab
19980124,0.0,21.24,4.71,Punjab
19980125,0.0,21.15,4.95,Punjab
19980126,0.0,22.08,4.7,Punjab
19980127,0.0,18.96,6.12,Punjab
19980128,0.0,20.62,7.95,Punjab
19980129,0.0,23.51,8.49,Punjab
19980130,0.0,20.27,10.35,Punjab
19980131,0.0,20.71,8.65,Punjab
19980201,1.52,22.52,7.88,Punjab
19980202,7.62,22.16,10.71,Punjab
19980203,0.0,23.5,8.38,Punjab
19980204,0.0,22.28,6.82,Punjab
19980205,0.0,22.57,7.12,Punjab
19980206,0.0,23.51,8.55,Punjab
19980207,0.0,23.24,7.61,Punjab
19980208,0.0,23.59,7.59,Punjab
19980209,0.0,25.55,6.19,Punjab
19980210,0.0,26.17,10.09,Punjab
19980211,0.0,27.76,10.48,Punjab
19980212,0.0,28.48,9.87,Punjab
19980213,0.0,28.06,13.19,Punjab
19980214,2.36,23.53,12.19,Punjab
19980215,0.26,26.59,13.67,Punjab
19980216,0.0,26.01,12.83,Punjab
19980217,0.03,26.46,10.06,Punjab
19980218,1.31,25.11,12.25,Punjab
19980219,0.0,23.24,9.04,Punjab
19980220,0.0,25.77,6.96,Punjab
19980221,0.0,25.32,10.77,Punjab
19980222,0.0,24.59,9.3,Punjab
19980223,0.32,22.54,9.69,Punjab
19980224,14.01,16.16,10.12,Punjab
19980225,1.83,19.03,10.33,Punjab
19980226,0.0,22.54,7.88,Punjab
19980227,0.0,23.22,8.34,Punjab
19980228,0.38,25.06,7.18,Punjab
19980301,0.0,27.03,9.83,Punjab
19980302,0.0,25.69,7.92,Punjab
19980303,1.18,21.91,12.38,Punjab
19980304,1.34,21.74,12.52,Punjab
19980305,2.17,23.3,12.7,Punjab
19980306,0.22,25.26,11.21,Punjab
19980307,0.0,25.88,7.32,Punjab
19980308,0.0,24.7,8.01,Punjab
19980309,0.0,28.34,8.89,Punjab
19980310,0.0,29.49,11.88,Punjab
19980311,2.38,27.88,11.76,Punjab
19980312,5.66,26.51,12.69,Punjab
19980313,0.03,24.27,10.64,Punjab
19980314,0.0,27.05,9.9,Punjab
19980315,0.0,28.72,10.08,Punjab
19980316,0.0,29.57,13.25,Punjab
19980317,0.0,30.69,14.29,Punjab
19980318,0.0,29.91,11.89,Punjab
19980319,0.1,26.1,13.07,Punjab
19980320,0.0,30.44,14.19,Punjab
19980321,0.0,28.43,14.84,Punjab
19980322,0.0,32.8,17.06,Punjab
19980323,0.0,32.86,15.0,Punjab
19980324,0.0,30.96,10.06,Punjab
19980325,0.0,32.36,9.92,Punjab
19980326,0.0,34.68,14.12,Punjab
19980327,0.0,34.81,14.11,Punjab
19980328,0.0,34.94,18.24,Punjab
19980329,0.0,34.91,18.86,Punjab
19980330,0.18,33.86,13.85,Punjab
19980331,0.0,37.07,18.89,Punjab
19980401,0.0,36.94,17.44,Punjab
19980402,0.0,37.64,18.16,Punjab
19980403,1.12,35.09,20.79,Punjab
19980404,0.02,35.95,18.74,Punjab
19980405,0.0,36.84,19.87,Punjab
19980406,0.0,37.75,20.35,Punjab
19980407,0.0,37.63,21.28,Punjab
19980408,1.98,36.38,21.17,Punjab
19980409,1.12,34.36,19.53,Punjab
19980410,0.01,34.9,18.41,Punjab
19980411,0.0,34.86,17.76,Punjab
19980412,0.0,34.49,17.48,Punjab
19980413,0.0,35.62,18.76,Punjab
19980414,0.0,37.19,20.37,Punjab
19980415,0.0,37.87,18.91,Punjab
19980416,0.0,39.42,20.92,Punjab
19980417,0.0,40.17,19.23,Punjab
19980418,0.0,41.51,22.12,Punjab
19980419,0.0,41.29,23.59,Punjab
19980420,0.0,41.89,23.13,Punjab
19980421,0.0,42.15,24.68,Punjab
19980422,0.01,42.2,24.41,Punjab
19980423,0.0,42.31,23.64,Punjab
19980424,0.0,42.51,24.28,Punjab
19980425,3.21,42.42,26.38,Punjab
19980426,2.32,36.93,25.25,Punjab
19980427,0.0,39.68,24.22,Punjab
19980428,0.0,40.85,22.26,Punjab
19980429,0.04,42.04,22.72,Punjab
19980430,0.31,39.61,26.52,Punjab
19980501,0.0,41.77,25.53,Punjab
19980502,0.0,42.09,26.29,Punjab
19980503,0.02,42.27,28.57,Punjab
19980504,0.0,41.84,26.72,Punjab
19980505,0.0,41.68,25.2,Punjab
19980506,1.13,39.78,24.18,Punjab
19980507,0.39,39.51,23.23,Punjab
19980508,1.22,33.35,23.15,Punjab
19980509,0.0,35.29,21.39,Punjab
19980510,0.0,37.59,21.54,Punjab
19980511,0.0,38.87,22.43,Punjab
19980512,0.0,41.46,24.39,Punjab
19980513,0.0,43.69,24.54,Punjab
19980514,0.0,45.24,25.4,Punjab
19980515,0.0,45.6,28.11,Punjab
19980516,0.0,46.37,27.73,Punjab
19980517,0.0,46.14,27.54,Punjab
19980518,0.0,45.19,28.71,Punjab
19980519,0.28,45.11,27.79,Punjab
19980520,0.0,45.98,29.0,Punjab
19980521,0.0,47.34,29.07,Punjab
19980522,0.0,47.87,29.11,Punjab
19980523,0.0,48.05,28.63,Punjab
19980524,0.0,47.75,27.95,Punjab
19980525,0.0,48.17,29.47,Punjab
19980526,0.0,49.47,30.03,Punjab
19980527,0.07,48.35,29.54,Punjab
19980528,0.0,46.58,29.6,Punjab
19980529,0.02,45.89,26.32,Punjab
19980530,0.0,45.58,26.07,Punjab
19980531,0.0,46.76,27.86,Punjab
19980601,0.0,45.69,28.23,Punjab
19980602,0.0,44.87,28.66,Punjab
19980603,0.62,43.91,27.39,Punjab
19980604,0.0,44.58,28.05,Punjab
19980605,0.19,44.39,29.11,Punjab
19980606,0.0,44.91,28.27,Punjab
19980607,0.32,44.95,31.1,Punjab
19980608,0.12,44.12,31.03,Punjab
19980609,0.0,41.03,29.31,Punjab
19980610,3.68,36.0,28.36,Punjab
19980611,23.66,31.96,22.26,Punjab
19980612,0.24,37.8,24.1,Punjab
19980613,0.0,40.19,25.89,Punjab
19980614,0.0,41.42,27.12,Punjab
19980615,0.0,42.8,26.65,Punjab
19980616,0.0,43.24,26.57,Punjab
19980617,3.21,39.73,27.4,Punjab
19980618,7.14,40.72,26.85,Punjab
19980619,0.0,44.26,27.17,Punjab
19980620,0.0,45.3,27.57,Punjab
19980621,0.0,44.97,28.19,Punjab
19980622,0.0,43.87,27.67,Punjab
19980623,0.8,44.74,28.92,Punjab
19980624,0.04,44.67,29.89,Punjab
19980625,0.0,45.75,31.51,Punjab
19980626,0.0,46.67,31.82,Punjab
19980627,0.04,45.47,32.03,Punjab
19980628,0.29,43.35,31.7,Punjab
19980629,0.09,42.16,32.26,Punjab
19980630,1.17,40.65,30.18,Punjab
19980701,1.49,40.85,30.05,Punjab
19980702,0.13,36.8,31.65,Punjab
19980703,0.6,37.21,30.49,Punjab
19980704,2.34,42.21,29.95,Punjab
19980705,1.57,42.36,30.73,Punjab
19980706,16.0,39.45,31.62,Punjab
19980707,7.28,39.78,28.2,Punjab
19980708,1.41,42.12,29.51,Punjab
19980709,2.66,42.1,30.97,Punjab
19980710,10.88,42.81,31.6,Punjab
19980711,6.11,40.19,29.19,Punjab
19980712,21.41,36.46,29.91,Punjab
19980713,5.21,34.78,28.02,Punjab
19980714,0.58,38.26,27.71,Punjab
19980715,6.54,35.94,28.78,Punjab
19980716,10.12,36.0,28.02,Punjab
19980717,0.66,39.22,27.77,Punjab
19980718,1.05,41.28,28.24,Punjab
19980719,1.99,40.1,28.41,Punjab
19980720,7.19,38.32,29.34,Punjab
19980721,5.09,39.12,28.61,Punjab
19980722,0.0,41.86,29.52,Punjab
19980723,0.05,42.91,29.74,Punjab
19980724,0.32,40.27,29.39,Punjab
19980725,0.96,42.82,29.26,Punjab
19980726,0.59,42.43,29.15,Punjab
19980727,0.01,42.96,29.6,Punjab
19980728,0.04,43.27,29.28,Punjab
19980729,0.11,41.31,28.24,Punjab
19980730,0.05,39.95,28.91,Punjab
19980731,0.01,40.23,29.48,Punjab
19980801,0.97,40.45,29.33,Punjab
19980802,1.09,40.4,28.96,Punjab
19980803,2.07,41.04,29.66,Punjab
19980804,0.31,42.45,29.76,Punjab
19980805,1.03,41.89,30.15,Punjab
19980806,3.81,39.61,29.04,Punjab
19980807,5.49,39.23,29.32,Punjab
19980808,0.0,39.9,29.78,Punjab
19980809,0.21,40.58,30.34,Punjab
19980810,0.16,41.05,29.75,Punjab
19980811,16.71,37.19,29.44,Punjab
19980812,7.72,39.2,27.76,Punjab
19980813,6.17,38.85,26.8,Punjab
19980814,1.86,35.92,27.31,Punjab
19980815,2.48,35.87,27.28,Punjab
19980816,2.06,38.58,26.33,Punjab
19980817,0.4,40.67,27.12,Punjab
19980818,0.47,41.32,28.14,Punjab
19980819,0.59,41.22,28.63,Punjab
19980820,0.78,41.02,27.27,Punjab
19980821,0.27,41.57,27.78,Punjab
19980822,8.14,38.08,27.44,Punjab
19980823,0.46,38.79,26.71,Punjab
19980824,0.02,39.11,27.66,Punjab
19980825,2.68,38.5,26.94,Punjab
19980826,2.76,35.75,27.05,Punjab
19980827,3.05,37.52,25.91,Punjab
19980828,1.4,36.35,26.09,Punjab
19980829,0.08,39.8,25.73,Punjab
19980830,0.03,41.26,27.59,Punjab
19980831,0.02,42.03,27.75,Punjab
19980901,0.0,41.76,26.97,Punjab
19980902,0.56,41.12,25.81,Punjab
19980903,0.27,41.65,26.44,Punjab
19980904,0.05,40.3,28.03,Punjab
19980905,0.0,40.83,28.39,Punjab
19980906,0.0,41.21,27.97,Punjab
19980907,2.53,39.29,28.69,Punjab
19980908,0.12,39.9,27.59,Punjab
19980909,2.07,39.1,26.99,Punjab
19980910,0.1,40.67,27.88,Punjab
19980911,4.29,39.24,26.97,Punjab
19980912,1.74,37.51,25.52,Punjab
19980913,6.15,32.65,25.37,Punjab
19980914,1.09,36.03,24.78,Punjab
19980915,0.01,37.85,25.77,Punjab
19980916,0.04,37.73,26.96,Punjab
19980917,3.03,35.56,27.19,Punjab
19980918,0.83,38.06,26.16,Punjab
19980919,0.42,39.04,26.86,Punjab
19980920,1.96,35.74,27.66,Punjab
19980921,2.51,33.93,26.49,Punjab
19980922,5.97,33.24,25.09,Punjab
19980923,6.25,34.15,24.72,Punjab
19980924,3.36,34.08,23.57,Punjab
19980925,0.3,36.08,24.49,Punjab
19980926,0.07,38.11,24.84,Punjab
19980927,0.01,39.46,25.9,Punjab
19980928,0.0,39.24,24.77,Punjab
19980929,0.0,39.89,24.83,Punjab
19980930,0.18,39.9,23.17,Punjab
19981001,2.41,38.33,22.8,Punjab
19981002,0.9,37.55,22.82,Punjab
19981003,0.05,37.37,24.16,Punjab
19981004,3.02,35.26,24.33,Punjab
19981005,0.12,36.22,22.5,Punjab
19981006,0.0,36.83,21.63,Punjab
19981007,0.0,37.2,21.98,Punjab
19981008,0.0,37.61,23.07,Punjab
19981009,0.0,37.21,20.24,Punjab
19981010,0.26,38.29,19.56,Punjab
19981011,0.0,37.48,22.45,Punjab
19981012,0.0,37.39,19.14,Punjab
19981013,0.0,36.97,18.87,Punjab
19981014,0.0,35.7,17.16,Punjab
19981015,1.05,28.0,19.74,Punjab
19981016,5.3,24.81,18.41,Punjab
19981017,13.82,28.2,18.31,Punjab
19981018,0.69,30.75,18.93,Punjab
19981019,0.0,33.85,20.68,Punjab
19981020,0.0,34.93,18.2,Punjab
19981021,0.0,35.02,17.83,Punjab
19981022,0.0,34.37,18.95,Punjab
19981023,0.0,34.82,18.8,Punjab
19981024,0.0,33.73,18.02,Punjab
19981025,0.03,33.53,18.0,Punjab
19981026,0.0,32.84,17.12,Punjab
19981027,0.0,33.22,17.47,Punjab
19981028,0.0,32.34,16.44,Punjab
19981029,0.0,33.53,17.21,Punjab
19981030,0.0,32.59,14.56,Punjab
19981031,0.0,32.82,16.15,Punjab
19981101,0.0,32.53,13.22,Punjab
19981102,0.0,32.4,14.78,Punjab
19981103,0.0,32.09,15.56,Punjab
19981104,0.0,31.6,15.4,Punjab
19981105,0.0,32.31,12.88,Punjab
19981106,0.0,31.2,15.8,Punjab
19981107,0.03,29.75,19.04,Punjab
19981108,0.0,29.96,18.07,Punjab
19981109,0.0,29.76,14.43,Punjab
19981110,0.0,30.57,15.8,Punjab
19981111,0.0,31.02,13.88,Punjab
19981112,0.0,30.86,13.76,Punjab
19981113,0.0,30.54,13.8,Punjab
19981114,0.0,30.12,12.08,Punjab
19981115,0.0,30.17,12.08,Punjab
19981116,0.0,30.75,13.62,Punjab
19981117,0.0,30.72,14.64,Punjab
19981118,0.0,31.77,15.39,Punjab
19981119,0.0,30.68,13.34,Punjab
19981120,0.0,29.97,14.91,Punjab
19981121,0.0,30.25,13.08,Punjab
19981122,0.0,29.76,14.08,Punjab
19981123,0.0,31.03,12.91,Punjab
19981124,0.0,29.89,13.42,Punjab
19981125,0.0,30.19,13.0,Punjab
19981126,0.0,30.26,12.95,Punjab
19981127,0.0,28.99,13.3,Punjab
19981128,0.0,29.58,13.18,Punjab
19981129,0.0,28.9,12.62,Punjab
19981130,0.0,29.0,10.64,Punjab
19981201,0.0,27.51,8.28,Punjab
19981202,0.0,27.72,8.89,Punjab
19981203,0.0,27.37,12.95,Punjab
19981204,0.0,30.71,10.52,Punjab
19981205,0.0,30.19,12.4,Punjab
19981206,0.0,31.91,12.25,Punjab
19981207,0.0,30.44,11.92,Punjab
19981208,0.0,28.73,10.39,Punjab
19981209,0.0,27.66,11.97,Punjab
19981210,0.0,26.37,7.55,Punjab
19981211,0.0,24.85,5.01,Punjab
19981212,0.0,25.32,7.4,Punjab
19981213,0.0,24.16,7.65,Punjab
19981214,0.0,25.5,8.57,Punjab
19981215,0.0,25.96,9.86,Punjab
19981216,0.0,25.88,9.71,Punjab
19981217,0.0,24.64,9.75,Punjab
19981218,0.0,24.01,8.24,Punjab
19981219,0.0,23.24,4.95,Punjab
19981220,0.0,22.54,8.13,Punjab
19981221,0.0,22.68,6.32,Punjab
19981222,0.0,23.53,7.17,Punjab
19981223,0.0,24.58,9.11,Punjab
19981224,0.0,24.48,8.95,Punjab
19981225,0.0,24.07,6.24,Punjab
19981226,0.0,23.91,6.33,Punjab
19981227,0.0,24.31,8.76,Punjab
19981228,0.0,24.66,10.09,Punjab
19981229,0.0,23.81,7.41,Punjab
19981230,0.0,22.85,7.92,Punjab
19981231,0.0,22.99,6.3,Punjab
19990101,0.0,22.71,7.66,Punjab
19990102,0.0,22.99,6.73,Punjab
19990103,0.0,21.97,8.25,Punjab
19990104,0.0,20.45,9.37,Punjab
19990105,0.06,23.45,7.46,Punjab
19990106,19.42,18.03,9.57,Punjab
19990107,1.58,14.91,7.6,Punjab
19990108,0.03,17.42,6.6,Punjab
19990109,0.0,19.46,5.24,Punjab
19990110,0.0,19.58,2.89,Punjab
19990111,0.0,21.38,5.93,Punjab
19990112,0.0,17.48,6.04,Punjab
19990113,0.0,21.04,5.82,Punjab
19990114,0.0,22.27,4.99,Punjab
19990115,0.0,22.52,6.18,Punjab
19990116,0.0,22.45,6.65,Punjab
19990117,0.0,22.23,7.07,Punjab
19990118,0.0,22.65,6.48,Punjab
19990119,0.0,23.09,7.77,Punjab
19990120,1.18,18.31,9.9,Punjab
19990121,1.35,21.87,10.64,Punjab
19990122,0.04,24.31,9.95,Punjab
19990123,0.7,23.47,10.86,Punjab
19990124,0.59,20.69,9.23,Punjab
19990125,0.0,22.15,6.52,Punjab
19990126,0.0,19.13,5.22,Punjab
19990127,4.77,23.65,6.87,Punjab
19990128,6.24,14.56,8.27,Punjab
19990129,0.0,19.58,7.28,Punjab
19990130,0.0,20.46,5.8,Punjab
19990131,0.0,21.37,6.4,Punjab
19990201,0.0,21.15,7.29,Punjab
19990202,0.0,22.86,5.74,Punjab
19990203,0.0,21.61,5.23,Punjab
19990204,0.0,21.95,3.97,Punjab
19990205,0.0,23.15,6.78,Punjab
19990206,0.0,25.88,6.01,Punjab
19990207,0.12,22.81,9.15,Punjab
19990208,0.24,21.38,8.61,Punjab
19990209,0.01,27.48,8.84,Punjab
19990210,0.0,28.09,11.72,Punjab
19990211,0.0,28.17,15.9,Punjab
19990212,0.0,27.94,14.4,Punjab
19990213,0.0,28.58,11.13,Punjab
19990214,0.0,28.11,10.13,Punjab
19990215,0.0,26.82,13.0,Punjab
19990216,0.0,26.02,15.17,Punjab
19990217,0.18,30.23,12.36,Punjab
19990218,0.08,28.11,12.52,Punjab
19990219,0.09,27.16,12.83,Punjab
19990220,0.0,26.03,12.36,Punjab
19990221,0.0,29.25,8.61,Punjab
19990222,0.0,26.54,11.81,Punjab
19990223,1.04,23.89,13.21,Punjab
19990224,0.02,27.22,11.73,Punjab
19990225,0.0,27.16,12.22,Punjab
19990226,0.0,27.14,8.63,Punjab
19990227,0.0,27.11,7.99,Punjab
19990228,0.0,29.29,10.5,Punjab
19990301,0.0,29.81,9.31,Punjab
19990302,0.0,30.76,13.22,Punjab
19990303,0.0,30.92,14.53,Punjab
19990304,0.19,33.09,16.51,Punjab
19990305,0.02,32.14,16.6,Punjab
19990306,0.12,31.14,17.11,Punjab
19990307,0.23,33.7,17.13,Punjab
19990308,1.32,31.31,16.09,Punjab
19990309,0.0,29.41,12.68,Punjab
19990310,0.0,30.35,15.16,Punjab
19990311,0.0,30.27,12.43,Punjab
19990312,0.0,30.0,12.79,Punjab
19990313,0.0,30.55,11.39,Punjab
19990314,0.0,32.46,9.43,Punjab
19990315,0.0,33.29,11.88,Punjab
19990316,0.0,34.28,15.35,Punjab
19990317,0.0,35.12,15.25,Punjab
19990318,0.0,33.42,14.2,Punjab
19990319,0.0,32.01,14.09,Punjab
19990320,0.01,31.95,13.5,Punjab
19990321,0.0,29.91,12.14,Punjab
19990322,0.0,33.46,11.07,Punjab
19990323,0.0,33.91,14.65,Punjab
19990324,0.0,36.15,16.32,Punjab
19990325,0.02,35.52,20.48,Punjab
19990326,0.0,34.51,16.91,Punjab
19990327,0.0,36.8,12.39,Punjab
19990328,0.0,38.37,15.85,Punjab
19990329,0.0,39.88,20.03,Punjab
19990330,0.0,40.58,20.74,Punjab
19990331,0.0,39.65,20.53,Punjab
19990401,0.18,38.49,22.44,Punjab
19990402,0.2,39.29,19.67,Punjab
19990403,0.0,37.22,15.32,Punjab
19990404,0.0,36.95,15.43,Punjab
19990405,0.0,39.2,17.02,Punjab
19990406,0.0,40.54,20.59,Punjab
19990407,0.0,38.92,20.84,Punjab
19990408,0.0,40.93,21.81,Punjab
19990409,0.0,40.2,21.78,Punjab
19990410,0.0,40.91,22.38,Punjab
19990411,0.0,43.88,22.65,Punjab
19990412,0.0,40.71,22.23,Punjab
19990413,0.0,37.54,20.27,Punjab
19990414,0.0,36.87,17.6,Punjab
19990415,0.0,37.3,15.43,Punjab
19990416,0.0,39.19,16.94,Punjab
19990417,0.0,40.94,19.36,Punjab
19990418,0.0,41.3,23.11,Punjab
19990419,0.0,42.38,23.33,Punjab
19990420,0.0,42.89,23.44,Punjab
19990421,0.0,42.55,23.82,Punjab
19990422,0.0,40.47,23.41,Punjab
19990423,0.0,42.29,23.32,Punjab
19990424,0.0,43.9,24.52,Punjab
19990425,0.0,43.35,22.95,Punjab
19990426,0.0,43.83,26.2,Punjab
19990427,0.0,43.75,22.89,Punjab
19990428,0.0,44.26,23.55,Punjab
19990429,0.0,44.97,26.08,Punjab
19990430,0.0,46.57,24.7,Punjab
19990501,0.0,45.16,24.25,Punjab
19990502,0.0,45.26,24.17,Punjab
19990503,0.0,44.34,26.31,Punjab
19990504,0.18,44.57,23.18,Punjab
19990505,0.0,45.72,26.6,Punjab
19990506,0.0,45.25,26.32,Punjab
19990507,0.0,44.4,25.74,Punjab
19990508,0.02,44.34,28.12,Punjab
19990509,0.0,43.54,25.21,Punjab
19990510,0.01,43.41,26.51,Punjab
19990511,0.24,42.76,27.23,Punjab
19990512,0.25,43.25,27.54,Punjab
19990513,3.07,39.8,28.19,Punjab
19990514,0.0,41.08,25.21,Punjab
19990515,0.0,43.9,25.64,Punjab
19990516,0.0,44.38,28.75,Punjab
19990517,0.0,45.8,26.82,Punjab
19990518,0.0,45.46,29.82,Punjab
19990519,0.0,45.97,27.92,Punjab
19990520,0.04,44.54,28.72,Punjab
19990521,0.06,41.06,32.08,Punjab
19990522,0.6,40.02,29.19,Punjab
19990523,1.38,38.69,29.4,Punjab
19990524,0.88,35.93,26.1,Punjab
19990525,0.0,42.98,27.21,Punjab
19990526,0.0,43.84,27.38,Punjab
19990527,0.0,45.23,26.89,Punjab
19990528,0.0,45.56,25.61,Punjab
19990529,0.0,44.79,24.2,Punjab
19990530,0.0,43.63,27.61,Punjab
19990531,0.1,43.04,27.44,Punjab
19990601,0.52,40.38,27.46,Punjab
19990602,3.78,42.31,27.56,Punjab
19990603,3.01,37.47,23.37,Punjab
19990604,1.42,39.89,25.58,Punjab
19990605,2.29,39.36,27.09,Punjab
19990606,0.0,42.79,25.76,Punjab
19990607,0.0,44.41,27.9,Punjab
19990608,6.77,42.93,28.43,Punjab
19990609,0.0,45.29,28.99,Punjab
19990610,1.92,44.44,29.95,Punjab
19990611,3.52,42.56,29.77,Punjab
19990612,4.23,42.56,29.08,Punjab
19990613,0.03,44.08,27.89,Punjab
19990614,0.0,45.19,27.39,Punjab
19990615,0.0,46.41,27.77,Punjab
19990616,0.0,45.89,28.55,Punjab
19990617,0.54,45.07,29.19,Punjab
19990618,0.0,45.49,31.5,Punjab
19990619,11.43,41.98,32.96,Punjab
19990620,3.34,40.3,30.74,Punjab
19990621,5.52,40.04,30.38,Punjab
19990622,0.77,42.59,29.02,Punjab
19990623,0.0,43.94,30.27,Punjab
19990624,0.0,44.29,30.71,Punjab
19990625,0.0,44.66,30.47,Punjab
19990626,0.0,46.26,31.15,Punjab
19990627,0.36,46.25,31.28,Punjab
19990628,3.51,43.41,30.58,Punjab
19990629,1.98,43.57,30.14,Punjab
19990630,0.26,44.9,30.56,Punjab
19990701,0.0,44.32,32.43,Punjab
19990702,0.32,45.8,33.21,Punjab
19990703,0.23,42.82,32.64,Punjab
19990704,0.13,43.41,32.07,Punjab
19990705,0.02,44.23,32.15,Punjab
19990706,0.01,45.31,33.25,Punjab
19990707,1.23,44.88,31.65,Punjab
19990708,0.07,45.3,31.82,Punjab
19990709,0.0,47.61,32.3,Punjab
19990710,0.39,46.54,32.39,Punjab
19990711,1.33,46.13,33.51,Punjab
19990712,11.0,39.29,30.15,Punjab
19990713,0.0,40.74,30.06,Punjab
19990714,0.0,42.86,28.56,Punjab
19990715,0.0,44.27,29.74,Punjab
19990716,0.02,44.11,29.8,Punjab
19990717,0.01,44.11,31.57,Punjab
19990718,0.04,42.86,32.63,Punjab
19990719,0.51,39.53,31.42,Punjab
19990720,19.28,35.67,28.08,Punjab
19990721,5.33,31.52,26.92,Punjab
19990722,0.02,38.91,27.16,Punjab
19990723,4.19,40.12,28.17,Punjab
19990724,0.03,43.24,28.41,Punjab
19990725,0.0,43.68,29.69,Punjab
19990726,0.0,44.34,29.66,Punjab
19990727,0.12,44.21,30.07,Punjab
19990728,0.6,37.91,28.85,Punjab
19990729,2.53,34.97,27.39,Punjab
19990730,1.62,36.43,27.98,Punjab
19990731,12.85,36.73,28.05,Punjab
19990801,0.37,38.88,27.82,Punjab
19990802,0.37,41.35,28.35,Punjab
19990803,4.23,39.2,30.22,Punjab
19990804,0.68,39.38,28.78,Punjab
19990805,6.27,41.1,29.71,Punjab
19990806,0.47,42.61,30.13,Punjab
19990807,0.15,40.82,29.85,Punjab
19990808,0.55,42.3,30.41,Punjab
19990809,0.22,41.73,30.26,Punjab
19990810,0.85,39.91,30.17,Punjab
19990811,25.58,37.06,29.11,Punjab
19990812,49.61,35.92,28.68,Punjab
19990813,20.24,36.08,25.92,Punjab
19990814,0.0,38.09,26.16,Punjab
19990815,0.05,39.02,27.34,Punjab
19990816,0.04,40.36,27.04,Punjab
19990817,0.0,40.42,25.98,Punjab
19990818,0.0,40.11,25.1,Punjab
19990819,0.11,39.6,25.36,Punjab
19990820,0.19,39.49,26.87,Punjab
19990821,0.16,39.86,26.17,Punjab
19990822,0.13,40.65,25.81,Punjab
19990823,0.0,40.66,26.69,Punjab
19990824,0.0,40.43,26.69,Punjab
19990825,0.0,39.69,26.8,Punjab
19990826,1.29,39.5,27.25,Punjab
19990827,2.02,38.82,27.81,Punjab
19990828,0.01,39.32,26.85,Punjab
19990829,0.23,39.55,27.57,Punjab
19990830,0.01,40.23,27.68,Punjab
19990831,0.02,40.64,27.03,Punjab
19990901,0.25,41.45,26.66,Punjab
19990902,0.26,40.46,27.24,Punjab
19990903,0.54,41.13,27.53,Punjab
19990904,0.0,40.95,27.16,Punjab
19990905,2.06,40.32,26.19,Punjab
19990906,2.98,37.69,26.42,Punjab
19990907,0.35,38.65,25.56,Punjab
19990908,0.2,40.32,26.55,Punjab
19990909,0.36,39.62,24.72,Punjab
19990910,9.29,37.03,24.92,Punjab
19990911,0.0,39.37,25.87,Punjab
19990912,0.22,39.1,24.47,Punjab
19990913,0.13,39.86,25.27,Punjab
19990914,5.37,37.91,25.95,Punjab
19990915,0.15,39.21,25.86,Punjab
19990916,0.58,40.47,26.28,Punjab
19990917,0.51,40.68,25.74,Punjab
19990918,0.25,40.2,25.41,Punjab
19990919,2.1,40.45,26.85,Punjab
19990920,0.85,40.07,25.7,Punjab
19990921,0.0,40.39,26.92,Punjab
19990922,0.0,41.25,24.71,Punjab
19990923,0.01,39.71,25.89,Punjab
19990924,0.01,38.1,26.49,Punjab
19990925,0.0,39.66,25.68,Punjab
19990926,0.0,40.26,25.89,Punjab
19990927,0.05,40.51,23.78,Punjab
19990928,0.02,38.6,23.59,Punjab
19990929,21.21,34.89,24.92,Punjab
19990930,3.75,36.28,24.03,Punjab
19991001,0.2,37.56,22.93,Punjab
19991002,0.0,37.4,22.34,Punjab
19991003,0.66,36.66,20.75,Punjab
19991004,0.05,36.8,21.28,Punjab
19991005,0.42,36.33,21.08,Punjab
19991006,0.03,36.92,23.27,Punjab
19991007,0.0,37.63,19.96,Punjab
19991008,0.0,37.3,20.07,Punjab
19991009,0.0,37.15,19.89,Punjab
19991010,0.0,37.09,19.39,Punjab
19991011,0.0,36.91,19.28,Punjab
19991012,0.0,36.06,19.9,Punjab
19991013,0.0,35.73,19.17,Punjab
19991014,0.0,35.44,18.03,Punjab
19991015,0.0,35.44,15.66,Punjab
19991016,0.0,35.53,16.66,Punjab
19991017,0.0,35.89,18.24,Punjab
19991018,0.0,34.34,19.04,Punjab
19991019,0.0,34.81,17.12,Punjab
19991020,0.0,34.94,16.69,Punjab
19991021,0.0,35.85,16.26,Punjab
19991022,0.0,35.97,16.4,Punjab
19991023,0.0,35.06,17.15,Punjab
19991024,0.0,35.03,16.88,Punjab
19991025,0.0,35.26,16.62,Punjab
19991026,0.0,35.78,17.17,Punjab
19991027,0.0,35.74,17.91,Punjab
19991028,0.0,36.39,17.49,Punjab
19991029,0.0,36.92,17.42,Punjab
19991030,0.0,35.36,17.77,Punjab
19991031,0.0,35.37,15.77,Punjab
19991101,0.0,34.88,16.23,Punjab
19991102,0.0,34.79,19.6,Punjab
19991103,0.0,34.28,18.5,Punjab
19991104,0.02,35.09,17.44,Punjab
19991105,0.68,33.23,17.0,Punjab
19991106,0.09,34.4,20.37,Punjab
19991107,0.58,30.43,13.73,Punjab
19991108,0.0,30.86,14.94,Punjab
19991109,0.0,30.31,14.2,Punjab
19991110,0.0,30.65,14.3,Punjab
19991111,0.0,31.22,14.93,Punjab
19991112,0.0,30.68,14.62,Punjab
19991113,0.0,31.74,13.93,Punjab
19991114,0.18,32.4,15.13,Punjab
19991115,0.0,31.24,13.84,Punjab
19991116,0.0,31.02,15.47,Punjab
19991117,0.0,30.67,13.91,Punjab
19991118,0.0,29.32,13.22,Punjab
19991119,0.0,28.44,12.27,Punjab
19991120,0.0,28.97,13.65,Punjab
19991121,0.0,28.4,12.4,Punjab
19991122,0.0,29.63,11.25,Punjab
19991123,0.0,29.57,13.82,Punjab
19991124,0.0,24.36,12.54,Punjab
19991125,0.0,27.17,13.41,Punjab
19991126,0.0,28.22,12.42,Punjab
19991127,0.0,27.19,9.47,Punjab
19991128,0.0,29.91,9.52,Punjab
19991129,0.0,30.33,11.73,Punjab
19991130,0.0,28.88,13.76,Punjab
19991201,0.0,28.55,10.27,Punjab
19991202,0.0,28.86,11.65,Punjab
19991203,0.0,28.04,11.54,Punjab
19991204,0.0,26.84,13.13,Punjab
19991205,0.0,26.51,11.55,Punjab
19991206,0.0,25.79,9.15,Punjab
19991207,0.0,25.52,8.99,Punjab
19991208,0.0,24.92,10.37,Punjab
19991209,0.0,24.43,10.07,Punjab
19991210,0.0,24.73,7.65,Punjab
19991211,0.0,25.42,9.42,Punjab
19991212,0.0,25.13,10.62,Punjab
19991213,0.0,25.77,9.75,Punjab
19991214,0.0,25.33,10.05,Punjab
19991215,0.0,25.84,8.13,Punjab
19991216,0.0,25.76,7.24,Punjab
19991217,0.0,26.55,12.48,Punjab
19991218,0.0,26.31,11.71,Punjab
19991219,0.0,25.68,9.28,Punjab
19991220,0.0,25.5,9.94,Punjab
19991221,0.0,25.11,7.71,Punjab
19991222,0.0,25.84,11.05,Punjab
19991223,0.0,25.66,12.9,Punjab
19991224,0.0,24.9,10.77,Punjab
19991225,0.0,25.15,9.64,Punjab
19991226,0.0,23.51,8.32,Punjab
19991227,0.0,23.8,7.7,Punjab
19991228,0.0,23.97,8.27,Punjab
19991229,0.0,23.8,8.2,Punjab
19991230,0.0,23.82,9.8,Punjab
19991231,0.0,24.43,8.97,Punjab
20000101,0.0,24.55,8.14,Punjab
20000102,0.0,24.05,9.29,Punjab
20000103,0.0,23.51,9.92,Punjab
20000104,0.0,23.58,9.1,Punjab
20000105,0.0,23.2,7.69,Punjab
20000106,0.0,23.56,7.64,Punjab
20000107,0.0,22.74,9.03,Punjab
20000108,0.0,22.01,11.78,Punjab
20000109,0.0,23.42,10.25,Punjab
20000110,0.0,21.42,10.98,Punjab
20000111,0.95,23.72,12.86,Punjab
20000112,23.83,22.73,12.35,Punjab
20000113,0.68,18.78,8.16,Punjab
20000114,0.42,16.86,2.57,Punjab
20000115,0.0,17.77,4.67,Punjab
20000116,0.0,17.67,2.71,Punjab
20000117,0.0,19.73,1.17,Punjab
20000118,0.0,23.65,3.84,Punjab
20000119,0.0,24.35,6.85,Punjab
20000120,0.0,18.83,5.37,Punjab
20000121,0.0,24.01,7.49,Punjab
20000122,0.0,24.05,11.95,Punjab
20000123,0.0,23.68,9.15,Punjab
20000124,0.01,24.68,10.0,Punjab
20000125,4.47,24.17,10.19,Punjab
20000126,0.1,21.19,10.73,Punjab
20000127,0.17,21.28,8.68,Punjab
20000128,0.02,22.49,6.02,Punjab
20000129,0.0,23.81,3.12,Punjab
20000130,0.0,24.95,8.85,Punjab
20000131,0.5,23.35,7.41,Punjab
20000201,0.75,23.29,6.98,Punjab
20000202,0.07,17.99,5.98,Punjab
20000203,0.0,23.51,7.44,Punjab
20000204,1.96,21.84,8.02,Punjab
20000205,0.78,16.59,8.56,Punjab
20000206,0.15,20.11,6.55,Punjab
20000207,0.0,22.9,8.06,Punjab
20000208,0.0,22.49,7.11,Punjab
20000209,0.65,22.74,7.82,Punjab
20000210,6.93,21.05,9.3,Punjab
20000211,6.76,14.7,8.85,Punjab
20000212,0.12,19.28,7.01,Punjab
20000213,0.0,19.8,4.16,Punjab
20000214,0.0,22.7,5.61,Punjab
20000215,0.0,23.53,8.0,Punjab
20000216,0.0,24.12,6.24,Punjab
20000217,0.0,23.52,7.59,Punjab
20000218,0.0,21.78,7.84,Punjab
20000219,0.0,22.43,6.12,Punjab
20000220,0.3,23.01,7.53,Punjab
20000221,0.0,22.68,6.69,Punjab
20000222,0.0,23.49,6.01,Punjab
20000223,0.0,24.64,5.9,Punjab
20000224,0.0,23.64,6.84,Punjab
20000225,0.0,24.26,6.52,Punjab
20000226,0.0,24.96,8.17,Punjab
20000227,0.0,26.87,9.28,Punjab
20000228,0.0,29.52,9.73,Punjab
20000229,0.0,27.12,11.33,Punjab
20000301,0.0,29.17,13.39,Punjab
20000302,0.0,28.38,11.72,Punjab
20000303,0.0,29.13,10.89,Punjab
20000304,0.0,29.27,12.74,Punjab
20000305,0.0,26.03,8.91,Punjab
20000306,0.0,26.4,7.65,Punjab
20000307,0.0,26.86,9.43,Punjab
20000308,0.0,27.76,8.46,Punjab
20000309,0.0,29.1,7.59,Punjab
20000310,0.0,30.95,12.2,Punjab
20000311,0.0,32.08,12.75,Punjab
20000312,0.0,31.58,13.59,Punjab
20000313,0.13,29.26,12.54,Punjab
20000314,0.05,29.44,12.04,Punjab
20000315,0.0,30.71,10.89,Punjab
20000316,0.0,31.86,12.31,Punjab
20000317,0.05,33.94,14.02,Punjab
20000318,0.04,30.7,11.93,Punjab
20000319,0.0,30.72,10.62,Punjab
20000320,0.0,30.34,11.4,Punjab
20000321,0.09,29.51,15.36,Punjab
20000322,0.61,30.64,15.38,Punjab
20000323,0.0,29.32,14.19,Punjab
20000324,1.57,30.15,11.03,Punjab
20000325,0.0,32.97,10.9,Punjab
20000326,0.0,35.2,15.55,Punjab
20000327,0.0,36.47,14.39,Punjab
20000328,0.0,36.65,17.9,Punjab
20000329,0.0,38.26,19.55,Punjab
20000330,0.0,37.51,19.58,Punjab
20000331,0.01,38.41,21.1,Punjab
20000401,0.0,36.72,18.2,Punjab
20000402,0.0,36.48,16.1,Punjab
20000403,0.0,37.88,17.63,Punjab
20000404,0.0,39.21,20.45,Punjab
20000405,0.0,37.86,18.16,Punjab
20000406,0.0,36.8,15.88,Punjab
20000407,0.0,38.2,17.83,Punjab
20000408,0.0,38.69,19.25,Punjab
20000409,0.0,37.84,17.73,Punjab
20000410,0.0,39.85,18.45,Punjab
20000411,0.0,41.13,20.02,Punjab
20000412,0.0,42.88,23.92,Punjab
20000413,0.0,42.54,20.98,Punjab
20000414,0.15,42.05,26.36,Punjab
20000415,0.03,40.48,23.8,Punjab
20000416,0.0,41.02,22.53,Punjab
20000417,0.0,42.68,23.88,Punjab
20000418,0.0,44.0,25.0,Punjab
20000419,0.01,44.4,25.61,Punjab
20000420,0.0,44.43,25.63,Punjab
20000421,0.11,43.13,25.19,Punjab
20000422,0.0,41.72,25.99,Punjab
20000423,0.0,39.87,26.79,Punjab
20000424,0.0,42.1,24.64,Punjab
20000425,0.0,44.34,25.74,Punjab
20000426,0.02,44.2,26.35,Punjab
20000427,0.0,42.51,27.12,Punjab
20000428,0.32,41.7,23.23,Punjab
20000429,0.0,41.8,23.98,Punjab
20000430,0.0,42.77,24.0,Punjab
20000501,0.0,44.55,23.95,Punjab
20000502,0.0,46.33,22.35,Punjab
20000503,0.0,46.78,26.3,Punjab
20000504,0.01,45.86,27.82,Punjab
20000505,2.07,41.57,27.58,Punjab
20000506,2.42,42.02,25.22,Punjab
20000507,2.1,37.99,24.18,Punjab
20000508,0.0,39.81,23.89,Punjab
20000509,0.0,42.09,26.21,Punjab
20000510,0.0,43.33,27.85,Punjab
20000511,0.0,45.26,29.6,Punjab
20000512,0.0,45.7,29.05,Punjab
20000513,2.64,43.49,32.0,Punjab
20000514,0.21,43.58,28.99,Punjab
20000515,0.01,45.29,30.93,Punjab
20000516,0.05,44.68,31.18,Punjab
20000517,0.0,44.29,29.1,Punjab
20000518,0.0,45.75,29.3,Punjab
20000519,0.48,45.79,30.1,Punjab
20000520,0.0,47.13,31.69,Punjab
20000521,0.02,46.93,30.06,Punjab
20000522,0.0,45.99,27.2,Punjab
20000523,0.32,45.36,31.56,Punjab
20000524,0.0,44.64,31.34,Punjab
20000525,0.0,46.15,30.39,Punjab
20000526,5.96,44.4,29.5,Punjab
20000527,0.0,45.35,29.54,Punjab
20000528,0.01,45.14,29.31,Punjab
20000529,0.0,46.14,28.6,Punjab
20000530,0.0,44.47,28.85,Punjab
20000531,3.29,42.83,29.48,Punjab
20000601,0.0,44.14,29.68,Punjab
20000602,0.02,46.02,29.81,Punjab
20000603,0.05,43.98,30.58,Punjab
20000604,6.11,43.17,30.73,Punjab
20000605,2.03,41.39,27.38,Punjab
20000606,0.13,43.42,29.98,Punjab
20000607,23.87,37.8,26.99,Punjab
20000608,32.22,37.06,25.61,Punjab
20000609,10.88,36.32,24.49,Punjab
20000610,0.34,39.13,24.42,Punjab
20000611,0.0,40.89,25.78,Punjab
20000612,0.0,42.46,26.01,Punjab
20000613,0.41,43.29,28.11,Punjab
20000614,0.8,43.52,28.34,Punjab
20000615,0.03,43.95,28.99,Punjab
20000616,0.08,43.91,29.03,Punjab
20000617,0.08,42.71,28.45,Punjab
20000618,0.0,44.19,27.04,Punjab
20000619,0.0,42.31,27.08,Punjab
20000620,0.1,42.24,28.7,Punjab
20000621,1.14,42.84,29.0,Punjab
20000622,0.91,44.28,27.28,Punjab
20000623,10.79,38.89,27.09,Punjab
20000624,0.15,41.5,27.91,Punjab
20000625,0.01,42.08,29.88,Punjab
20000626,0.21,40.39,29.45,Punjab
20000627,0.41,43.3,29.2,Punjab
20000628,0.0,43.03,30.16,Punjab
20000629,0.02,41.89,29.77,Punjab
20000630,0.16,39.66,29.26,Punjab
20000701,9.25,39.21,29.72,Punjab
20000702,5.63,38.79,27.85,Punjab
20000703,0.42,40.26,27.97,Punjab
20000704,0.16,41.55,29.64,Punjab
20000705,0.0,43.12,30.95,Punjab
20000706,0.0,45.34,30.12,Punjab
20000707,0.09,45.93,33.97,Punjab
20000708,0.24,43.52,31.9,Punjab
20000709,4.96,41.84,29.99,Punjab
20000710,8.32,41.53,30.4,Punjab
20000711,2.47,42.21,29.25,Punjab
20000712,0.62,39.23,29.22,Punjab
20000713,1.41,37.99,29.37,Punjab
20000714,10.89,35.67,29.68,Punjab
20000715,7.12,33.05,28.35,Punjab
20000716,8.13,34.25,27.68,Punjab
20000717,15.4,32.51,26.79,Punjab
20000718,8.51,37.54,25.96,Punjab
20000719,0.73,37.15,27.09,Punjab
20000720,0.58,37.97,27.27,Punjab
20000721,9.66,35.18,28.25,Punjab
20000722,7.02,32.36,25.87,Punjab
20000723,20.26,33.12,24.94,Punjab
20000724,28.27,32.31,25.81,Punjab
20000725,3.03,37.48,26.01,Punjab
20000726,0.2,39.92,27.15,Punjab
20000727,0.01,39.27,26.77,Punjab
20000728,0.01,36.83,27.0,Punjab
20000729,0.01,38.18,25.69,Punjab
20000730,5.02,36.0,26.99,Punjab
20000731,1.2,39.53,25.94,Punjab
20000801,0.95,38.93,27.01,Punjab
20000802,0.68,37.31,26.8,Punjab
20000803,0.79,37.11,27.02,Punjab
20000804,0.08,38.83,26.43,Punjab
20000805,0.0,39.99,27.85,Punjab
20000806,0.0,40.73,28.27,Punjab
20000807,0.01,40.92,28.67,Punjab
20000808,0.0,41.63,29.27,Punjab
20000809,0.07,38.43,29.6,Punjab
20000810,2.98,38.63,28.04,Punjab
20000811,0.59,36.38,26.76,Punjab
20000812,2.56,38.22,26.27,Punjab
20000813,1.09,38.27,26.9,Punjab
20000814,0.89,40.32,27.74,Punjab
20000815,0.75,40.23,28.65,Punjab
20000816,2.44,40.72,29.54,Punjab
20000817,0.09,41.69,29.67,Punjab
20000818,1.83,40.39,29.7,Punjab
20000819,4.57,38.34,26.68,Punjab
20000820,0.13,40.26,27.2,Punjab
20000821,0.77,40.64,26.89,Punjab
20000822,0.7,40.58,26.69,Punjab
20000823,1.27,39.06,27.11,Punjab
20000824,0.26,39.71,27.07,Punjab
20000825,0.04,40.17,29.05,Punjab
20000826,0.0,35.72,29.04,Punjab
20000827,0.49,40.18,26.83,Punjab
20000828,2.42,42.42,28.84,Punjab
20000829,1.42,41.79,29.61,Punjab
20000830,16.29,39.3,28.8,Punjab
20000831,6.4,38.4,27.45,Punjab
20000901,0.05,39.63,27.67,Punjab
20000902,0.01,40.61,28.46,Punjab
20000903,0.29,40.82,26.62,Punjab
20000904,0.31,41.11,27.0,Punjab
20000905,1.72,40.62,27.13,Punjab
20000906,0.05,41.49,26.94,Punjab
20000907,5.87,40.52,26.19,Punjab
20000908,1.29,40.31,26.81,Punjab
20000909,12.59,39.3,27.06,Punjab
20000910,4.25,38.07,25.92,Punjab
20000911,0.04,38.2,26.44,Punjab
20000912,0.0,39.87,24.62,Punjab
20000913,0.1,39.44,24.9,Punjab
20000914,0.0,40.67,24.5,Punjab
20000915,0.09,40.15,23.12,Punjab
20000916,0.02,40.59,24.78,Punjab
20000917,0.0,40.35,23.72,Punjab
20000918,0.0,39.99,23.72,Punjab
20000919,0.1,39.79,24.4,Punjab
20000920,0.82,38.75,25.31,Punjab
20000921,1.07,37.61,23.85,Punjab
20000922,0.14,37.69,24.17,Punjab
20000923,0.0,37.23,23.47,Punjab
20000924,0.0,37.53,24.08,Punjab
20000925,0.0,38.34,23.2,Punjab
20000926,11.98,35.07,23.26,Punjab
20000927,0.0,36.73,22.15,Punjab
20000928,0.0,36.79,21.87,Punjab
20000929,0.0,37.13,20.07,Punjab
20000930,0.0,36.98,19.34,Punjab
20001001,0.0,37.45,19.74,Punjab
20001002,0.0,37.87,19.53,Punjab
20001003,0.0,38.27,21.79,Punjab
20001004,0.0,38.03,19.9,Punjab
20001005,0.0,36.73,21.05,Punjab
20001006,0.0,36.84,20.96,Punjab
20001007,0.0,36.93,21.54,Punjab
20001008,0.0,37.64,22.18,Punjab
20001009,0.0,37.96,22.07,Punjab
20001010,0.0,38.15,21.18,Punjab
20001011,0.0,37.51,20.49,Punjab
20001012,0.0,36.71,20.88,Punjab
20001013,0.0,36.55,19.7,Punjab
20001014,0.0,36.22,18.46,Punjab
20001015,0.0,37.07,18.14,Punjab
20001016,0.0,38.09,18.65,Punjab
20001017,0.0,38.26,18.9,Punjab
20001018,0.0,38.99,18.16,Punjab
20001019,0.0,37.84,18.5,Punjab
20001020,0.0,36.96,18.38,Punjab
20001021,0.0,37.39,20.23,Punjab
20001022,0.0,36.34,17.82,Punjab
20001023,0.0,36.59,17.92,Punjab
20001024,0.0,36.11,17.72,Punjab
20001025,0.0,35.36,19.44,Punjab
20001026,0.0,35.41,18.53,Punjab
20001027,0.0,35.43,18.19,Punjab
20001028,0.0,35.23,17.61,Punjab
20001029,0.0,33.16,14.18,Punjab
20001030,0.0,31.95,14.38,Punjab
20001031,0.0,32.29,15.7,Punjab
20001101,0.0,31.17,14.56,Punjab
20001102,0.0,31.12,15.23,Punjab
20001103,0.0,31.44,17.57,Punjab
20001104,0.0,31.79,18.25,Punjab
20001105,0.0,31.89,17.53,Punjab
20001106,0.0,33.25,16.09,Punjab
20001107,0.0,33.37,17.18,Punjab
20001108,0.01,28.92,17.52,Punjab
20001109,0.27,32.79,17.74,Punjab
20001110,0.0,30.32,14.78,Punjab
20001111,0.0,30.38,15.95,Punjab
20001112,0.0,26.61,16.09,Punjab
20001113,0.0,30.96,16.97,Punjab
20001114,0.08,30.33,15.74,Punjab
20001115,0.0,29.82,12.01,Punjab
20001116,0.0,30.35,14.02,Punjab
20001117,0.0,29.16,12.88,Punjab
20001118,0.0,28.52,12.88,Punjab
20001119,0.0,29.26,13.62,Punjab
20001120,0.0,30.22,13.67,Punjab
20001121,0.0,29.93,13.6,Punjab
20001122,0.0,28.09,13.17,Punjab
20001123,1.0,29.47,15.61,Punjab
20001124,0.74,28.72,15.1,Punjab
20001125,0.0,27.19,10.74,Punjab
20001126,0.0,26.59,11.76,Punjab
20001127,0.0,26.69,12.86,Punjab
20001128,0.0,27.05,12.15,Punjab
20001129,0.0,25.28,10.82,Punjab
20001130,0.0,24.73,8.7,Punjab
20001201,0.0,24.84,7.52,Punjab
20001202,0.0,24.99,6.73,Punjab
20001203,0.0,26.33,10.36,Punjab
20001204,0.0,26.76,8.99,Punjab
20001205,0.0,27.07,11.97,Punjab
20001206,0.0,27.12,10.8,Punjab
20001207,0.0,26.46,11.38,Punjab
20001208,0.01,27.58,12.24,Punjab
20001209,0.0,25.7,9.56,Punjab
20001210,0.0,24.65,9.54,Punjab
20001211,0.0,24.9,10.13,Punjab
20001212,0.0,25.02,6.93,Punjab
20001213,0.0,26.14,10.91,Punjab
20001214,0.0,26.47,10.42,Punjab
20001215,0.0,26.75,13.49,Punjab
20001216,0.15,27.16,14.24,Punjab
20001217,0.38,26.76,12.3,Punjab
20001218,0.0,25.63,11.62,Punjab
20001219,0.0,24.7,7.43,Punjab
20001220,0.0,25.51,5.72,Punjab
20001221,0.0,25.35,4.92,Punjab
20001222,0.0,24.04,5.67,Punjab
20001223,0.0,24.62,9.63,Punjab
20001224,0.0,24.02,9.01,Punjab
20001225,0.0,24.47,8.58,Punjab
20001226,0.0,24.49,8.7,Punjab
20001227,0.0,24.52,9.83,Punjab
20001228,0.0,24.37,7.93,Punjab
20001229,0.0,25.47,9.58,Punjab
20001230,0.0,25.74,9.38,Punjab
20001231,1.66,23.46,10.62,Punjab
20010101,11.01,15.79,8.57,Punjab
20010102,0.0,20.65,6.2,Punjab
20010103,0.0,20.56,6.8,Punjab
20010104,0.0,21.34,4.95,Punjab
20010105,0.0,21.36,3.67,Punjab
20010106,0.0,20.22,6.6,Punjab
20010107,0.0,19.01,5.08,Punjab
20010108,0.0,17.59,4.77,Punjab
20010109,0.0,20.79,2.55,Punjab
20010110,0.0,20.47,2.79,Punjab
20010111,0.0,20.16,3.2,Punjab
20010112,0.0,20.06,6.79,Punjab
20010113,0.0,19.98,5.94,Punjab
20010114,0.0,21.93,3.69,Punjab
20010115,0.0,21.89,7.28,Punjab
20010116,0.0,22.44,4.97,Punjab
20010117,0.0,22.84,8.29,Punjab
20010118,0.0,23.39,8.04,Punjab
20010119,0.0,23.35,7.82,Punjab
20010120,0.0,23.01,9.13,Punjab
20010121,0.0,22.72,5.5,Punjab
20010122,0.34,20.65,5.34,Punjab
20010123,0.03,20.49,6.55,Punjab
20010124,0.0,21.46,2.87,Punjab
20010125,0.0,23.0,1.78,Punjab
20010126,0.0,25.36,7.58,Punjab
20010127,0.0,25.76,5.55,Punjab
20010128,0.0,26.74,4.6,Punjab
20010129,0.0,26.68,9.05,Punjab
20010130,0.0,28.21,8.83,Punjab
20010131,0.0,25.38,7.8,Punjab
20010201,0.0,23.75,3.32,Punjab
20010202,0.0,23.02,2.47,Punjab
20010203,0.0,23.6,2.67,Punjab
20010204,0.0,24.0,5.82,Punjab
20010205,0.0,25.1,7.22,Punjab
20010206,0.0,26.01,6.91,Punjab
20010207,0.0,25.78,5.41,Punjab
20010208,0.0,27.05,5.44,Punjab
20010209,0.0,27.0,5.2,Punjab
20010210,0.0,27.84,9.87,Punjab
20010211,0.0,27.71,8.94,Punjab
20010212,0.0,28.04,8.16,Punjab
20010213,0.01,29.09,10.13,Punjab
20010214,0.02,29.44,13.27,Punjab
20010215,0.0,28.59,10.52,Punjab
20010216,0.85,25.31,11.52,Punjab
20010217,0.0,28.89,13.43,Punjab
20010218,0.0,29.0,13.4,Punjab
20010219,0.0,28.91,9.62,Punjab
20010220,1.02,26.03,12.09,Punjab
20010221,0.0,27.17,12.67,Punjab
20010222,0.0,30.2,13.52,Punjab
20010223,0.02,29.41,14.75,Punjab
20010224,0.32,30.58,16.13,Punjab
20010225,1.52,28.44,13.73,Punjab
20010226,0.11,26.59,12.16,Punjab
20010227,0.0,27.28,11.22,Punjab
20010228,0.0,28.51,9.58,Punjab
20010301,0.0,28.12,10.87,Punjab
20010302,0.0,29.57,8.48,Punjab
20010303,0.0,28.95,11.82,Punjab
20010304,0.0,29.3,11.42,Punjab
20010305,0.0,30.08,8.8,Punjab
20010306,0.0,30.89,13.57,Punjab
20010307,0.0,32.03,14.99,Punjab
20010308,0.0,32.15,13.33,Punjab
20010309,0.0,32.18,13.95,Punjab
20010310,0.0,32.66,14.49,Punjab
20010311,0.0,34.0,14.35,Punjab
20010312,0.0,31.81,14.03,Punjab
20010313,0.66,32.83,17.89,Punjab
20010314,0.32,32.44,14.9,Punjab
20010315,0.0,32.96,15.68,Punjab
20010316,0.0,32.34,13.54,Punjab
20010317,0.0,33.65,14.48,Punjab
20010318,0.0,34.94,15.39,Punjab
20010319,0.1,34.09,18.45,Punjab
20010320,0.47,34.99,19.48,Punjab
20010321,0.08,31.67,17.2,Punjab
20010322,0.09,32.62,17.58,Punjab
20010323,0.0,32.68,16.21,Punjab
20010324,0.0,33.21,16.44,Punjab
20010325,0.0,34.75,17.24,Punjab
20010326,0.0,35.72,18.21,Punjab
20010327,0.0,37.51,17.97,Punjab
20010328,1.82,33.55,21.05,Punjab
20010329,9.32,33.77,17.73,Punjab
20010330,0.03,28.66,17.38,Punjab
20010331,0.59,31.1,15.57,Punjab
20010401,0.0,32.19,14.95,Punjab
20010402,0.0,33.78,16.83,Punjab
20010403,0.0,35.75,16.77,Punjab
20010404,0.0,35.25,18.35,Punjab
20010405,0.0,37.35,17.19,Punjab
20010406,0.0,38.08,17.46,Punjab
20010407,0.0,39.32,19.65,Punjab
20010408,0.0,40.47,21.69,Punjab
20010409,0.0,40.98,18.97,Punjab
20010410,0.0,38.37,23.74,Punjab
20010411,0.0,40.59,23.35,Punjab
20010412,0.46,36.54,23.81,Punjab
20010413,0.41,36.45,21.72,Punjab
20010414,0.14,34.99,22.04,Punjab
20010415,2.36,36.32,23.12,Punjab
20010416,1.92,34.33,22.67,Punjab
20010417,11.03,24.23,18.45,Punjab
20010418,0.03,30.96,16.76,Punjab
20010419,0.7,31.62,19.14,Punjab
20010420,0.0,31.47,17.37,Punjab
20010421,0.0,35.41,17.31,Punjab
20010422,0.0,38.63,17.62,Punjab
20010423,0.0,40.48,19.79,Punjab
20010424,0.0,38.94,23.0,Punjab
20010425,0.0,41.35,22.87,Punjab
20010426,0.0,41.88,22.93,Punjab
20010427,0.0,43.45,24.42,Punjab
20010428,0.0,43.7,24.92,Punjab
20010429,0.0,44.24,24.57,Punjab
20010430,0.0,45.22,26.11,Punjab
20010501,0.02,44.95,27.13,Punjab
20010502,0.04,44.11,26.79,Punjab
20010503,0.0,44.32,27.41,Punjab
20010504,0.07,44.33,26.74,Punjab
20010505,0.0,45.25,24.97,Punjab
20010506,0.05,45.82,25.81,Punjab
20010507,0.0,44.24,27.93,Punjab
20010508,4.88,43.52,27.43,Punjab
20010509,0.0,45.17,27.69,Punjab
20010510,0.0,46.82,26.2,Punjab
20010511,0.0,47.78,26.49,Punjab
20010512,0.0,46.28,27.29,Punjab
20010513,0.0,47.08,27.23,Punjab
20010514,0.0,46.54,28.08,Punjab
20010515,1.21,42.98,29.47,Punjab
20010516,2.65,40.72,26.36,Punjab
20010517,4.32,39.12,25.29,Punjab
20010518,0.12,37.88,27.1,Punjab
20010519,1.93,38.42,27.21,Punjab
20010520,2.0,36.96,26.24,Punjab
20010521,0.03,39.95,27.14,Punjab
20010522,0.09,40.75,28.67,Punjab
20010523,0.0,43.52,27.11,Punjab
20010524,0.0,45.05,29.18,Punjab
20010525,0.0,46.26,28.98,Punjab
20010526,0.06,46.29,29.57,Punjab
20010527,1.01,45.88,27.41,Punjab
20010528,7.58,43.08,29.34,Punjab
20010529,5.52,38.16,29.68,Punjab
20010530,0.84,40.78,29.1,Punjab
20010531,0.92,42.4,27.86,Punjab
20010601,0.61,43.5,28.91,Punjab
20010602,1.08,43.72,29.75,Punjab
20010603,0.01,42.99,29.71,Punjab
20010604,3.09,39.57,31.36,Punjab
20010605,9.95,36.14,26.2,Punjab
20010606,2.45,38.96,26.36,Punjab
20010607,1.51,39.54,27.53,Punjab
20010608,1.08,39.77,27.31,Punjab
20010609,0.09,40.62,27.84,Punjab
20010610,0.08,42.22,28.9,Punjab
20010611,0.02,43.08,28.89,Punjab
20010612,0.86,42.89,29.45,Punjab
20010613,6.34,42.33,30.74,Punjab
20010614,6.74,37.45,29.64,Punjab
20010615,6.84,37.74,29.64,Punjab
20010616,7.38,38.81,28.42,Punjab
20010617,0.47,37.93,28.59,Punjab
20010618,0.04,40.9,27.43,Punjab
20010619,0.2,41.5,27.96,Punjab
20010620,1.6,43.64,28.36,Punjab
20010621,2.96,42.66,31.34,Punjab
20010622,0.26,42.78,30.84,Punjab
20010623,6.69,38.72,29.07,Punjab
20010624,0.2,40.21,29.88,Punjab
20010625,1.74,40.73,28.63,Punjab
20010626,1.41,41.57,28.36,Punjab
20010627,0.27,42.17,29.01,Punjab
20010628,0.08,43.93,31.46,Punjab
20010629,8.89,42.05,30.81,Punjab
20010630,7.73,40.29,30.49,Punjab
20010701,3.84,33.2,29.81,Punjab
20010702,7.73,36.4,28.73,Punjab
20010703,16.76,34.89,29.5,Punjab
20010704,2.47,36.47,28.23,Punjab
20010705,0.64,40.31,29.4,Punjab
20010706,0.14,41.84,30.23,Punjab
20010707,12.21,39.67,30.01,Punjab
20010708,5.45,33.13,27.3,Punjab
20010709,1.79,40.9,26.64,Punjab
20010710,2.32,41.07,30.43,Punjab
20010711,18.2,35.67,28.27,Punjab
20010712,0.68,38.62,26.86,Punjab
20010713,7.38,34.89,27.71,Punjab
20010714,4.68,37.78,27.37,Punjab
20010715,15.89,36.86,29.09,Punjab
20010716,18.28,34.51,27.39,Punjab
20010717,1.8,37.38,27.35,Punjab
20010718,0.0,39.27,27.3,Punjab
20010719,0.08,40.23,27.11,Punjab
20010720,0.23,38.74,27.18,Punjab
20010721,0.39,39.93,28.25,Punjab
20010722,0.66,33.06,28.76,Punjab
20010723,2.1,33.62,27.75,Punjab
20010724,24.49,33.35,28.51,Punjab
20010725,11.02,35.8,27.1,Punjab
20010726,4.66,35.61,28.15,Punjab
20010727,7.13,36.68,28.83,Punjab
20010728,3.09,37.68,27.67,Punjab
20010729,20.41,35.7,28.06,Punjab
20010730,18.74,33.53,26.15,Punjab
20010731,0.36,35.65,26.62,Punjab
20010801,0.0,36.84,24.75,Punjab
20010802,0.05,38.35,24.18,Punjab
20010803,0.04,38.65,25.85,Punjab
20010804,1.37,36.69,27.2,Punjab
20010805,1.26,37.0,27.03,Punjab
20010806,0.35,36.13,27.32,Punjab
20010807,0.29,36.9,26.72,Punjab
20010808,0.16,36.07,27.19,Punjab
20010809,3.75,35.11,27.38,Punjab
20010810,12.1,34.11,26.48,Punjab
20010811,4.96,35.91,26.67,Punjab
20010812,0.81,38.43,27.8,Punjab
20010813,4.99,38.29,28.35,Punjab
20010814,18.54,34.11,27.87,Punjab
20010815,11.24,35.68,26.71,Punjab
20010816,5.23,35.68,27.74,Punjab
20010817,3.33,37.21,27.34,Punjab
20010818,1.37,38.79,28.41,Punjab
20010819,0.07,38.69,25.2,Punjab
20010820,0.03,37.31,26.02,Punjab
20010821,0.02,39.3,26.88,Punjab
20010822,0.06,39.43,26.97,Punjab
20010823,0.23,38.93,26.7,Punjab
20010824,0.07,37.58,27.51,Punjab
20010825,0.0,38.51,26.84,Punjab
20010826,0.06,39.34,26.71,Punjab
20010827,0.02,39.58,25.37,Punjab
20010828,0.13,40.28,25.41,Punjab
20010829,0.12,39.29,24.54,Punjab
20010830,0.26,38.88,24.57,Punjab
20010831,0.14,40.28,25.92,Punjab
20010901,0.0,40.15,28.69,Punjab
20010902,0.08,40.19,27.39,Punjab
20010903,5.92,39.4,27.64,Punjab
20010904,0.85,38.88,26.32,Punjab
20010905,2.69,37.51,27.17,Punjab
20010906,0.87,37.81,26.76,Punjab
20010907,0.06,38.67,26.92,Punjab
20010908,0.0,38.69,25.95,Punjab
20010909,0.08,39.7,25.93,Punjab
20010910,0.01,38.88,24.73,Punjab
20010911,0.06,39.21,24.84,Punjab
20010912,0.16,39.13,26.69,Punjab
20010913,0.0,37.76,25.81,Punjab
20010914,14.36,35.73,26.02,Punjab
20010915,0.0,37.5,23.73,Punjab
20010916,0.0,36.66,22.58,Punjab
20010917,0.0,37.66,22.34,Punjab
20010918,0.0,38.64,22.65,Punjab
20010919,0.0,38.83,22.34,Punjab
20010920,0.0,38.8,21.01,Punjab
20010921,0.0,39.15,24.75,Punjab
20010922,0.0,38.72,22.99,Punjab
20010923,0.0,38.33,22.89,Punjab
20010924,0.0,38.59,22.22,Punjab
20010925,0.0,38.95,21.96,Punjab
20010926,0.04,38.61,22.0,Punjab
20010927,0.0,39.01,22.4,Punjab
20010928,0.0,39.05,19.31,Punjab
20010929,0.08,39.03,19.41,Punjab
20010930,0.07,38.59,21.87,Punjab
20011001,0.04,38.22,23.71,Punjab
20011002,0.0,37.4,25.34,Punjab
20011003,0.05,37.73,23.44,Punjab
20011004,0.02,36.91,22.47,Punjab
20011005,0.01,37.58,22.76,Punjab
20011006,0.0,37.47,20.6,Punjab
20011007,0.0,37.76,20.26,Punjab
20011008,0.0,37.97,19.31,Punjab
20011009,0.0,38.35,22.07,Punjab
20011010,0.0,37.6,19.96,Punjab
20011011,0.0,37.25,19.36,Punjab
20011012,0.01,36.8,19.55,Punjab
20011013,0.0,36.16,20.65,Punjab
20011014,0.0,34.64,19.58,Punjab
20011015,0.0,34.8,20.04,Punjab
20011016,0.0,35.05,18.21,Punjab
20011017,0.0,35.4,18.72,Punjab
20011018,0.0,35.08,18.24,Punjab
20011019,0.0,36.04,16.62,Punjab
20011020,0.0,36.21,18.96,Punjab
20011021,0.0,35.0,17.83,Punjab
20011022,0.0,35.08,17.8,Punjab
20011023,0.0,35.58,19.18,Punjab
20011024,0.0,36.16,19.85,Punjab
20011025,0.0,35.56,19.0,Punjab
20011026,0.0,36.01,20.19,Punjab
20011027,0.0,35.73,18.18,Punjab
20011028,0.0,33.05,16.63,Punjab
20011029,0.0,32.88,16.29,Punjab
20011030,0.0,33.17,17.14,Punjab
20011031,0.0,35.95,19.73,Punjab
20011101,0.0,35.89,19.52,Punjab
20011102,0.01,36.0,18.87,Punjab
20011103,0.25,34.86,19.25,Punjab
20011104,0.01,31.69,17.33,Punjab
20011105,0.0,30.67,15.37,Punjab
20011106,0.0,31.5,15.67,Punjab
20011107,0.0,29.93,16.23,Punjab
20011108,0.0,29.93,15.22,Punjab
20011109,0.0,31.04,14.92,Punjab
20011110,0.15,30.17,15.5,Punjab
20011111,0.0,29.93,13.42,Punjab
20011112,0.0,31.37,12.95,Punjab
20011113,0.0,32.32,11.9,Punjab
20011114,0.0,31.58,13.39,Punjab
20011115,0.0,30.76,11.46,Punjab
20011116,0.0,30.76,12.36,Punjab
20011117,0.0,30.85,15.06,Punjab
20011118,0.0,31.05,12.67,Punjab
20011119,0.0,30.02,12.98,Punjab
20011120,0.0,28.96,13.73,Punjab
20011121,0.0,29.48,15.16,Punjab
20011122,0.0,29.66,13.69,Punjab
20011123,0.0,29.46,11.24,Punjab
20011124,0.0,28.01,13.18,Punjab
20011125,0.0,28.07,11.63,Punjab
20011126,0.0,27.43,12.5,Punjab
20011127,0.0,26.64,12.58,Punjab
20011128,0.0,25.58,13.22,Punjab
20011129,0.0,25.95,13.25,Punjab
20011130,0.0,27.14,10.41,Punjab
20011201,0.0,26.51,10.29,Punjab
20011202,0.0,27.82,10.81,Punjab
20011203,0.0,28.28,11.83,Punjab
20011204,0.0,27.87,14.53,Punjab
20011205,0.0,27.04,13.91,Punjab
20011206,0.0,27.73,12.45,Punjab
20011207,0.0,28.78,14.38,Punjab
20011208,0.03,28.3,13.7,Punjab
20011209,0.0,27.62,11.5,Punjab
20011210,0.0,25.22,9.26,Punjab
20011211,0.17,25.07,10.05,Punjab
20011212,0.0,25.59,11.22,Punjab
20011213,0.0,26.51,10.14,Punjab
20011214,0.11,24.14,11.71,Punjab
20011215,5.79,19.5,10.76,Punjab
20011216,0.01,23.0,9.99,Punjab
20011217,0.0,22.55,8.49,Punjab
20011218,0.77,23.59,9.58,Punjab
20011219,0.0,23.7,9.51,Punjab
20011220,0.0,23.22,7.47,Punjab
20011221,0.0,23.0,7.73,Punjab
20011222,0.0,22.34,8.56,Punjab
20011223,0.0,22.37,8.76,Punjab
20011224,0.0,22.73,7.94,Punjab
20011225,0.2,23.85,9.86,Punjab
20011226,0.0,21.8,8.89,Punjab
20011227,0.0,20.52,8.85,Punjab
20011228,0.0,20.18,10.04,Punjab
20011229,0.0,21.47,7.79,Punjab
20011230,0.0,21.76,6.69,Punjab
20011231,0.0,21.11,6.17,Punjab
20020101,0.0,22.58,6.86,Punjab
20020102,0.0,22.42,8.36,Punjab
20020103,0.0,22.4,8.03,Punjab
20020104,0.0,22.94,8.68,Punjab
20020105,0.0,22.58,9.29,Punjab
20020106,0.0,21.12,8.51,Punjab
20020107,0.0,22.37,7.28,Punjab
20020108,0.0,23.28,7.18,Punjab
20020109,0.0,23.25,7.37,Punjab
20020110,0.0,23.05,8.88,Punjab
20020111,0.0,24.61,5.07,Punjab
20020112,0.0,27.09,6.9,Punjab
20020113,0.03,25.06,11.24,Punjab
20020114,0.69,23.11,11.31,Punjab
20020115,0.83,19.1,10.78,Punjab
20020116,0.02,20.33,8.73,Punjab
20020117,0.02,19.82,10.18,Punjab
20020118,0.04,20.57,10.4,Punjab
20020119,0.04,21.26,8.4,Punjab
20020120,0.0,20.99,9.33,Punjab
20020121,0.0,21.81,7.82,Punjab
20020122,0.0,21.25,6.97,Punjab
20020123,0.0,21.64,8.2,Punjab
20020124,0.0,22.8,6.63,Punjab
20020125,0.11,21.8,7.19,Punjab
20020126,0.05,22.74,8.93,Punjab
20020127,0.1,21.25,7.86,Punjab
20020128,0.44,21.32,4.66,Punjab
20020129,0.0,21.76,7.23,Punjab
20020130,0.0,22.35,7.14,Punjab
20020131,0.0,22.94,5.6,Punjab
20020201,0.0,24.6,7.41,Punjab
20020202,0.0,24.66,8.86,Punjab
20020203,0.0,23.63,5.03,Punjab
20020204,0.0,24.28,4.11,Punjab
20020205,0.01,24.04,7.9,Punjab
20020206,0.0,25.49,9.42,Punjab
20020207,0.07,23.47,6.65,Punjab
20020208,1.09,22.06,5.89,Punjab
20020209,0.49,20.21,1.91,Punjab
20020210,0.0,23.24,2.34,Punjab
20020211,13.24,16.84,8.31,Punjab
20020212,1.1,21.18,6.62,Punjab
20020213,0.08,24.12,6.46,Punjab
20020214,0.0,25.47,5.7,Punjab
20020215,0.0,26.01,7.55,Punjab
20020216,0.0,27.91,11.96,Punjab
20020217,0.0,27.76,11.75,Punjab
20020218,0.0,28.61,11.06,Punjab
20020219,0.0,29.37,12.18,Punjab
20020220,0.0,27.34,13.83,Punjab
20020221,0.19,29.5,12.17,Punjab
20020222,2.31,26.2,13.55,Punjab
20020223,0.67,25.7,12.16,Punjab
20020224,0.26,27.84,12.08,Punjab
20020225,1.03,25.46,10.51,Punjab
20020226,0.37,25.14,11.71,Punjab
20020227,0.0,25.83,10.42,Punjab
20020228,0.02,28.89,9.78,Punjab
20020301,5.0,25.49,14.14,Punjab
20020302,3.51,22.91,12.99,Punjab
20020303,0.0,25.84,12.24,Punjab
20020304,0.0,28.12,9.16,Punjab
20020305,0.0,29.66,10.5,Punjab
20020306,0.0,30.43,11.72,Punjab
20020307,0.0,26.61,14.16,Punjab
20020308,0.06,29.84,13.96,Punjab
20020309,3.13,29.93,15.01,Punjab
20020310,0.06,30.6,15.31,Punjab
20020311,0.01,30.13,12.22,Punjab
20020312,0.0,31.14,12.73,Punjab
20020313,0.0,32.37,14.23,Punjab
20020314,0.0,31.58,14.44,Punjab
20020315,0.0,33.21,14.98,Punjab
20020316,0.0,34.66,16.3,Punjab
20020317,0.0,36.66,18.18,Punjab
20020318,0.0,37.49,17.94,Punjab
20020319,0.0,38.38,19.69,Punjab
20020320,0.0,36.94,19.91,Punjab
20020321,0.8,35.69,20.0,Punjab
20020322,0.0,36.16,19.92,Punjab
20020323,0.04,36.9,20.03,Punjab
20020324,0.3,36.77,18.62,Punjab
20020325,1.58,34.88,18.52,Punjab
20020326,0.01,34.42,17.53,Punjab
20020327,0.0,36.45,17.33,Punjab
20020328,0.0,36.71,17.96,Punjab
20020329,0.0,37.5,19.11,Punjab
20020330,0.0,39.2,20.02,Punjab
20020331,0.07,39.28,20.45,Punjab
20020401,0.03,38.83,21.05,Punjab
20020402,0.04,36.92,19.48,Punjab
20020403,0.0,37.85,16.15,Punjab
20020404,0.0,37.08,19.81,Punjab
20020405,0.0,39.94,20.4,Punjab
20020406,0.24,39.2,23.73,Punjab
20020407,1.2,39.18,23.22,Punjab
20020408,1.23,36.93,19.16,Punjab
20020409,0.07,36.42,18.9,Punjab
20020410,0.14,37.27,21.48,Punjab
20020411,0.0,39.51,21.09,Punjab
20020412,0.0,40.55,19.99,Punjab
20020413,0.0,40.81,24.57,Punjab
20020414,0.0,41.73,24.61,Punjab
20020415,0.0,41.15,23.87,Punjab
20020416,0.0,40.06,25.65,Punjab
20020417,0.0,39.64,24.88,Punjab
20020418,0.0,41.41,22.24,Punjab
20020419,0.0,42.52,21.75,Punjab
20020420,0.0,43.66,24.41,Punjab
20020421,0.0,43.94,26.04,Punjab
20020422,0.0,44.33,25.95,Punjab
20020423,0.0,44.28,26.58,Punjab
20020424,1.62,42.39,25.72,Punjab
20020425,0.21,39.85,24.06,Punjab
20020426,0.85,38.14,20.63,Punjab
20020427,0.0,40.01,21.3,Punjab
20020428,0.0,40.92,21.84,Punjab
20020429,0.08,39.48,18.99,Punjab
20020430,0.0,40.93,20.32,Punjab
20020501,0.0,41.99,23.03,Punjab
20020502,0.02,42.44,26.45,Punjab
20020503,0.0,43.68,25.5,Punjab
20020504,0.0,44.41,25.9,Punjab
20020505,0.07,45.49,26.56,Punjab
20020506,0.0,46.16,28.67,Punjab
20020507,0.0,45.32,28.27,Punjab
20020508,0.0,45.92,29.07,Punjab
20020509,0.0,46.88,28.26,Punjab
20020510,0.0,47.49,28.8,Punjab
20020511,0.0,48.49,26.59,Punjab
20020512,0.0,48.16,28.36,Punjab
20020513,0.0,46.83,28.52,Punjab
20020514,0.06,47.58,31.42,Punjab
20020515,1.25,45.97,31.85,Punjab
20020516,0.0,45.91,31.3,Punjab
20020517,0.0,46.85,27.85,Punjab
20020518,0.0,46.47,27.2,Punjab
20020519,0.0,46.76,28.41,Punjab
20020520,0.1,44.81,25.54,Punjab
20020521,0.0,45.18,23.79,Punjab
20020522,0.0,46.69,27.3,Punjab
20020523,0.0,46.53,30.43,Punjab
20020524,0.0,47.64,29.57,Punjab
20020525,0.0,47.04,29.47,Punjab
20020526,0.44,44.97,29.1,Punjab
20020527,0.0,45.92,29.83,Punjab
20020528,9.64,40.39,29.41,Punjab
20020529,5.15,40.23,25.36,Punjab
20020530,0.01,40.03,26.54,Punjab
20020531,0.19,41.81,26.77,Punjab
20020601,0.36,42.65,27.78,Punjab
20020602,0.24,42.4,27.62,Punjab
20020603,2.93,42.53,29.52,Punjab
20020604,0.0,44.57,26.87,Punjab
20020605,0.06,45.7,28.76,Punjab
20020606,0.52,46.31,28.89,Punjab
20020607,2.82,46.14,29.76,Punjab
20020608,0.0,47.76,28.11,Punjab
20020609,0.02,47.96,29.58,Punjab
20020610,0.01,47.24,29.92,Punjab
20020611,0.03,46.3,31.4,Punjab
20020612,0.9,45.73,30.59,Punjab
20020613,0.03,46.34,28.86,Punjab
20020614,1.42,45.24,30.63,Punjab
20020615,0.06,46.32,29.94,Punjab
20020616,6.28,43.75,31.12,Punjab
20020617,0.86,43.68,29.5,Punjab
20020618,1.47,42.53,29.87,Punjab
20020619,0.03,36.72,29.23,Punjab
20020620,0.02,43.37,29.32,Punjab
20020621,0.0,45.04,30.53,Punjab
20020622,0.0,47.14,30.68,Punjab
20020623,0.0,48.49,31.26,Punjab
20020624,0.61,46.44,33.54,Punjab
20020625,1.78,45.04,32.14,Punjab
20020626,4.12,43.19,32.08,Punjab
20020627,0.45,42.55,31.15,Punjab
20020628,0.07,43.75,31.49,Punjab
20020629,0.22,44.48,32.13,Punjab
20020630,0.16,46.3,31.79,Punjab
20020701,0.0,47.49,33.56,Punjab
20020702,0.0,48.23,31.78,Punjab
20020703,0.01,48.23,32.74,Punjab
20020704,11.85,45.66,33.9,Punjab
20020705,6.04,42.99,30.76,Punjab
20020706,1.57,42.65,32.25,Punjab
20020707,0.52,42.58,31.54,Punjab
20020708,0.64,42.97,30.91,Punjab
20020709,0.0,43.02,30.62,Punjab
20020710,0.07,43.3,30.79,Punjab
20020711,0.14,43.79,30.76,Punjab
20020712,0.0,45.04,30.3,Punjab
20020713,0.02,45.7,29.75,Punjab
20020714,0.0,45.42,29.73,Punjab
20020715,0.0,45.78,31.68,Punjab
20020716,0.0,45.8,30.63,Punjab
20020717,0.0,46.21,32.6,Punjab
20020718,3.22,44.84,32.17,Punjab
20020719,2.57,44.64,30.72,Punjab
20020720,0.05,46.12,32.46,Punjab
20020721,0.0,45.34,33.63,Punjab
20020722,24.13,41.4,32.43,Punjab
20020723,1.68,40.24,30.52,Punjab
20020724,2.78,41.64,28.54,Punjab
20020725,0.04,41.02,30.06,Punjab
20020726,0.0,42.19,30.62,Punjab
20020727,2.17,41.78,30.7,Punjab
20020728,0.07,43.37,31.32,Punjab
20020729,3.04,42.57,31.65,Punjab
20020730,0.02,43.13,29.97,Punjab
20020731,0.01,43.45,30.07,Punjab
20020801,0.35,42.98,28.19,Punjab
20020802,0.94,43.61,29.0,Punjab
20020803,3.94,42.3,27.84,Punjab
20020804,0.41,41.79,29.07,Punjab
20020805,0.03,40.9,28.51,Punjab
20020806,0.46,42.02,29.78,Punjab
20020807,0.6,39.61,29.2,Punjab
20020808,0.46,43.26,30.85,Punjab
20020809,2.56,42.05,30.72,Punjab
20020810,0.48,42.77,31.33,Punjab
20020811,0.66,44.2,31.65,Punjab
20020812,36.9,37.61,28.31,Punjab
20020813,20.86,31.55,26.74,Punjab
20020814,5.62,35.19,25.87,Punjab
20020815,0.21,38.64,27.42,Punjab
20020816,0.0,39.98,27.18,Punjab
20020817,0.0,41.08,26.55,Punjab
20020818,0.0,41.86,25.82,Punjab
20020819,0.0,41.67,26.72,Punjab
20020820,0.09,42.41,26.98,Punjab
20020821,9.25,39.15,27.83,Punjab
20020822,9.05,37.52,26.18,Punjab
20020823,0.61,38.49,27.06,Punjab
20020824,0.16,38.17,27.12,Punjab
20020825,0.74,36.23,27.06,Punjab
20020826,5.43,36.54,26.52,Punjab
20020827,1.68,39.02,26.79,Punjab
20020828,0.1,39.58,28.57,Punjab
20020829,0.51,39.83,28.56,Punjab
20020830,2.12,36.73,27.14,Punjab
20020831,8.14,36.52,27.25,Punjab
20020901,8.95,35.83,26.51,Punjab
20020902,10.21,34.76,26.02,Punjab
20020903,0.11,37.03,26.12,Punjab
20020904,0.15,37.47,25.63,Punjab
20020905,0.17,37.37,25.67,Punjab
20020906,0.27,36.66,23.93,Punjab
20020907,1.13,36.76,22.3,Punjab
20020908,0.86,36.25,22.35,Punjab
20020909,0.0,38.1,24.07,Punjab
20020910,0.0,37.92,23.2,Punjab
20020911,0.57,37.87,23.3,Punjab
20020912,16.51,35.51,22.42,Punjab
20020913,27.66,30.48,23.74,Punjab
20020914,21.68,31.86,23.14,Punjab
20020915,0.05,33.73,23.26,Punjab
20020916,11.11,33.7,22.92,Punjab
20020917,5.08,33.58,22.56,Punjab
20020918,1.18,34.12,22.65,Punjab
20020919,0.0,35.16,23.66,Punjab
20020920,0.0,35.47,23.63,Punjab
20020921,0.0,36.38,22.99,Punjab
20020922,0.04,36.34,21.06,Punjab
20020923,0.0,36.23,21.74,Punjab
20020924,0.0,36.43,21.56,Punjab
20020925,1.56,36.18,21.37,Punjab
20020926,0.0,36.58,22.16,Punjab
20020927,0.0,35.87,22.03,Punjab
20020928,0.0,36.98,20.6,Punjab
20020929,0.0,36.85,21.55,Punjab
20020930,0.0,36.83,21.0,Punjab
20021001,0.0,37.21,20.61,Punjab
20021002,0.0,37.53,22.19,Punjab
20021003,0.0,37.66,21.51,Punjab
20021004,0.0,37.94,21.21,Punjab
20021005,0.0,37.79,19.61,Punjab
20021006,0.0,36.47,19.63,Punjab
20021007,0.0,36.9,19.56,Punjab
20021008,0.0,36.0,19.05,Punjab
20021009,0.0,35.22,19.5,Punjab
20021010,0.0,34.57,20.59,Punjab
20021011,0.0,33.26,21.71,Punjab
20021012,0.03,33.2,20.28,Punjab
20021013,1.69,32.4,20.45,Punjab
20021014,0.24,32.95,19.93,Punjab
20021015,0.0,33.62,20.52,Punjab
20021016,0.0,33.45,18.78,Punjab
20021017,0.0,34.1,20.18,Punjab
20021018,0.0,33.64,20.35,Punjab
20021019,0.0,34.39,20.74,Punjab
20021020,0.0,33.68,18.22,Punjab
20021021,0.11,34.78,18.13,Punjab
20021022,0.04,30.86,19.4,Punjab
20021023,0.01,31.24,18.76,Punjab
20021024,0.0,30.55,17.13,Punjab
20021025,0.0,32.37,17.63,Punjab
20021026,0.0,33.3,18.62,Punjab
20021027,0.0,32.22,18.42,Punjab
20021028,0.0,33.41,18.21,Punjab
20021029,0.0,33.01,17.24,Punjab
20021030,0.0,32.7,17.31,Punjab
20021031,0.0,31.43,18.19,Punjab
20021101,0.0,32.05,16.24,Punjab
20021102,0.0,31.9,18.6,Punjab
20021103,0.0,30.92,17.25,Punjab
20021104,0.0,30.25,17.62,Punjab
20021105,0.0,31.21,15.65,Punjab
20021106,0.0,29.72,17.54,Punjab
20021107,0.0,25.72,16.12,Punjab
20021108,0.0,29.31,15.47,Punjab
20021109,0.0,28.08,18.19,Punjab
20021110,0.0,29.83,15.76,Punjab
20021111,0.0,29.35,17.17,Punjab
20021112,0.0,27.31,14.69,Punjab
20021113,0.0,27.74,15.58,Punjab
20021114,0.0,27.92,12.72,Punjab
20021115,0.0,28.56,13.02,Punjab
20021116,0.0,29.58,15.76,Punjab
20021117,0.0,30.07,15.43,Punjab
20021118,0.0,30.68,15.86,Punjab
20021119,0.0,30.12,14.58,Punjab
20021120,0.0,29.93,13.04,Punjab
20021121,0.0,29.29,15.68,Punjab
20021122,0.0,29.52,14.44,Punjab
20021123,0.0,29.31,11.11,Punjab
20021124,0.0,29.11,15.11,Punjab
20021125,0.0,29.18,12.6,Punjab
20021126,0.0,28.51,13.73,Punjab
20021127,0.0,26.78,12.91,Punjab
20021128,0.08,26.42,12.08,Punjab
20021129,0.0,26.97,8.9,Punjab
20021130,0.0,26.88,11.92,Punjab
20021201,0.0,26.61,12.0,Punjab
20021202,0.0,25.45,10.17,Punjab
20021203,0.0,25.88,10.64,Punjab
20021204,0.0,23.76,8.41,Punjab
20021205,0.0,23.19,8.94,Punjab
20021206,0.0,24.43,9.28,Punjab
20021207,0.0,25.01,9.21,Punjab
20021208,0.0,25.13,9.69,Punjab
20021209,0.0,25.23,7.19,Punjab
20021210,0.0,24.97,9.56,Punjab
20021211,0.0,25.04,10.85,Punjab
20021212,0.0,24.52,11.19,Punjab
20021213,0.0,24.31,9.17,Punjab
20021214,0.0,26.46,10.43,Punjab
20021215,0.0,27.79,12.26,Punjab
20021216,0.0,26.32,15.09,Punjab
20021217,0.0,26.77,13.32,Punjab
20021218,0.0,26.98,12.38,Punjab
20021219,0.0,26.39,12.37,Punjab
20021220,0.01,27.69,12.91,Punjab
20021221,0.0,26.5,11.19,Punjab
20021222,0.0,25.15,9.44,Punjab
20021223,0.0,23.17,9.81,Punjab
20021224,5.5,21.99,12.01,Punjab
20021225,0.06,22.01,10.95,Punjab
20021226,0.0,21.18,10.18,Punjab
20021227,0.0,21.19,7.24,Punjab
20021228,0.0,21.09,5.75,Punjab
20021229,0.0,22.08,7.5,Punjab
20021230,1.12,22.29,7.23,Punjab
20021231,1.17,20.91,8.22,Punjab
20030101,0.52,19.39,4.63,Punjab
20030102,0.0,19.4,5.7,Punjab
20030103,0.0,19.06,6.63,Punjab
20030104,0.0,19.75,3.4,Punjab
20030105,0.0,20.82,2.66,Punjab
20030106,0.0,20.56,7.46,Punjab
20030107,0.0,20.05,5.43,Punjab
20030108,0.0,20.6,3.33,Punjab
20030109,0.0,21.01,5.4,Punjab
20030110,0.0,20.76,3.78,Punjab
20030111,0.0,21.65,4.04,Punjab
20030112,0.0,21.11,5.95,Punjab
20030113,0.0,21.83,2.97,Punjab
20030114,0.0,21.46,3.44,Punjab
20030115,0.0,22.42,7.03,Punjab
20030116,0.0,23.05,4.41,Punjab
20030117,0.0,23.0,4.25,Punjab
20030118,0.0,23.75,9.03,Punjab
20030119,0.0,22.83,7.7,Punjab
20030120,0.0,23.58,6.06,Punjab
20030121,0.0,24.42,6.46,Punjab
20030122,0.0,24.27,8.18,Punjab
20030123,0.0,26.35,9.44,Punjab
20030124,0.0,25.37,8.5,Punjab
20030125,0.0,27.02,9.46,Punjab
20030126,0.14,26.91,11.77,Punjab
20030127,0.95,23.57,13.01,Punjab
20030128,2.27,19.71,10.55,Punjab
20030129,0.33,22.71,9.28,Punjab
20030130,4.39,18.13,10.5,Punjab
20030131,17.93,15.9,8.04,Punjab
20030201,0.29,20.98,6.68,Punjab
20030202,1.09,20.05,8.58,Punjab
20030203,4.65,22.33,6.3,Punjab
20030204,0.0,23.67,7.32,Punjab
20030205,0.0,24.91,8.3,Punjab
20030206,0.0,23.99,10.36,Punjab
20030207,0.0,24.6,9.48,Punjab
20030208,0.0,23.55,9.78,Punjab
20030209,0.0,23.57,7.71,Punjab
20030210,0.0,24.21,7.74,Punjab
20030211,0.0,23.44,10.56,Punjab
20030212,0.0,24.51,9.23,Punjab
20030213,0.0,24.34,8.8,Punjab
20030214,0.0,26.12,10.07,Punjab
20030215,0.01,28.0,10.82,Punjab
20030216,0.45,26.25,13.51,Punjab
20030217,4.83,18.63,13.99,Punjab
20030218,35.06,15.82,11.96,Punjab
20030219,15.83,16.69,8.98,Punjab
20030220,0.0,21.7,7.7,Punjab
20030221,0.0,23.31,6.03,Punjab
20030222,0.0,25.74,7.05,Punjab
20030223,0.91,26.63,13.17,Punjab
20030224,0.11,27.34,13.65,Punjab
20030225,0.02,27.28,12.36,Punjab
20030226,0.0,28.74,13.92,Punjab
20030227,0.0,30.01,14.99,Punjab
20030228,1.54,29.75,14.7,Punjab
20030301,11.99,29.72,15.74,Punjab
20030302,2.66,27.66,15.64,Punjab
20030303,0.01,22.43,7.42,Punjab
20030304,0.03,20.28,3.94,Punjab
20030305,0.0,23.93,3.8,Punjab
20030306,0.0,26.27,7.61,Punjab
20030307,0.0,27.05,9.59,Punjab
20030308,0.0,24.88,8.15,Punjab
20030309,0.0,29.53,11.71,Punjab
20030310,0.03,29.2,12.28,Punjab
20030311,0.0,28.95,12.63,Punjab
20030312,0.0,29.67,13.64,Punjab
20030313,0.0,29.02,15.04,Punjab
20030314,0.0,27.59,15.11,Punjab
20030315,0.0,31.92,16.16,Punjab
20030316,0.0,31.07,15.2,Punjab
20030317,0.01,30.52,15.28,Punjab
20030318,0.0,30.4,13.24,Punjab
20030319,0.0,30.56,14.66,Punjab
20030320,0.0,32.32,13.55,Punjab
20030321,0.0,34.05,15.5,Punjab
20030322,0.0,33.1,17.35,Punjab
20030323,0.0,34.79,17.62,Punjab
20030324,0.03,33.64,17.66,Punjab
20030325,0.02,33.84,18.67,Punjab
20030326,0.0,34.31,18.61,Punjab
20030327,0.0,34.23,17.9,Punjab
20030328,0.82,33.11,19.3,Punjab
20030329,0.54,32.99,19.28,Punjab
20030330,0.62,32.65,16.78,Punjab
20030331,0.56,34.12,16.48,Punjab
20030401,0.0,35.31,17.55,Punjab
20030402,0.0,37.12,16.82,Punjab
20030403,0.18,35.73,19.29,Punjab
20030404,0.02,36.38,18.43,Punjab
20030405,0.51,33.44,15.41,Punjab
20030406,0.0,34.44,15.34,Punjab
20030407,0.0,36.69,17.13,Punjab
20030408,0.0,38.52,18.74,Punjab
20030409,0.0,39.45,20.41,Punjab
20030410,0.0,40.33,21.3,Punjab
20030411,0.0,40.02,21.83,Punjab
20030412,0.0,40.99,23.69,Punjab
20030413,0.0,41.42,23.17,Punjab
20030414,0.0,39.55,22.47,Punjab
20030415,0.15,38.65,23.93,Punjab
20030416,0.01,38.1,21.82,Punjab
20030417,0.0,39.01,22.22,Punjab
20030418,0.11,38.68,21.78,Punjab
20030419,1.59,37.18,25.23,Punjab
20030420,0.0,36.22,21.48,Punjab
20030421,0.0,37.28,20.31,Punjab
20030422,0.0,39.76,19.63,Punjab
20030423,0.0,42.37,21.81,Punjab
20030424,0.0,43.22,25.82,Punjab
20030425,0.0,43.08,23.05,Punjab
20030426,0.06,42.08,23.49,Punjab
20030427,0.06,39.7,25.09,Punjab
20030428,2.0,38.48,24.21,Punjab
20030429,0.0,40.08,24.55,Punjab
20030430,0.0,40.84,22.97,Punjab
20030501,0.01,42.08,24.9,Punjab
20030502,0.02,42.73,25.38,Punjab
20030503,0.0,36.21,18.84,Punjab
20030504,0.0,36.34,19.92,Punjab
20030505,0.0,37.35,19.25,Punjab
20030506,0.0,38.86,20.95,Punjab
20030507,0.0,39.48,22.12,Punjab
20030508,0.0,40.33,24.31,Punjab
20030509,0.0,41.9,25.08,Punjab
20030510,0.13,42.44,25.44,Punjab
20030511,0.0,42.48,25.35,Punjab
20030512,0.01,42.96,26.46,Punjab
20030513,0.09,42.74,27.41,Punjab
20030514,0.31,42.25,24.27,Punjab
20030515,0.16,42.23,25.43,Punjab
20030516,0.0,43.03,23.65,Punjab
20030517,0.0,44.0,24.86,Punjab
20030518,0.0,44.55,27.66,Punjab
20030519,0.0,45.95,28.43,Punjab
20030520,0.0,45.47,29.37,Punjab
20030521,0.1,45.74,30.13,Punjab
20030522,1.75,45.36,29.92,Punjab
20030523,3.51,41.28,29.14,Punjab
20030524,0.27,40.87,28.43,Punjab
20030525,1.17,39.28,26.85,Punjab
20030526,0.0,40.93,28.13,Punjab
20030527,0.0,43.32,25.95,Punjab
20030528,0.0,43.01,26.01,Punjab
20030529,0.0,43.55,25.24,Punjab
20030530,0.0,44.78,25.73,Punjab
20030531,0.0,45.5,27.09,Punjab
20030601,0.67,45.6,29.25,Punjab
20030602,0.0,46.55,29.09,Punjab
20030603,0.0,47.73,30.01,Punjab
20030604,0.0,49.05,31.22,Punjab
20030605,0.01,48.22,30.92,Punjab
20030606,0.0,48.28,32.77,Punjab
20030607,0.0,48.59,30.43,Punjab
20030608,0.0,46.82,30.24,Punjab
20030609,0.03,44.87,32.7,Punjab
20030610,0.09,45.6,28.9,Punjab
20030611,0.08,45.32,32.11,Punjab
20030612,0.02,44.81,31.37,Punjab
20030613,0.0,45.15,29.53,Punjab
20030614,0.0,46.66,32.66,Punjab
20030615,0.0,46.88,31.59,Punjab
20030616,0.0,47.77,30.25,Punjab
20030617,0.15,46.74,31.44,Punjab
20030618,11.99,40.79,31.0,Punjab
20030619,0.09,39.44,30.44,Punjab
20030620,0.14,42.61,28.34,Punjab
20030621,0.88,43.69,30.58,Punjab
20030622,1.28,43.91,29.98,Punjab
20030623,8.88,40.92,31.62,Punjab
20030624,1.62,41.47,29.2,Punjab
20030625,2.99,40.31,29.54,Punjab
20030626,1.01,41.87,30.39,Punjab
20030627,2.88,42.85,32.17,Punjab
20030628,2.25,38.23,31.22,Punjab
20030629,9.08,39.03,30.77,Punjab
20030630,8.47,40.9,30.27,Punjab
20030701,0.53,42.63,30.65,Punjab
20030702,1.3,42.44,30.19,Punjab
20030703,0.25,42.91,29.96,Punjab
20030704,2.71,43.21,31.16,Punjab
20030705,26.09,35.36,28.69,Punjab
20030706,6.27,37.17,26.89,Punjab
20030707,0.71,32.07,27.1,Punjab
20030708,5.01,36.73,26.36,Punjab
20030709,9.4,37.87,28.35,Punjab
20030710,6.54,37.2,26.95,Punjab
20030711,2.0,35.09,25.03,Punjab
20030712,1.15,38.73,25.65,Punjab
20030713,0.33,37.17,27.77,Punjab
20030714,0.23,39.17,27.55,Punjab
20030715,9.33,37.32,28.48,Punjab
20030716,3.22,33.68,27.88,Punjab
20030717,13.18,33.72,26.98,Punjab
20030718,22.0,32.07,27.05,Punjab
20030719,0.04,38.63,26.86,Punjab
20030720,10.31,37.6,28.3,Punjab
20030721,10.44,33.19,27.65,Punjab
20030722,7.59,36.19,26.62,Punjab
20030723,0.53,36.58,26.58,Punjab
20030724,4.36,36.78,27.96,Punjab
20030725,6.56,37.06,28.56,Punjab
20030726,9.45,35.9,27.38,Punjab
20030727,0.89,36.22,27.76,Punjab
20030728,1.55,35.31,27.53,Punjab
20030729,0.17,34.29,26.89,Punjab
20030730,3.32,37.62,25.75,Punjab
20030731,18.78,35.74,27.96,Punjab
20030801,7.21,34.65,25.75,Punjab
20030802,17.57,33.57,25.79,Punjab
20030803,8.67,31.87,25.88,Punjab
20030804,5.33,32.67,25.08,Punjab
20030805,1.43,34.4,26.17,Punjab
20030806,0.69,36.28,27.16,Punjab
20030807,0.05,36.31,26.59,Punjab
20030808,0.17,37.36,28.09,Punjab
20030809,4.36,37.72,28.56,Punjab
20030810,7.17,36.55,28.08,Punjab
20030811,1.4,37.46,26.45,Punjab
20030812,0.28,39.15,26.96,Punjab
20030813,0.84,38.93,27.75,Punjab
20030814,0.1,39.21,27.36,Punjab
20030815,0.68,36.46,26.05,Punjab
20030816,0.31,36.63,26.2,Punjab
20030817,0.27,38.16,26.65,Punjab
20030818,1.02,39.91,27.32,Punjab
20030819,0.69,36.3,27.57,Punjab
20030820,2.35,36.5,26.56,Punjab
20030821,2.51,36.47,26.3,Punjab
20030822,0.0,38.68,27.73,Punjab
20030823,0.08,39.57,27.15,Punjab
20030824,0.04,37.71,27.53,Punjab
20030825,0.18,37.79,27.19,Punjab
20030826,5.81,37.36,27.06,Punjab
20030827,8.7,34.79,26.66,Punjab
20030828,5.94,35.62,25.99,Punjab
20030829,10.82,36.21,26.09,Punjab
20030830,15.3,35.04,26.02,Punjab
20030831,9.55,35.25,26.84,Punjab
20030901,0.64,37.55,25.92,Punjab
20030902,11.38,36.44,27.65,Punjab
20030903,6.9,36.8,25.97,Punjab
20030904,5.31,36.03,26.21,Punjab
20030905,1.81,35.3,24.85,Punjab
20030906,1.95,36.04,24.95,Punjab
20030907,2.6,34.81,24.89,Punjab
20030908,2.07,36.01,25.29,Punjab
20030909,0.0,37.29,25.2,Punjab
20030910,0.01,37.12,24.33,Punjab
20030911,0.57,37.51,24.77,Punjab
20030912,0.66,37.12,25.97,Punjab
20030913,0.02,36.89,26.12,Punjab
20030914,0.1,37.31,26.3,Punjab
20030915,3.83,36.39,25.85,Punjab
20030916,1.07,36.52,25.47,Punjab
20030917,0.0,37.76,24.57,Punjab
20030918,0.31,38.09,24.49,Punjab
20030919,0.0,37.91,23.93,Punjab
20030920,0.0,38.47,25.54,Punjab
20030921,0.03,38.85,24.94,Punjab
20030922,0.91,38.22,24.74,Punjab
20030923,0.51,37.17,24.43,Punjab
20030924,1.37,34.92,24.56,Punjab
20030925,9.18,32.49,23.8,Punjab
20030926,0.0,33.91,22.61,Punjab
20030927,0.04,35.25,22.31,Punjab
20030928,3.71,35.52,21.77,Punjab
20030929,0.01,34.2,20.58,Punjab
20030930,0.0,35.45,20.93,Punjab
20031001,0.0,35.26,20.04,Punjab
20031002,0.0,34.87,19.06,Punjab
20031003,0.0,35.83,19.99,Punjab
20031004,0.0,36.34,20.21,Punjab
20031005,0.0,35.41,18.12,Punjab
20031006,0.0,34.77,18.47,Punjab
20031007,0.0,34.28,18.9,Punjab
20031008,0.0,34.61,20.22,Punjab
20031009,0.02,35.0,21.49,Punjab
20031010,0.03,34.94,19.76,Punjab
20031011,0.0,34.46,18.51,Punjab
20031012,0.0,34.02,17.95,Punjab
20031013,0.0,34.5,17.13,Punjab
20031014,0.0,33.96,17.76,Punjab
20031015,0.0,34.02,18.94,Punjab
20031016,0.56,34.59,16.52,Punjab
20031017,0.0,33.83,18.51,Punjab
20031018,0.0,33.7,18.6,Punjab
20031019,0.0,33.76,19.94,Punjab
20031020,0.0,34.26,19.26,Punjab
20031021,0.0,35.05,18.42,Punjab
20031022,0.02,34.08,16.59,Punjab
20031023,0.0,33.46,17.01,Punjab
20031024,0.05,33.42,15.39,Punjab
20031025,0.0,31.53,15.47,Punjab
20031026,0.0,31.22,16.09,Punjab
20031027,0.0,31.68,17.08,Punjab
20031028,0.0,31.49,18.1,Punjab
20031029,0.0,32.46,17.72,Punjab
20031030,0.0,32.46,19.09,Punjab
20031031,0.0,32.22,18.42,Punjab
20031101,0.0,31.98,17.25,Punjab
20031102,0.0,31.62,17.22,Punjab
20031103,0.0,30.65,17.08,Punjab
20031104,0.0,31.52,17.02,Punjab
20031105,0.0,31.44,14.43,Punjab
20031106,0.0,31.21,14.83,Punjab
20031107,0.0,31.36,15.48,Punjab
20031108,0.0,30.56,13.75,Punjab
20031109,0.0,31.03,14.7,Punjab
20031110,0.0,30.25,12.25,Punjab
20031111,0.0,29.99,14.21,Punjab
20031112,0.0,27.6,11.51,Punjab
20031113,0.0,26.56,12.01,Punjab
20031114,0.0,22.4,13.8,Punjab
20031115,0.01,27.6,13.04,Punjab
20031116,1.46,28.23,15.35,Punjab
20031117,5.73,25.71,14.1,Punjab
20031118,0.02,25.71,11.32,Punjab
20031119,0.0,25.71,10.41,Punjab
20031120,0.0,25.84,9.58,Punjab
20031121,0.0,26.06,8.09,Punjab
20031122,0.0,26.1,12.1,Punjab
20031123,0.0,25.77,10.8,Punjab
20031124,0.0,25.8,10.42,Punjab
20031125,0.0,27.02,6.88,Punjab
20031126,0.0,26.26,9.24,Punjab
20031127,0.0,25.56,9.01,Punjab
20031128,0.0,24.58,9.98,Punjab
20031129,0.0,24.55,9.42,Punjab
20031130,0.0,24.11,9.65,Punjab
20031201,0.0,25.15,7.27,Punjab
20031202,0.0,26.9,10.77,Punjab
20031203,0.0,22.5,10.45,Punjab
20031204,0.0,26.1,12.44,Punjab
20031205,0.0,26.62,12.25,Punjab
20031206,0.0,27.49,9.32,Punjab
20031207,0.0,27.25,8.86,Punjab
20031208,0.0,27.8,10.81,Punjab
20031209,0.08,27.31,12.04,Punjab
20031210,0.09,26.65,13.17,Punjab
20031211,0.0,26.67,13.59,Punjab
20031212,3.82,24.84,12.08,Punjab
20031213,1.76,25.48,14.11,Punjab
20031214,1.01,25.13,11.57,Punjab
20031215,6.3,23.34,13.96,Punjab
20031216,0.1,21.73,11.4,Punjab
20031217,0.0,21.76,9.19,Punjab
20031218,0.0,21.41,10.49,Punjab
20031219,0.0,22.71,10.18,Punjab
20031220,0.0,22.27,9.56,Punjab
20031221,0.0,22.75,9.16,Punjab
20031222,0.0,21.9,10.32,Punjab
20031223,0.0,20.13,7.09,Punjab
20031224,0.0,21.31,6.4,Punjab
20031225,0.0,21.06,7.09,Punjab
20031226,0.0,16.83,7.72,Punjab
20031227,0.13,19.57,7.36,Punjab
20031228,0.0,20.0,5.88,Punjab
20031229,0.0,20.33,4.08,Punjab
20031230,0.0,20.92,6.8,Punjab
20031231,0.0,21.52,8.32,Punjab
20040101,0.01,20.9,5.63,Punjab
20040102,0.0,20.25,6.46,Punjab
20040103,0.0,18.94,5.73,Punjab
20040104,0.0,17.23,4.06,Punjab
20040105,0.03,15.92,6.26,Punjab
20040106,0.0,20.46,6.83,Punjab
20040107,0.0,21.93,5.08,Punjab
20040108,0.0,22.17,4.93,Punjab
20040109,0.0,23.14,7.52,Punjab
20040110,0.0,23.22,9.03,Punjab
20040111,0.0,24.12,10.58,Punjab
20040112,0.0,24.95,10.7,Punjab
20040113,0.0,23.24,8.78,Punjab
20040114,0.0,25.99,9.5,Punjab
20040115,0.0,26.57,10.57,Punjab
20040116,0.0,25.21,12.22,Punjab
20040117,1.69,23.0,12.14,Punjab
20040118,0.0,21.64,9.57,Punjab
20040119,0.0,21.26,8.35,Punjab
20040120,0.0,22.76,9.3,Punjab
20040121,7.43,14.35,10.67,Punjab
20040122,11.36,17.54,9.3,Punjab
20040123,3.0,18.52,7.76,Punjab
20040124,0.0,19.35,6.06,Punjab
20040125,0.0,19.19,7.54,Punjab
20040126,0.0,19.99,7.49,Punjab
20040127,0.0,20.89,6.44,Punjab
20040128,0.0,18.62,5.58,Punjab
20040129,0.54,19.83,6.59,Punjab
20040130,11.75,16.96,7.76,Punjab
20040131,0.45,14.83,8.49,Punjab
20040201,0.0,18.45,5.61,Punjab
20040202,0.0,20.78,3.31,Punjab
20040203,0.0,21.65,2.74,Punjab
20040204,0.0,22.97,6.8,Punjab
20040205,0.0,22.52,9.05,Punjab
20040206,0.0,24.03,5.73,Punjab
20040207,0.0,24.17,4.97,Punjab
20040208,0.04,24.3,7.53,Punjab
20040209,6.95,24.88,10.91,Punjab
20040210,0.53,21.79,8.71,Punjab
20040211,0.08,25.69,8.79,Punjab
20040212,0.0,26.45,9.59,Punjab
20040213,0.0,26.17,11.57,Punjab
20040214,0.0,25.62,10.21,Punjab
20040215,0.0,27.54,8.02,Punjab
20040216,0.0,28.15,11.07,Punjab
20040217,0.02,27.29,11.95,Punjab
20040218,0.0,27.93,12.56,Punjab
20040219,0.01,27.73,10.87,Punjab
20040220,0.0,27.66,11.59,Punjab
20040221,0.0,28.86,10.99,Punjab
20040222,0.0,29.37,12.3,Punjab
20040223,0.0,29.32,8.83,Punjab
20040224,0.0,30.8,10.36,Punjab
20040225,0.0,31.66,11.76,Punjab
20040226,0.0,32.04,14.75,Punjab
20040227,0.03,31.95,13.9,Punjab
20040228,0.0,31.63,15.01,Punjab
20040229,0.01,29.75,12.63,Punjab
20040301,0.0,29.46,11.03,Punjab
20040302,0.0,30.79,9.91,Punjab
20040303,0.0,31.31,10.66,Punjab
20040304,0.0,31.22,13.01,Punjab
20040305,0.0,31.94,14.55,Punjab
20040306,0.0,32.49,12.36,Punjab
20040307,0.0,35.59,11.93,Punjab
20040308,0.0,34.12,16.04,Punjab
20040309,0.0,31.15,14.6,Punjab
20040310,0.0,32.8,15.54,Punjab
20040311,0.0,33.84,15.46,Punjab
20040312,0.0,34.19,16.99,Punjab
20040313,0.0,36.9,17.44,Punjab
20040314,0.0,36.78,18.68,Punjab
20040315,0.0,38.07,18.56,Punjab
20040316,0.0,39.0,18.7,Punjab
20040317,0.0,39.25,18.46,Punjab
20040318,0.0,38.8,20.69,Punjab
20040319,0.0,37.52,21.37,Punjab
20040320,0.0,38.45,17.69,Punjab
20040321,0.0,39.16,21.69,Punjab
20040322,0.0,38.3,21.41,Punjab
20040323,0.0,35.77,19.76,Punjab
20040324,0.0,35.43,18.3,Punjab
20040325,0.0,34.49,16.41,Punjab
20040326,0.0,34.31,16.46,Punjab
20040327,0.0,35.04,18.06,Punjab
20040328,0.0,36.33,17.82,Punjab
20040329,0.0,37.71,17.06,Punjab
20040330,0.0,37.83,18.29,Punjab
20040331,0.0,37.82,17.79,Punjab
20040401,0.0,34.46,21.51,Punjab
20040402,0.0,39.22,20.76,Punjab
20040403,0.0,39.16,20.82,Punjab
20040404,0.0,38.99,21.55,Punjab
20040405,0.0,40.49,20.88,Punjab
20040406,0.0,40.43,22.35,Punjab
20040407,0.0,40.95,22.2,Punjab
20040408,0.0,41.56,23.95,Punjab
20040409,0.15,40.76,22.95,Punjab
20040410,0.0,41.04,23.8,Punjab
20040411,0.0,42.2,24.1,Punjab
20040412,0.0,42.02,25.74,Punjab
20040413,0.0,41.6,23.27,Punjab
20040414,0.0,41.92,24.41,Punjab
20040415,0.0,42.14,22.55,Punjab
20040416,0.0,43.13,26.09,Punjab
20040417,0.0,40.79,25.41,Punjab
20040418,0.0,40.95,24.15,Punjab
20040419,0.0,42.59,23.64,Punjab
20040420,0.08,39.89,26.59,Punjab
20040421,0.0,40.61,25.03,Punjab
20040422,0.92,38.87,25.3,Punjab
20040423,0.52,37.09,23.72,Punjab
20040424,0.0,37.11,23.45,Punjab
20040425,0.0,39.13,21.27,Punjab
20040426,0.0,39.32,22.83,Punjab
20040427,0.0,41.47,25.21,Punjab
20040428,1.82,40.92,25.77,Punjab
20040429,3.47,37.98,24.27,Punjab
20040430,25.29,25.9,16.91,Punjab
20040501,0.0,32.22,15.99,Punjab
20040502,0.0,33.81,17.53,Punjab
20040503,0.0,37.12,16.98,Punjab
20040504,0.0,38.13,20.82,Punjab
20040505,0.0,39.1,21.34,Punjab
20040506,0.0,41.65,23.1,Punjab
20040507,0.0,41.91,24.34,Punjab
20040508,0.0,42.12,23.47,Punjab
20040509,0.0,42.91,24.35,Punjab
20040510,0.0,43.03,26.69,Punjab
20040511,0.0,44.38,25.13,Punjab
20040512,0.0,44.01,24.87,Punjab
20040513,0.0,44.8,26.98,Punjab
20040514,0.0,45.62,26.89,Punjab
20040515,0.0,45.62,29.75,Punjab
20040516,0.0,45.46,30.68,Punjab
20040517,0.0,45.91,32.18,Punjab
20040518,0.0,46.0,28.71,Punjab
20040519,0.0,47.25,28.38,Punjab
20040520,0.0,46.26,29.77,Punjab
20040521,0.0,47.14,30.35,Punjab
20040522,0.0,46.8,29.04,Punjab
20040523,0.34,42.13,29.04,Punjab
20040524,21.78,36.72,24.6,Punjab
20040525,0.0,39.8,25.77,Punjab
20040526,3.74,39.86,27.88,Punjab
20040527,4.15,40.67,27.43,Punjab
20040528,0.63,40.12,26.69,Punjab
20040529,0.0,41.13,25.74,Punjab
20040530,0.0,42.98,26.2,Punjab
20040531,0.0,44.59,29.13,Punjab
20040601,0.02,43.81,29.96,Punjab
20040602,0.04,43.24,28.6,Punjab
20040603,0.57,43.4,29.12,Punjab
20040604,0.02,45.38,29.97,Punjab
20040605,0.17,45.07,28.81,Punjab
20040606,0.01,44.39,28.5,Punjab
20040607,5.83,39.48,27.73,Punjab
20040608,1.61,39.67,27.61,Punjab
20040609,3.61,38.01,26.32,Punjab
20040610,0.0,39.51,25.18,Punjab
20040611,0.0,41.94,28.06,Punjab
20040612,0.0,43.11,29.26,Punjab
20040613,0.01,43.43,30.74,Punjab
20040614,4.37,40.38,30.48,Punjab
20040615,0.44,40.33,30.28,Punjab
20040616,0.26,44.3,31.66,Punjab
20040617,9.26,41.2,30.36,Punjab
20040618,15.43,38.59,29.77,Punjab
20040619,0.24,41.56,28.48,Punjab
20040620,6.56,42.22,30.81,Punjab
20040621,2.31,42.46,30.34,Punjab
20040622,0.2,43.36,30.84,Punjab
20040623,0.03,41.79,30.77,Punjab
20040624,5.14,41.07,30.91,Punjab
20040625,3.36,38.84,29.01,Punjab
20040626,0.37,40.59,28.62,Punjab
20040627,0.03,40.57,28.0,Punjab
20040628,0.0,41.88,28.47,Punjab
20040629,0.0,43.86,28.35,Punjab
20040630,0.0,45.05,30.11,Punjab
20040701,0.0,45.36,30.19,Punjab
20040702,0.0,45.45,30.33,Punjab
20040703,0.32,45.09,32.51,Punjab
20040704,0.79,43.6,31.06,Punjab
20040705,1.38,42.8,30.46,Punjab
20040706,0.49,44.45,32.71,Punjab
20040707,0.2,45.07,30.6,Punjab
20040708,16.04,40.1,32.69,Punjab
20040709,8.74,38.61,30.45,Punjab
20040710,0.08,40.55,29.32,Punjab
20040711,5.13,40.58,30.56,Punjab
20040712,2.99,42.6,30.04,Punjab
20040713,5.81,41.84,29.75,Punjab
20040714,2.88,41.4,29.27,Punjab
20040715,3.6,42.21,29.84,Punjab
20040716,19.48,38.75,29.67,Punjab
20040717,8.24,40.3,27.98,Punjab
20040718,0.06,41.41,27.87,Punjab
20040719,0.09,41.29,27.93,Punjab
20040720,0.22,41.48,28.61,Punjab
20040721,0.0,42.78,29.71,Punjab
20040722,0.12,41.99,28.69,Punjab
20040723,0.0,40.34,30.31,Punjab
20040724,0.03,42.46,28.34,Punjab
20040725,0.17,41.95,29.01,Punjab
20040726,0.46,41.11,29.35,Punjab
20040727,0.35,42.15,29.92,Punjab
20040728,0.06,41.52,30.3,Punjab
20040729,10.13,37.4,29.68,Punjab
20040730,0.53,39.31,28.32,Punjab
20040731,0.58,39.1,28.23,Punjab
20040801,4.38,38.03,29.31,Punjab
20040802,39.66,30.87,26.63,Punjab
20040803,19.36,33.63,26.14,Punjab
20040804,0.91,36.0,26.96,Punjab
20040805,0.47,38.31,27.65,Punjab
20040806,2.23,33.81,26.22,Punjab
20040807,1.23,37.79,27.19,Punjab
20040808,4.72,37.28,28.42,Punjab
20040809,1.51,35.97,27.63,Punjab
20040810,0.12,37.18,26.91,Punjab
20040811,9.91,36.73,27.08,Punjab
20040812,6.45,34.29,26.38,Punjab
20040813,3.55,36.28,26.45,Punjab
20040814,0.81,37.84,26.58,Punjab
20040815,0.14,39.07,27.77,Punjab
20040816,7.26,38.62,27.08,Punjab
20040817,23.02,31.73,26.07,Punjab
20040818,6.78,33.41,26.42,Punjab
20040819,9.96,35.13,25.9,Punjab
20040820,4.68,33.33,26.95,Punjab
20040821,0.05,38.13,25.39,Punjab
20040822,0.91,36.56,25.22,Punjab
20040823,10.68,34.73,25.38,Punjab
20040824,11.23,32.97,25.72,Punjab
20040825,5.91,31.23,25.18,Punjab
20040826,0.57,35.43,25.41,Punjab
20040827,0.0,37.53,25.22,Punjab
20040828,0.0,38.82,25.08,Punjab
20040829,0.0,38.62,24.36,Punjab
20040830,0.01,39.39,24.64,Punjab
20040831,0.04,39.38,24.75,Punjab
20040901,0.0,38.11,24.02,Punjab
20040902,0.0,38.56,24.15,Punjab
20040903,0.0,39.63,23.83,Punjab
20040904,0.0,39.69,23.68,Punjab
20040905,0.0,39.85,23.93,Punjab
20040906,0.0,39.7,24.64,Punjab
20040907,0.0,40.4,25.23,Punjab
20040908,0.0,41.0,24.11,Punjab
20040909,0.0,40.23,23.39,Punjab
20040910,0.0,39.36,23.39,Punjab
20040911,0.0,38.84,24.71,Punjab
20040912,0.01,39.07,25.52,Punjab
20040913,0.04,39.59,26.68,Punjab
20040914,0.19,37.7,27.52,Punjab
20040915,0.74,39.46,27.82,Punjab
20040916,0.45,36.73,24.65,Punjab
20040917,0.04,37.43,25.26,Punjab
20040918,0.0,37.12,25.24,Punjab
20040919,0.0,37.47,25.29,Punjab
20040920,0.06,37.98,24.62,Punjab
20040921,1.27,36.68,23.73,Punjab
20040922,0.08,36.34,24.09,Punjab
20040923,2.09,36.92,22.81,Punjab
20040924,0.0,38.12,23.33,Punjab
20040925,0.0,38.0,22.79,Punjab
20040926,0.0,38.02,22.88,Punjab
20040927,0.0,38.33,23.72,Punjab
20040928,0.0,38.01,22.46,Punjab
20040929,1.48,38.35,23.78,Punjab
20040930,0.41,35.97,22.7,Punjab
20041001,0.02,37.56,22.39,Punjab
20041002,7.14,27.05,21.55,Punjab
20041003,4.15,30.37,20.92,Punjab
20041004,0.0,35.08,22.43,Punjab
20041005,0.0,35.66,21.83,Punjab
20041006,0.0,36.07,20.19,Punjab
20041007,0.0,36.73,21.31,Punjab
20041008,0.0,36.19,19.42,Punjab
20041009,0.06,35.99,20.7,Punjab
20041010,3.69,32.25,21.33,Punjab
20041011,6.45,28.87,18.37,Punjab
20041012,0.75,30.38,16.49,Punjab
20041013,0.03,30.7,19.09,Punjab
20041014,0.01,30.75,16.75,Punjab
20041015,0.09,32.03,18.38,Punjab
20041016,0.0,32.25,18.48,Punjab
20041017,0.0,32.54,16.86,Punjab
20041018,0.0,32.86,18.07,Punjab
20041019,0.0,33.11,17.64,Punjab
20041020,0.0,33.08,17.57,Punjab
20041021,0.22,32.02,19.43,Punjab
20041022,0.0,32.82,16.84,Punjab
20041023,0.0,32.48,17.76,Punjab
20041024,0.0,32.01,16.97,Punjab
20041025,0.0,31.2,16.31,Punjab
20041026,0.0,28.75,15.64,Punjab
20041027,0.01,30.22,17.33,Punjab
20041028,0.0,30.44,15.84,Punjab
20041029,1.46,28.89,15.2,Punjab
20041030,0.0,28.74,15.79,Punjab
20041031,0.0,29.38,15.36,Punjab
20041101,0.0,28.91,14.58,Punjab
20041102,0.0,30.06,14.58,Punjab
20041103,0.0,29.84,15.42,Punjab
20041104,0.0,30.17,13.67,Punjab
20041105,0.0,30.1,14.47,Punjab
20041106,0.0,29.5,13.64,Punjab
20041107,0.0,30.34,15.63,Punjab
20041108,0.0,29.7,14.88,Punjab
20041109,0.0,30.03,15.59,Punjab
20041110,0.0,30.02,14.38,Punjab
20041111,0.0,29.73,11.9,Punjab
20041112,0.0,28.84,12.45,Punjab
20041113,0.0,29.6,14.04,Punjab
20041114,0.0,30.03,14.65,Punjab
20041115,0.0,30.76,16.28,Punjab
20041116,0.0,30.0,15.68,Punjab
20041117,0.0,28.08,17.64,Punjab
20041118,0.0,30.33,16.04,Punjab
20041119,0.0,30.51,15.61,Punjab
20041120,0.0,31.05,16.19,Punjab
20041121,0.0,30.77,15.92,Punjab
20041122,0.0,30.58,16.42,Punjab
20041123,0.0,28.93,13.32,Punjab
20041124,0.0,27.48,14.55,Punjab
20041125,0.0,27.15,14.58,Punjab
20041126,0.0,27.05,14.73,Punjab
20041127,0.0,27.22,14.7,Punjab
20041128,0.0,26.58,12.24,Punjab
20041129,0.01,27.01,15.08,Punjab
20041130,0.64,24.2,14.58,Punjab
20041201,0.23,26.49,13.5,Punjab
20041202,0.3,26.27,12.89,Punjab
20041203,0.0,26.62,12.34,Punjab
20041204,0.0,26.53,11.83,Punjab
20041205,0.0,25.97,10.73,Punjab
20041206,0.0,26.99,10.27,Punjab
20041207,0.0,26.53,11.64,Punjab
20041208,0.0,25.14,9.79,Punjab
20041209,0.0,25.34,9.09,Punjab
20041210,0.0,27.48,11.23,Punjab
20041211,0.0,26.03,9.68,Punjab
20041212,0.0,27.26,11.2,Punjab
20041213,0.0,27.02,12.01,Punjab
20041214,0.0,27.3,10.99,Punjab
20041215,0.0,28.78,10.18,Punjab
20041216,0.0,28.89,10.23,Punjab
20041217,0.0,27.88,12.89,Punjab
20041218,0.0,26.6,10.41,Punjab
20041219,3.48,26.96,11.3,Punjab
20041220,1.16,19.32,7.91,Punjab
20041221,0.0,21.02,9.94,Punjab
20041222,0.0,21.85,9.41,Punjab
20041223,0.0,21.88,8.78,Punjab
20041224,0.0,21.28,9.04,Punjab
20041225,0.0,19.75,6.06,Punjab
20041226,0.0,20.1,3.28,Punjab
20041227,0.0,20.56,2.98,Punjab
20041228,0.0,22.32,7.44,Punjab
20041229,0.0,22.89,9.01,Punjab
20041230,0.46,20.72,10.01,Punjab
20041231,10.39,21.1,10.25,Punjab
20050101,0.77,21.07,7.93,Punjab
20050102,0.01,20.73,7.77,Punjab
20050103,0.01,19.8,7.94,Punjab
20050104,0.0,20.38,6.56,Punjab
20050105,0.0,20.02,4.48,Punjab
20050106,0.0,21.21,6.29,Punjab
20050107,0.0,22.25,4.68,Punjab
20050108,0.0,22.48,5.33,Punjab
20050109,0.0,21.81,8.9,Punjab
20050110,0.02,22.01,7.92,Punjab
20050111,0.0,21.97,7.25,Punjab
20050112,0.0,21.36,6.03,Punjab
20050113,0.0,22.45,5.65,Punjab
20050114,0.0,22.7,6.35,Punjab
20050115,0.0,21.88,8.1,Punjab
20050116,0.09,22.63,7.56,Punjab
20050117,0.53,18.24,8.6,Punjab
20050118,0.0,19.73,4.43,Punjab
20050119,0.0,19.61,4.83,Punjab
20050120,0.0,20.62,3.94,Punjab
20050121,2.5,16.49,7.33,Punjab
20050122,16.9,12.97,5.88,Punjab
20050123,0.0,15.97,4.85,Punjab
20050124,0.06,16.11,6.47,Punjab
20050125,0.0,19.13,4.86,Punjab
20050126,0.0,22.24,5.04,Punjab
20050127,13.13,21.04,5.68,Punjab
20050128,6.82,18.35,7.57,Punjab
20050129,0.0,19.92,5.86,Punjab
20050130,0.0,19.73,5.7,Punjab
20050131,0.0,21.69,6.32,Punjab
20050201,0.0,20.86,7.51,Punjab
20050202,0.0,22.15,4.96,Punjab
20050203,0.0,20.22,7.72,Punjab
20050204,0.02,20.62,7.56,Punjab
20050205,1.53,17.44,8.96,Punjab
20050206,10.23,11.4,7.03,Punjab
20050207,2.78,19.08,9.44,Punjab
20050208,6.71,20.11,10.54,Punjab
20050209,10.26,19.09,11.72,Punjab
20050210,2.69,24.36,11.76,Punjab
20050211,0.14,25.1,11.33,Punjab
20050212,0.02,26.32,11.85,Punjab
20050213,0.04,25.53,13.12,Punjab
20050214,0.53,17.87,11.89,Punjab
20050215,7.94,19.94,10.37,Punjab
20050216,0.0,21.83,7.63,Punjab
20050217,0.03,22.55,8.09,Punjab
20050218,3.87,21.16,9.8,Punjab
20050219,3.45,19.52,5.6,Punjab
20050220,0.18,18.95,4.52,Punjab
20050221,0.0,20.18,3.68,Punjab
20050222,0.03,22.91,5.15,Punjab
20050223,0.08,19.67,8.6,Punjab
20050224,0.0,25.49,9.21,Punjab
20050225,0.0,25.49,9.73,Punjab
20050226,0.0,25.97,8.94,Punjab
20050227,0.01,24.83,11.84,Punjab
20050228,0.0,25.5,11.86,Punjab
20050301,0.5,24.65,14.42,Punjab
20050302,0.14,25.63,12.3,Punjab
20050303,0.1,31.32,13.87,Punjab
20050304,1.48,29.22,17.45,Punjab
20050305,1.77,24.99,14.52,Punjab
20050306,0.0,29.93,14.0,Punjab
20050307,0.0,28.85,16.67,Punjab
20050308,0.25,31.06,16.35,Punjab
20050309,9.41,22.05,16.87,Punjab
20050310,0.66,24.11,14.73,Punjab
20050311,0.0,28.26,12.48,Punjab
20050312,0.14,29.91,15.3,Punjab
20050313,0.0,30.73,14.3,Punjab
20050314,0.0,31.04,16.18,Punjab
20050315,0.0,32.77,19.13,Punjab
20050316,0.0,34.93,19.1,Punjab
20050317,0.01,33.16,19.58,Punjab
20050318,8.63,32.85,19.03,Punjab
20050319,1.58,32.95,17.08,Punjab
20050320,3.9,30.42,19.36,Punjab
20050321,21.96,27.15,16.53,Punjab
20050322,0.32,27.34,15.59,Punjab
20050323,0.11,28.73,14.34,Punjab
20050324,0.0,29.49,14.09,Punjab
20050325,2.03,28.94,14.42,Punjab
20050326,0.73,30.7,12.95,Punjab
20050327,0.32,32.52,16.82,Punjab
20050328,0.03,32.78,16.96,Punjab
20050329,0.0,31.62,14.97,Punjab
20050330,0.0,31.39,14.73,Punjab
20050331,0.0,31.83,13.66,Punjab
20050401,0.0,33.79,14.0,Punjab
20050402,0.0,34.09,16.35,Punjab
20050403,0.0,35.1,17.19,Punjab
20050404,0.0,35.94,17.6,Punjab
20050405,0.0,37.69,18.6,Punjab
20050406,0.0,36.92,18.4,Punjab
20050407,0.0,36.69,19.95,Punjab
20050408,0.0,33.16,14.06,Punjab
20050409,0.0,31.13,10.93,Punjab
20050410,0.0,29.74,11.87,Punjab
20050411,0.0,30.74,13.06,Punjab
20050412,0.0,32.97,12.59,Punjab
20050413,0.0,35.87,16.4,Punjab
20050414,0.0,36.56,18.52,Punjab
20050415,0.0,37.49,19.97,Punjab
20050416,0.0,36.58,18.76,Punjab
20050417,0.0,36.58,18.9,Punjab
20050418,0.0,37.9,19.55,Punjab
20050419,0.0,39.22,20.9,Punjab
20050420,0.0,36.89,20.12,Punjab
20050421,0.0,39.0,21.16,Punjab
20050422,0.0,36.42,23.0,Punjab
20050423,0.0,36.16,23.37,Punjab
20050424,0.14,37.44,23.2,Punjab
20050425,1.18,36.75,23.43,Punjab
20050426,2.13,37.03,21.98,Punjab
20050427,4.91,36.21,19.69,Punjab
20050428,2.49,35.39,19.78,Punjab
20050429,0.0,36.7,20.11,Punjab
20050430,0.0,37.59,22.6,Punjab
20050501,0.11,37.05,22.99,Punjab
20050502,0.04,34.34,25.67,Punjab
20050503,1.22,34.51,23.4,Punjab
20050504,0.0,35.29,23.86,Punjab
20050505,0.0,36.76,22.35,Punjab
20050506,0.0,39.47,25.28,Punjab
20050507,0.0,41.39,25.22,Punjab
20050508,2.96,40.0,26.68,Punjab
20050509,0.55,38.52,25.3,Punjab
20050510,0.0,38.11,22.18,Punjab
20050511,0.0,40.34,21.92,Punjab
20050512,0.0,40.89,22.25,Punjab
20050513,0.04,41.88,23.73,Punjab
20050514,0.0,41.38,24.32,Punjab
20050515,0.0,42.14,23.95,Punjab
20050516,0.0,43.09,25.13,Punjab
20050517,0.02,43.74,26.81,Punjab
20050518,0.47,44.4,26.21,Punjab
20050519,0.02,43.3,26.78,Punjab
20050520,0.0,42.83,26.76,Punjab
20050521,0.0,43.01,27.67,Punjab
20050522,0.0,39.85,27.55,Punjab
20050523,0.0,41.93,26.54,Punjab
20050524,0.0,42.13,26.02,Punjab
20050525,0.0,43.15,28.15,Punjab
20050526,0.52,42.43,27.39,Punjab
20050527,0.02,40.77,28.35,Punjab
20050528,0.0,42.57,25.38,Punjab
20050529,0.0,42.3,26.69,Punjab
20050530,0.12,42.42,27.58,Punjab
20050531,0.0,41.82,28.43,Punjab
20050601,0.0,42.75,25.83,Punjab
20050602,0.01,43.26,27.75,Punjab
20050603,0.0,44.93,28.19,Punjab
20050604,0.0,46.23,30.91,Punjab
20050605,0.0,47.04,30.85,Punjab
20050606,0.0,45.7,29.76,Punjab
20050607,0.58,42.07,28.53,Punjab
20050608,0.03,42.91,25.51,Punjab
20050609,0.0,44.14,30.13,Punjab
20050610,5.79,41.95,27.14,Punjab
20050611,0.0,43.17,27.54,Punjab
20050612,0.0,41.81,28.79,Punjab
20050613,0.0,43.54,28.36,Punjab
20050614,0.0,42.74,26.76,Punjab
20050615,0.0,43.93,30.07,Punjab
20050616,0.0,45.46,29.02,Punjab
20050617,0.0,45.58,30.86,Punjab
20050618,0.01,46.05,31.49,Punjab
20050619,1.57,46.56,31.98,Punjab
20050620,0.0,47.85,32.04,Punjab
20050621,0.13,47.79,31.94,Punjab
20050622,0.03,48.0,31.87,Punjab
20050623,0.01,49.03,34.42,Punjab
20050624,0.0,47.42,33.51,Punjab
20050625,13.87,43.5,33.42,Punjab
20050626,5.78,42.04,31.44,Punjab
20050627,1.68,43.48,30.34,Punjab
20050628,23.58,39.24,31.01,Punjab
20050629,5.95,38.6,30.01,Punjab
20050630,26.5,36.12,29.57,Punjab
20050701,30.79,37.24,29.49,Punjab
20050702,5.71,37.97,28.25,Punjab
20050703,9.96,37.59,28.03,Punjab
20050704,3.48,39.15,27.25,Punjab
20050705,6.93,35.7,26.59,Punjab
20050706,10.69,32.35,25.96,Punjab
20050707,24.18,30.77,24.45,Punjab
20050708,11.73,36.33,25.6,Punjab
20050709,0.29,38.33,27.58,Punjab
20050710,0.11,39.79,30.21,Punjab
20050711,3.03,38.82,28.19,Punjab
20050712,2.53,33.8,26.75,Punjab
20050713,1.25,33.93,26.82,Punjab
20050714,0.66,32.58,26.71,Punjab
20050715,0.24,34.71,26.26,Punjab
20050716,0.08,36.6,26.47,Punjab
20050717,0.66,37.23,26.69,Punjab
20050718,5.12,35.67,27.65,Punjab
20050719,0.36,39.0,26.96,Punjab
20050720,2.63,40.83,29.01,Punjab
20050721,0.68,40.1,29.92,Punjab
20050722,0.46,40.95,30.47,Punjab
20050723,0.66,41.18,30.31,Punjab
20050724,0.09,40.06,29.5,Punjab
20050725,0.01,41.27,28.76,Punjab
20050726,0.22,39.96,28.88,Punjab
20050727,0.62,40.2,28.9,Punjab
20050728,0.26,39.23,28.79,Punjab
20050729,14.16,37.13,29.38,Punjab
20050730,2.65,38.78,28.37,Punjab
20050731,0.96,40.26,28.27,Punjab
20050801,0.99,40.18,29.51,Punjab
20050802,2.73,38.43,29.24,Punjab
20050803,4.35,39.54,30.09,Punjab
20050804,2.39,40.13,29.02,Punjab
20050805,20.93,38.73,29.37,Punjab
20050806,11.77,36.8,28.99,Punjab
20050807,6.9,36.77,27.13,Punjab
20050808,2.47,36.14,25.75,Punjab
20050809,0.14,37.8,26.37,Punjab
20050810,0.0,39.09,27.14,Punjab
20050811,0.31,39.71,27.86,Punjab
20050812,0.4,40.31,29.02,Punjab
20050813,0.14,39.93,30.2,Punjab
20050814,0.01,40.93,29.15,Punjab
20050815,0.23,41.34,29.7,Punjab
20050816,11.76,38.71,29.26,Punjab
20050817,3.13,38.39,28.69,Punjab
20050818,0.41,39.46,28.63,Punjab
20050819,0.14,40.05,29.16,Punjab
20050820,0.42,38.29,29.46,Punjab
20050821,0.05,40.14,28.8,Punjab
20050822,1.73,40.69,29.49,Punjab
20050823,0.12,41.43,27.28,Punjab
20050824,0.14,41.33,26.99,Punjab
20050825,0.37,41.07,26.46,Punjab
20050826,0.23,40.43,26.89,Punjab
20050827,0.03,40.41,27.71,Punjab
20050828,0.1,40.46,27.34,Punjab
20050829,0.01,39.27,26.23,Punjab
20050830,0.0,40.44,26.36,Punjab
20050831,0.0,40.29,26.26,Punjab
20050901,0.0,40.68,25.86,Punjab
20050902,0.0,41.72,26.49,Punjab
20050903,0.08,41.81,26.45,Punjab
20050904,0.02,41.38,26.4,Punjab
20050905,0.16,41.26,27.16,Punjab
20050906,0.04,41.12,28.19,Punjab
20050907,0.0,36.2,28.26,Punjab
20050908,14.09,35.86,27.88,Punjab
20050909,10.75,33.44,27.51,Punjab
20050910,12.62,32.71,25.57,Punjab
20050911,1.48,37.4,25.57,Punjab
20050912,10.93,33.89,26.79,Punjab
20050913,6.77,32.07,25.12,Punjab
20050914,17.03,26.99,23.48,Punjab
20050915,2.02,34.74,23.85,Punjab
20050916,0.39,37.42,24.17,Punjab
20050917,10.87,35.37,24.3,Punjab
20050918,10.79,33.86,22.87,Punjab
20050919,0.0,36.54,23.78,Punjab
20050920,0.0,38.19,25.27,Punjab
20050921,0.02,38.09,24.87,Punjab
20050922,6.09,34.22,26.31,Punjab
20050923,5.13,34.67,25.48,Punjab
20050924,2.47,33.45,23.4,Punjab
20050925,0.09,35.95,21.28,Punjab
20050926,0.02,36.15,22.96,Punjab
20050927,0.0,37.06,23.37,Punjab
20050928,0.06,36.38,23.76,Punjab
20050929,0.0,37.01,23.28,Punjab
20050930,0.05,36.75,21.03,Punjab
20051001,0.0,36.52,22.32,Punjab
20051002,0.0,36.76,19.57,Punjab
20051003,0.0,37.16,19.35,Punjab
20051004,0.0,36.67,20.05,Punjab
20051005,0.0,36.26,22.53,Punjab
20051006,0.0,36.18,22.45,Punjab
20051007,0.0,37.0,21.53,Punjab
20051008,0.0,36.22,20.13,Punjab
20051009,0.03,36.12,22.13,Punjab
20051010,0.04,35.06,19.82,Punjab
20051011,0.0,35.17,20.25,Punjab
20051012,2.15,34.41,21.88,Punjab
20051013,0.0,34.62,20.17,Punjab
20051014,0.0,34.26,19.82,Punjab
20051015,0.0,33.71,19.13,Punjab
20051016,0.03,33.55,17.46,Punjab
20051017,0.05,33.26,18.71,Punjab
20051018,0.0,32.99,17.84,Punjab
20051019,0.0,33.12,17.51,Punjab
20051020,0.03,32.31,15.38,Punjab
20051021,0.01,32.17,15.25,Punjab
20051022,0.0,32.88,16.66,Punjab
20051023,0.0,32.62,16.9,Punjab
20051024,0.0,31.21,13.92,Punjab
20051025,0.0,31.57,15.05,Punjab
20051026,0.0,32.74,15.93,Punjab
20051027,0.0,32.83,18.01,Punjab
20051028,0.0,31.5,16.35,Punjab
20051029,0.0,31.45,16.75,Punjab
20051030,0.0,32.11,13.58,Punjab
20051031,0.0,30.09,13.16,Punjab
20051101,0.0,29.26,13.46,Punjab
20051102,0.0,29.05,14.1,Punjab
20051103,0.04,29.69,15.33,Punjab
20051104,0.89,29.24,16.23,Punjab
20051105,0.0,28.55,15.42,Punjab
20051106,0.0,28.34,13.64,Punjab
20051107,0.0,27.98,11.41,Punjab
20051108,0.0,28.88,15.39,Punjab
20051109,0.0,29.04,14.68,Punjab
20051110,0.0,29.2,15.12,Punjab
20051111,0.02,29.32,16.26,Punjab
20051112,0.01,30.23,15.87,Punjab
20051113,0.0,30.15,12.88,Punjab
20051114,0.0,29.38,12.49,Punjab
20051115,0.0,28.44,12.21,Punjab
20051116,0.0,28.33,12.79,Punjab
20051117,0.0,27.71,10.29,Punjab
20051118,0.0,27.75,9.0,Punjab
20051119,0.0,28.44,12.09,Punjab
20051120,0.0,28.66,13.91,Punjab
20051121,0.0,29.76,14.41,Punjab
20051122,0.0,28.43,14.42,Punjab
20051123,0.0,28.62,13.74,Punjab
20051124,0.0,28.47,13.62,Punjab
20051125,0.0,27.08,13.5,Punjab
20051126,0.0,25.95,13.94,Punjab
20051127,0.43,26.26,11.77,Punjab
20051128,1.26,25.9,12.81,Punjab
20051129,0.0,25.7,12.23,Punjab
20051130,0.0,24.08,8.96,Punjab
20051201,0.0,23.81,7.24,Punjab
20051202,0.0,24.17,6.21,Punjab
20051203,0.0,23.77,8.45,Punjab
20051204,0.0,24.24,7.95,Punjab
20051205,0.0,25.73,6.51,Punjab
20051206,0.0,25.86,10.35,Punjab
20051207,0.0,26.46,11.06,Punjab
20051208,0.0,26.17,11.59,Punjab
20051209,0.0,25.42,11.56,Punjab
20051210,0.0,25.58,7.56,Punjab
20051211,0.0,24.34,10.01,Punjab
20051212,0.0,22.9,9.3,Punjab
20051213,0.0,21.96,7.22,Punjab
20051214,0.0,23.96,4.49,Punjab
20051215,0.0,23.11,5.76,Punjab
20051216,0.0,23.78,8.56,Punjab
20051217,0.0,23.68,7.28,Punjab
20051218,0.0,23.65,7.58,Punjab
20051219,0.0,22.96,8.76,Punjab
20051220,0.0,21.99,6.63,Punjab
20051221,0.0,22.89,10.11,Punjab
20051222,0.0,22.32,8.73,Punjab
20051223,0.01,22.26,8.07,Punjab
20051224,0.0,21.36,6.71,Punjab
20051225,0.0,21.8,4.89,Punjab
20051226,0.0,22.37,6.22,Punjab
20051227,0.0,23.16,10.49,Punjab
20051228,0.0,22.87,7.39,Punjab
20051229,0.0,22.1,9.38,Punjab
20051230,0.0,21.99,8.68,Punjab
20051231,0.0,21.9,8.5,Punjab
20060101,0.17,23.82,9.58,Punjab
20060102,7.48,18.93,10.37,Punjab
20060103,0.03,18.02,7.47,Punjab
20060104,0.0,18.52,4.67,Punjab
20060105,0.0,19.45,3.08,Punjab
20060106,0.0,18.7,1.02,Punjab
20060107,0.0,19.51,2.1,Punjab
20060108,0.0,20.4,2.12,Punjab
20060109,0.0,17.4,3.68,Punjab
20060110,0.0,19.84,4.88,Punjab
20060111,0.0,23.13,3.38,Punjab
20060112,0.0,23.34,6.25,Punjab
20060113,0.0,24.6,7.22,Punjab
20060114,0.0,24.66,9.28,Punjab
20060115,0.35,20.87,9.85,Punjab
20060116,1.71,21.62,11.51,Punjab
20060117,0.95,14.5,10.42,Punjab
20060118,0.0,21.17,10.55,Punjab
20060119,0.0,21.69,7.48,Punjab
20060120,0.0,21.82,5.33,Punjab
20060121,0.0,20.64,4.5,Punjab
20060122,0.0,20.8,6.62,Punjab
20060123,0.0,20.35,4.55,Punjab
20060124,0.0,21.53,3.94,Punjab
20060125,0.0,21.96,5.0,Punjab
20060126,0.0,22.05,6.55,Punjab
20060127,0.0,23.96,4.99,Punjab
20060128,0.0,20.8,9.55,Punjab
20060129,0.0,23.02,9.47,Punjab
20060130,0.0,27.55,8.61,Punjab
20060131,0.0,29.41,11.27,Punjab
20060201,0.0,26.33,12.03,Punjab
20060202,0.0,28.07,8.22,Punjab
20060203,0.0,28.65,9.4,Punjab
20060204,0.0,29.14,7.71,Punjab
20060205,0.0,29.37,9.09,Punjab
20060206,0.0,28.61,12.05,Punjab
20060207,0.0,26.35,14.82,Punjab
20060208,0.0,29.21,15.03,Punjab
20060209,0.0,29.84,12.51,Punjab
20060210,0.0,29.57,14.5,Punjab
20060211,0.0,30.56,14.3,Punjab
20060212,0.0,31.4,13.55,Punjab
20060213,0.0,31.39,17.52,Punjab
20060214,0.01,29.78,17.2,Punjab
20060215,0.0,29.88,14.43,Punjab
20060216,0.0,31.4,14.03,Punjab
20060217,0.0,31.95,15.01,Punjab
20060218,0.0,30.43,17.19,Punjab
20060219,0.0,30.37,16.17,Punjab
20060220,0.0,32.45,17.49,Punjab
20060221,0.0,31.79,16.22,Punjab
20060222,0.03,32.69,16.81,Punjab
20060223,0.04,32.73,16.9,Punjab
20060224,0.0,32.91,15.71,Punjab
20060225,0.68,31.35,16.65,Punjab
20060226,0.44,30.97,15.4,Punjab
20060227,2.6,29.41,15.13,Punjab
20060228,0.0,29.64,11.42,Punjab
20060301,0.0,30.89,12.25,Punjab
20060302,0.0,31.45,14.71,Punjab
20060303,0.0,31.67,14.09,Punjab
20060304,0.0,32.01,15.33,Punjab
20060305,0.0,31.36,13.65,Punjab
20060306,0.59,31.14,16.31,Punjab
20060307,0.0,32.25,15.11,Punjab
20060308,0.0,32.96,15.58,Punjab
20060309,0.24,31.39,17.53,Punjab
20060310,8.84,25.52,17.39,Punjab
20060311,3.51,25.31,15.96,Punjab
20060312,0.03,28.07,13.98,Punjab
20060313,0.42,25.99,15.78,Punjab
20060314,15.29,21.68,15.45,Punjab
20060315,5.85,23.21,14.09,Punjab
20060316,0.0,28.01,12.51,Punjab
20060317,0.0,28.62,11.59,Punjab
20060318,0.0,30.24,12.59,Punjab
20060319,0.0,30.46,13.15,Punjab
20060320,0.06,29.59,16.2,Punjab
20060321,0.0,30.21,13.69,Punjab
20060322,0.0,30.93,12.1,Punjab
20060323,0.02,33.33,16.22,Punjab
20060324,0.94,32.98,16.74,Punjab
20060325,0.14,30.83,13.71,Punjab
20060326,6.32,29.76,16.32,Punjab
20060327,1.37,30.31,15.01,Punjab
20060328,1.3,29.61,14.91,Punjab
20060329,0.0,32.81,13.27,Punjab
20060330,0.0,33.96,15.47,Punjab
20060331,0.0,34.9,21.14,Punjab
20060401,0.0,36.26,18.29,Punjab
20060402,0.0,36.29,18.87,Punjab
20060403,0.03,35.19,19.14,Punjab
20060404,0.0,36.6,17.41,Punjab
20060405,0.0,37.68,17.95,Punjab
20060406,0.0,39.69,20.55,Punjab
20060407,0.0,39.58,21.6,Punjab
20060408,0.0,37.39,21.61,Punjab
20060409,0.06,36.28,23.78,Punjab
20060410,0.01,34.83,18.56,Punjab
20060411,0.0,35.68,16.12,Punjab
20060412,0.0,33.82,14.88,Punjab
20060413,0.0,35.09,15.78,Punjab
20060414,0.0,36.47,17.58,Punjab
20060415,0.0,36.89,19.09,Punjab
20060416,0.0,36.94,22.52,Punjab
20060417,0.01,36.95,19.76,Punjab
20060418,0.05,36.06,20.64,Punjab
20060419,0.16,36.42,20.02,Punjab
20060420,0.0,36.8,20.09,Punjab
20060421,0.0,36.48,21.97,Punjab
20060422,0.0,39.34,22.71,Punjab
20060423,0.08,41.01,24.43,Punjab
20060424,0.19,40.88,23.19,Punjab
20060425,0.0,42.74,24.53,Punjab
20060426,0.0,43.46,24.92,Punjab
20060427,0.0,44.34,25.24,Punjab
20060428,0.07,44.41,25.06,Punjab
20060429,0.2,43.09,25.91,Punjab
20060430,0.0,42.5,26.45,Punjab
20060501,0.0,43.1,25.64,Punjab
20060502,0.06,41.87,27.69,Punjab
20060503,0.05,41.15,25.34,Punjab
20060504,0.0,42.96,27.87,Punjab
20060505,0.0,45.62,28.7,Punjab
20060506,0.0,45.41,27.37,Punjab
20060507,0.0,45.91,27.43,Punjab
20060508,0.05,45.32,28.16,Punjab
20060509,2.18,43.42,29.09,Punjab
20060510,0.0,44.08,29.11,Punjab
20060511,0.04,44.84,28.98,Punjab
20060512,0.02,45.51,28.3,Punjab
20060513,0.0,45.95,27.93,Punjab
20060514,0.0,45.99,29.53,Punjab
20060515,0.05,45.4,29.67,Punjab
20060516,1.15,46.06,30.9,Punjab
20060517,2.27,40.42,28.7,Punjab
20060518,0.31,41.62,28.45,Punjab
20060519,0.22,42.33,29.42,Punjab
20060520,1.75,40.49,29.89,Punjab
20060521,1.02,42.43,28.78,Punjab
20060522,0.22,42.83,30.07,Punjab
20060523,3.12,40.96,29.07,Punjab
20060524,0.0,42.31,28.93,Punjab
20060525,0.05,44.88,30.68,Punjab
20060526,7.47,42.25,28.35,Punjab
20060527,0.02,45.48,29.28,Punjab
20060528,0.27,45.32,28.89,Punjab
20060529,1.37,43.78,28.87,Punjab
20060530,0.0,44.29,32.16,Punjab
20060531,0.0,45.31,29.28,Punjab
20060601,3.3,43.65,29.69,Punjab
20060602,0.02,43.1,28.62,Punjab
20060603,0.08,40.74,29.8,Punjab
20060604,0.58,41.25,27.64,Punjab
20060605,0.09,41.24,30.35,Punjab
20060606,0.0,42.65,29.24,Punjab
20060607,0.0,43.67,30.63,Punjab
20060608,0.0,43.82,28.28,Punjab
20060609,0.0,45.04,27.75,Punjab
20060610,0.0,45.77,31.54,Punjab
20060611,0.0,45.85,27.36,Punjab
20060612,0.41,45.17,29.34,Punjab
20060613,2.11,42.98,29.25,Punjab
20060614,0.18,41.41,28.7,Punjab
20060615,0.13,42.69,30.04,Punjab
20060616,8.83,40.09,27.83,Punjab
20060617,5.94,36.72,24.03,Punjab
20060618,0.0,39.89,25.46,Punjab
20060619,4.58,36.08,26.28,Punjab
20060620,0.01,40.73,25.6,Punjab
20060621,0.03,41.52,26.93,Punjab
20060622,0.01,43.4,30.25,Punjab
20060623,0.22,41.94,30.53,Punjab
20060624,9.62,39.9,31.73,Punjab
20060625,7.72,39.08,29.54,Punjab
20060626,8.68,37.76,29.96,Punjab
20060627,11.75,37.13,30.13,Punjab
20060628,5.75,39.16,28.42,Punjab
20060629,7.91,37.69,30.06,Punjab
20060630,0.22,39.2,28.68,Punjab
20060701,0.01,41.63,29.2,Punjab
20060702,0.09,43.14,30.9,Punjab
20060703,1.46,43.7,30.96,Punjab
20060704,0.1,44.18,30.56,Punjab
20060705,0.07,41.71,31.74,Punjab
20060706,0.0,41.84,32.33,Punjab
20060707,0.0,42.51,31.77,Punjab
20060708,0.03,42.03,33.67,Punjab
20060709,21.45,39.29,30.67,Punjab
20060710,4.29,35.27,28.23,Punjab
20060711,6.41,37.24,28.2,Punjab
20060712,22.63,36.19,27.38,Punjab
20060713,55.21,32.32,27.43,Punjab
20060714,2.02,34.48,26.31,Punjab
20060715,0.0,38.01,26.9,Punjab
20060716,0.09,39.3,27.17,Punjab
20060717,0.06,39.67,27.32,Punjab
20060718,1.52,39.7,26.92,Punjab
20060719,1.92,38.05,28.34,Punjab
20060720,0.56,37.36,28.17,Punjab
20060721,0.03,39.68,27.96,Punjab
20060722,0.05,38.83,28.31,Punjab
20060723,3.31,32.76,27.43,Punjab
20060724,13.2,35.19,27.76,Punjab
20060725,9.65,35.8,27.95,Punjab
20060726,22.5,33.15,26.4,Punjab
20060727,31.56,32.72,25.68,Punjab
20060728,2.68,34.05,25.0,Punjab
20060729,0.91,33.36,25.92,Punjab
20060730,7.85,37.07,26.83,Punjab
20060731,0.07,35.63,27.04,Punjab
20060801,0.32,37.33,26.78,Punjab
20060802,0.5,35.16,27.21,Punjab
20060803,0.39,34.95,26.59,Punjab
20060804,1.83,34.57,25.76,Punjab
20060805,3.56,33.42,25.83,Punjab
20060806,7.65,34.58,24.95,Punjab
20060807,8.31,33.74,25.98,Punjab
20060808,0.05,35.36,25.58,Punjab
20060809,0.02,36.25,26.26,Punjab
20060810,0.24,36.07,27.01,Punjab
20060811,0.07,36.92,27.67,Punjab
20060812,0.0,36.08,26.74,Punjab
20060813,0.04,38.16,27.45,Punjab
20060814,5.26,37.47,28.51,Punjab
20060815,2.53,35.7,27.27,Punjab
20060816,0.02,36.78,27.98,Punjab
20060817,0.68,37.39,28.45,Punjab
20060818,0.16,40.12,28.58,Punjab
20060819,0.14,37.66,28.03,Punjab
20060820,0.05,36.83,27.37,Punjab
20060821,0.0,37.68,27.47,Punjab
20060822,0.39,38.68,27.55,Punjab
20060823,1.32,36.11,27.72,Punjab
20060824,6.31,38.21,28.09,Punjab
20060825,3.4,38.72,27.65,Punjab
20060826,0.72,38.09,28.09,Punjab
20060827,32.55,34.72,27.96,Punjab
20060828,7.64,34.63,26.45,Punjab
20060829,2.27,35.01,26.08,Punjab
20060830,0.95,36.14,25.84,Punjab
20060831,2.51,34.26,25.44,Punjab
20060901,41.79,28.96,23.18,Punjab
20060902,69.55,27.8,22.97,Punjab
20060903,15.49,31.32,23.16,Punjab
20060904,0.0,32.02,22.26,Punjab
20060905,0.01,32.95,22.98,Punjab
20060906,0.08,33.14,24.24,Punjab
20060907,0.74,33.82,25.37,Punjab
20060908,0.26,33.71,25.02,Punjab
20060909,0.06,33.79,25.47,Punjab
20060910,0.01,33.83,25.26,Punjab
20060911,0.04,33.7,24.72,Punjab
20060912,0.04,34.53,25.36,Punjab
20060913,0.75,34.75,24.27,Punjab
20060914,0.49,33.81,24.69,Punjab
20060915,1.77,33.65,24.46,Punjab
20060916,0.34,34.32,23.36,Punjab
20060917,0.0,34.62,24.14,Punjab
20060918,0.0,35.11,24.08,Punjab
20060919,0.0,36.09,24.23,Punjab
20060920,0.22,36.39,25.16,Punjab
20060921,0.27,35.46,24.47,Punjab
20060922,0.85,34.97,23.65,Punjab
20060923,0.01,34.67,21.64,Punjab
20060924,0.0,34.12,21.07,Punjab
20060925,0.0,35.16,21.65,Punjab
20060926,0.0,35.37,21.36,Punjab
20060927,0.0,35.48,21.73,Punjab
20060928,0.0,35.91,21.54,Punjab
20060929,0.0,34.9,21.32,Punjab
20060930,0.0,36.47,20.66,Punjab
20061001,0.0,37.0,21.56,Punjab
20061002,0.0,36.62,21.71,Punjab
20061003,0.0,37.0,22.72,Punjab
20061004,0.0,36.46,22.69,Punjab
20061005,0.0,37.51,22.83,Punjab
20061006,0.0,37.45,19.95,Punjab
20061007,0.0,36.93,21.36,Punjab
20061008,0.0,36.0,21.37,Punjab
20061009,0.0,36.06,22.3,Punjab
20061010,0.0,35.57,23.03,Punjab
20061011,0.0,35.37,21.83,Punjab
20061012,0.13,35.76,22.52,Punjab
20061013,5.0,34.82,22.13,Punjab
20061014,0.16,32.69,22.47,Punjab
20061015,0.0,33.79,20.34,Punjab
20061016,0.0,33.9,19.46,Punjab
20061017,0.0,33.96,21.23,Punjab
20061018,0.0,34.51,20.27,Punjab
20061019,6.3,34.03,21.27,Punjab
20061020,19.01,23.37,17.99,Punjab
20061021,0.05,29.77,17.28,Punjab
20061022,0.02,29.51,17.69,Punjab
20061023,0.0,30.1,17.95,Punjab
20061024,0.0,28.37,17.99,Punjab
20061025,0.0,30.82,17.72,Punjab
20061026,0.0,31.08,18.37,Punjab
20061027,0.0,31.09,18.48,Punjab
20061028,0.0,31.12,18.58,Punjab
20061029,0.0,30.93,18.53,Punjab
20061030,0.0,30.92,17.35,Punjab
20061031,0.0,30.78,18.56,Punjab
20061101,0.0,30.84,18.2,Punjab
20061102,0.0,30.22,18.89,Punjab
20061103,0.0,29.58,18.58,Punjab
20061104,0.0,30.0,16.81,Punjab
20061105,0.0,30.11,18.0,Punjab
20061106,0.0,30.03,17.39,Punjab
20061107,0.0,30.11,18.27,Punjab
20061108,0.0,30.37,15.74,Punjab
20061109,0.0,29.42,15.48,Punjab
20061110,0.0,29.01,15.16,Punjab
20061111,0.01,30.12,16.57,Punjab
20061112,0.08,29.2,18.24,Punjab
20061113,0.05,28.65,16.74,Punjab
20061114,0.0,29.32,14.94,Punjab
20061115,0.0,28.27,14.61,Punjab
20061116,0.03,28.1,12.84,Punjab
20061117,1.89,27.68,14.76,Punjab
20061118,0.23,25.1,15.08,Punjab
20061119,0.03,27.1,13.09,Punjab
20061120,0.0,27.41,12.02,Punjab
20061121,0.02,27.38,12.01,Punjab
20061122,7.2,22.95,14.7,Punjab
20061123,0.0,25.57,12.7,Punjab
20061124,0.0,24.44,11.4,Punjab
20061125,0.0,24.07,8.92,Punjab
20061126,0.0,23.79,7.22,Punjab
20061127,0.0,22.11,10.06,Punjab
20061128,0.0,22.94,9.92,Punjab
20061129,0.0,23.65,8.76,Punjab
20061130,0.0,23.58,7.4,Punjab
20061201,0.0,23.66,8.11,Punjab
20061202,0.0,23.47,8.1,Punjab
20061203,0.12,23.87,9.91,Punjab
20061204,4.88,19.55,13.12,Punjab
20061205,5.26,18.62,13.12,Punjab
20061206,0.02,23.26,11.87,Punjab
20061207,0.0,22.13,9.09,Punjab
20061208,0.0,22.53,7.62,Punjab
20061209,0.0,23.02,10.0,Punjab
20061210,2.92,21.43,12.39,Punjab
20061211,0.0,19.58,7.85,Punjab
20061212,0.0,19.86,7.83,Punjab
20061213,0.0,20.48,6.29,Punjab
20061214,0.0,23.03,5.63,Punjab
20061215,0.0,22.84,5.03,Punjab
20061216,0.0,23.86,6.87,Punjab
20061217,0.0,24.7,6.88,Punjab
20061218,0.0,23.71,7.14,Punjab
20061219,0.0,23.29,8.14,Punjab
20061220,0.0,21.85,9.16,Punjab
20061221,0.0,22.13,8.88,Punjab
20061222,0.01,22.75,9.15,Punjab
20061223,0.0,22.46,6.88,Punjab
20061224,0.0,22.28,7.79,Punjab
20061225,0.29,22.5,6.55,Punjab
20061226,1.89,14.11,8.75,Punjab
20061227,0.0,20.54,6.23,Punjab
20061228,0.0,20.35,3.66,Punjab
20061229,0.0,20.47,7.87,Punjab
20061230,0.0,19.41,7.01,Punjab
20061231,0.0,19.43,7.64,Punjab
20070101,0.0,19.26,6.75,Punjab
20070102,0.0,20.63,4.53,Punjab
20070103,0.0,19.55,3.04,Punjab
20070104,0.0,19.21,1.64,Punjab
20070105,0.0,18.95,1.3,Punjab
20070106,0.0,18.16,3.01,Punjab
20070107,0.0,17.15,0.48,Punjab
20070108,0.0,18.47,1.49,Punjab
20070109,0.0,20.21,5.55,Punjab
20070110,0.0,17.95,5.25,Punjab
20070111,0.0,19.94,3.14,Punjab
20070112,0.0,19.79,4.96,Punjab
20070113,0.0,19.6,4.97,Punjab
20070114,0.0,19.05,5.83,Punjab
20070115,0.0,21.48,5.06,Punjab
20070116,0.0,22.44,5.64,Punjab
20070117,0.0,22.34,6.47,Punjab
20070118,0.0,20.59,6.23,Punjab
20070119,0.0,22.18,7.0,Punjab
20070120,0.0,20.52,5.45,Punjab
20070121,0.0,21.83,4.37,Punjab
20070122,0.0,22.28,3.04,Punjab
20070123,0.0,22.6,4.79,Punjab
20070124,0.0,22.31,6.69,Punjab
20070125,0.0,26.02,6.11,Punjab
20070126,0.0,27.81,8.86,Punjab
20070127,0.0,26.93,11.28,Punjab
20070128,0.0,26.44,12.87,Punjab
20070129,0.0,28.05,12.31,Punjab
20070130,1.41,27.01,13.77,Punjab
20070131,0.03,26.19,11.55,Punjab
20070201,0.0,27.01,8.29,Punjab
20070202,0.0,26.24,12.34,Punjab
20070203,0.0,24.54,11.03,Punjab
20070204,0.0,26.53,11.67,Punjab
20070205,0.0,26.09,9.57,Punjab
20070206,0.22,25.88,13.01,Punjab
20070207,0.0,26.41,13.76,Punjab
20070208,1.13,24.92,11.65,Punjab
20070209,1.9,22.22,14.18,Punjab
20070210,24.89,16.57,13.13,Punjab
20070211,45.27,15.58,11.49,Punjab
20070212,5.97,16.87,8.95,Punjab
20070213,8.47,15.32,10.62,Punjab
20070214,0.29,17.17,8.67,Punjab
20070215,0.3,17.01,6.82,Punjab
20070216,0.0,19.96,9.95,Punjab
20070217,0.0,21.45,9.43,Punjab
20070218,0.68,22.91,8.31,Punjab
20070219,0.88,22.44,8.96,Punjab
20070220,0.0,23.82,6.48,Punjab
20070221,0.12,25.62,9.13,Punjab
20070222,0.01,25.49,9.37,Punjab
20070223,0.0,24.2,7.99,Punjab
20070224,0.0,26.02,11.19,Punjab
20070225,0.02,25.09,12.28,Punjab
20070226,0.06,25.29,11.12,Punjab
20070227,4.22,23.04,12.58,Punjab
20070228,7.62,18.56,10.18,Punjab
20070301,0.27,22.86,9.01,Punjab
20070302,0.0,24.05,8.67,Punjab
20070303,0.01,24.84,10.78,Punjab
20070304,0.0,26.18,10.43,Punjab
20070305,0.0,26.06,10.48,Punjab
20070306,0.0,25.62,7.52,Punjab
20070307,0.0,27.33,9.54,Punjab
20070308,0.0,28.49,12.69,Punjab
20070309,0.61,29.1,11.45,Punjab
20070310,3.04,20.89,13.43,Punjab
20070311,1.13,24.93,12.92,Punjab
20070312,25.37,19.6,14.41,Punjab
20070313,4.07,22.28,12.48,Punjab
20070314,0.01,22.83,9.45,Punjab
20070315,0.0,23.59,7.97,Punjab
20070316,0.0,26.59,8.95,Punjab
20070317,0.0,28.62,11.47,Punjab
20070318,0.0,31.71,14.9,Punjab
20070319,0.49,31.37,18.01,Punjab
20070320,1.89,31.54,17.83,Punjab
20070321,7.65,29.75,16.84,Punjab
20070322,0.87,29.95,15.76,Punjab
20070323,0.0,30.54,13.76,Punjab
20070324,0.0,29.23,13.23,Punjab
20070325,0.0,29.99,14.07,Punjab
20070326,0.0,32.03,12.68,Punjab
20070327,0.0,33.49,15.9,Punjab
20070328,0.0,35.36,18.15,Punjab
20070329,0.0,36.43,18.25,Punjab
20070330,0.0,37.17,19.95,Punjab
20070331,0.0,37.12,20.29,Punjab
20070401,0.0,36.1,19.05,Punjab
20070402,0.0,33.74,15.81,Punjab
20070403,0.0,34.68,16.06,Punjab
20070404,0.0,35.66,15.6,Punjab
20070405,0.0,36.69,19.65,Punjab
20070406,0.01,36.11,20.15,Punjab
20070407,0.34,36.11,22.92,Punjab
20070408,0.0,36.4,21.02,Punjab
20070409,0.0,36.17,19.81,Punjab
20070410,0.0,38.56,19.66,Punjab
20070411,0.0,39.11,22.39,Punjab
20070412,0.0,39.82,22.19,Punjab
20070413,0.0,40.1,22.43,Punjab
20070414,0.0,40.78,23.21,Punjab
20070415,0.0,41.47,24.15,Punjab
20070416,0.0,41.69,24.09,Punjab
20070417,0.0,41.77,27.42,Punjab
20070418,2.06,39.04,26.02,Punjab
20070419,2.33,38.76,23.53,Punjab
20070420,0.0,39.32,24.29,Punjab
20070421,0.79,39.87,23.35,Punjab
20070422,0.0,41.02,24.48,Punjab
20070423,0.06,40.61,23.11,Punjab
20070424,0.0,40.5,23.54,Punjab
20070425,0.0,41.39,22.96,Punjab
20070426,0.0,41.55,23.85,Punjab
20070427,0.0,42.83,25.97,Punjab
20070428,0.0,42.44,23.58,Punjab
20070429,0.0,43.01,24.16,Punjab
20070430,0.0,43.81,25.08,Punjab
20070501,0.0,44.64,26.49,Punjab
20070502,0.0,42.16,26.93,Punjab
20070503,0.26,42.78,27.74,Punjab
20070504,2.4,42.1,26.49,Punjab
20070505,3.41,41.41,26.64,Punjab
20070506,0.0,42.65,26.43,Punjab
20070507,0.11,42.72,27.36,Punjab
20070508,0.0,42.61,26.9,Punjab
20070509,2.53,41.31,28.04,Punjab
20070510,1.33,42.39,26.85,Punjab
20070511,2.27,40.58,25.28,Punjab
20070512,0.03,40.63,26.38,Punjab
20070513,0.0,40.82,25.47,Punjab
20070514,0.0,43.29,27.03,Punjab
20070515,0.0,45.4,28.7,Punjab
20070516,0.21,45.18,30.77,Punjab
20070517,0.12,43.31,27.33,Punjab
20070518,0.01,44.22,27.47,Punjab
20070519,0.73,44.67,30.71,Punjab
20070520,0.58,42.23,30.44,Punjab
20070521,0.04,42.89,28.52,Punjab
20070522,0.46,42.06,28.25,Punjab
20070523,0.09,43.09,26.33,Punjab
20070524,0.0,42.1,27.99,Punjab
20070525,1.12,41.95,28.0,Punjab
20070526,0.67,39.18,26.2,Punjab
20070527,0.04,39.18,24.0,Punjab
20070528,0.02,39.19,25.89,Punjab
20070529,0.0,40.17,25.25,Punjab
20070530,0.0,41.18,26.75,Punjab
20070531,0.13,42.39,28.52,Punjab
20070601,0.0,43.95,28.44,Punjab
20070602,0.0,45.39,30.4,Punjab
20070603,0.0,45.05,30.4,Punjab
20070604,0.0,44.05,29.93,Punjab
20070605,0.0,43.8,28.28,Punjab
20070606,0.17,45.42,28.93,Punjab
20070607,0.0,46.37,29.18,Punjab
20070608,0.0,47.95,30.69,Punjab
20070609,0.0,49.99,30.95,Punjab
20070610,0.0,49.93,32.79,Punjab
20070611,0.0,49.58,32.36,Punjab
20070612,1.09,48.66,34.66,Punjab
20070613,0.97,46.63,34.57,Punjab
20070614,10.07,45.51,33.07,Punjab
20070615,10.73,39.59,28.57,Punjab
20070616,19.71,36.87,27.01,Punjab
20070617,11.67,37.18,28.64,Punjab
20070618,0.31,39.16,27.78,Punjab
20070619,1.84,40.07,29.12,Punjab
20070620,0.38,40.28,28.83,Punjab
20070621,0.37,40.91,29.37,Punjab
20070622,0.01,41.72,29.23,Punjab
20070623,2.23,37.68,30.84,Punjab
20070624,0.08,41.23,29.54,Punjab
20070625,2.65,41.11,30.58,Punjab
20070626,0.44,40.3,29.93,Punjab
20070627,0.05,42.04,30.47,Punjab
20070628,17.43,39.07,31.51,Punjab
20070629,20.13,35.4,28.94,Punjab
20070630,2.26,37.19,28.87,Punjab
20070701,1.25,40.33,30.01,Punjab
20070702,0.18,40.38,30.23,Punjab
20070703,2.0,37.94,30.2,Punjab
20070704,0.17,37.97,28.68,Punjab
20070705,1.82,40.06,28.4,Punjab
20070706,1.1,42.15,30.39,Punjab
20070707,1.03,42.52,29.82,Punjab
20070708,1.61,37.44,29.59,Punjab
20070709,0.65,40.89,27.84,Punjab
20070710,1.31,40.23,29.41,Punjab
20070711,1.44,41.43,30.29,Punjab
20070712,1.35,41.93,30.86,Punjab
20070713,8.88,40.35,31.64,Punjab
20070714,4.39,39.99,29.18,Punjab
20070715,1.57,39.43,29.77,Punjab
20070716,0.04,41.31,29.43,Punjab
20070717,0.03,42.45,29.2,Punjab
20070718,3.17,42.17,29.66,Punjab
20070719,0.03,42.57,31.32,Punjab
20070720,0.26,42.42,31.68,Punjab
20070721,5.78,38.9,31.63,Punjab
20070722,2.85,38.56,29.41,Punjab
20070723,1.66,37.79,28.95,Punjab
20070724,8.04,38.13,28.24,Punjab
20070725,1.23,40.6,29.28,Punjab
20070726,0.44,42.95,29.8,Punjab
20070727,0.46,42.28,30.4,Punjab
20070728,3.57,40.07,29.02,Punjab
20070729,1.3,40.96,28.4,Punjab
20070730,0.34,41.4,30.08,Punjab
20070731,0.35,42.0,30.05,Punjab
20070801,2.41,41.24,30.65,Punjab
20070802,15.11,38.89,29.39,Punjab
20070803,3.68,37.21,27.72,Punjab
20070804,7.23,34.76,27.62,Punjab
20070805,1.45,32.69,27.53,Punjab
20070806,17.31,32.23,27.2,Punjab
20070807,6.37,37.1,27.96,Punjab
20070808,0.43,39.32,27.49,Punjab
20070809,0.0,38.4,28.44,Punjab
20070810,0.06,39.63,28.39,Punjab
20070811,0.02,41.4,30.52,Punjab
20070812,3.74,40.35,31.03,Punjab
20070813,6.06,40.43,30.09,Punjab
20070814,2.05,39.43,30.45,Punjab
20070815,0.3,39.07,29.99,Punjab
20070816,3.42,38.96,29.44,Punjab
20070817,0.32,40.73,29.49,Punjab
20070818,0.01,40.34,28.43,Punjab
20070819,7.0,38.72,28.09,Punjab
20070820,2.09,35.79,26.22,Punjab
20070821,0.0,37.69,26.54,Punjab
20070822,0.62,38.16,27.46,Punjab
20070823,16.01,34.65,27.8,Punjab
20070824,5.83,36.75,26.88,Punjab
20070825,3.37,39.0,28.25,Punjab
20070826,0.87,39.58,27.89,Punjab
20070827,6.55,38.68,28.51,Punjab
20070828,3.14,38.82,27.15,Punjab
20070829,0.03,38.35,27.07,Punjab
20070830,0.01,38.47,26.45,Punjab
20070831,4.05,37.63,27.53,Punjab
20070901,2.77,38.65,26.59,Punjab
20070902,0.17,37.75,27.11,Punjab
20070903,0.08,39.72,28.03,Punjab
20070904,0.79,39.43,27.49,Punjab
20070905,12.63,37.73,27.78,Punjab
20070906,10.15,34.64,26.43,Punjab
20070907,1.23,32.63,24.84,Punjab
20070908,0.02,37.1,24.21,Punjab
20070909,0.11,37.78,25.66,Punjab
20070910,6.46,36.44,26.47,Punjab
20070911,0.14,36.18,26.4,Punjab
20070912,1.93,35.88,25.85,Punjab
20070913,0.41,37.28,25.96,Punjab
20070914,0.02,37.84,25.64,Punjab
20070915,0.0,38.14,25.66,Punjab
20070916,0.0,38.13,24.91,Punjab
20070917,0.0,37.76,25.76,Punjab
20070918,0.0,38.47,27.09,Punjab
20070919,0.02,38.62,27.04,Punjab
20070920,3.19,36.65,26.35,Punjab
20070921,0.06,38.24,25.83,Punjab
20070922,3.66,37.06,25.78,Punjab
20070923,0.57,36.51,25.5,Punjab
20070924,0.22,36.95,25.56,Punjab
20070925,0.21,36.89,25.04,Punjab
20070926,0.04,36.27,25.22,Punjab
20070927,0.0,36.47,23.87,Punjab
20070928,0.03,35.76,24.41,Punjab
20070929,0.02,36.56,22.88,Punjab
20070930,0.0,36.55,21.38,Punjab
20071001,0.0,36.64,19.46,Punjab
20071002,0.0,36.58,20.5,Punjab
20071003,0.0,36.77,18.98,Punjab
20071004,0.0,36.53,19.75,Punjab
20071005,0.0,36.16,19.92,Punjab
20071006,0.0,35.28,20.38,Punjab
20071007,0.0,35.39,18.26,Punjab
20071008,0.0,35.54,18.55,Punjab
20071009,0.0,35.2,17.47,Punjab
20071010,0.0,35.08,18.97,Punjab
20071011,0.0,34.63,18.97,Punjab
20071012,0.0,34.98,18.1,Punjab
20071013,0.0,35.05,19.08,Punjab
20071014,0.0,35.12,18.72,Punjab
20071015,0.0,34.31,19.4,Punjab
20071016,0.02,33.8,19.02,Punjab
20071017,2.47,32.43,16.76,Punjab
20071018,0.0,32.36,18.73,Punjab
20071019,0.0,33.12,19.66,Punjab
20071020,0.0,33.25,19.02,Punjab
20071021,0.0,34.7,18.53,Punjab
20071022,0.0,33.67,17.51,Punjab
20071023,0.0,32.86,18.29,Punjab
20071024,0.0,33.46,17.15,Punjab
20071025,0.0,33.68,19.49,Punjab
20071026,0.0,34.46,19.0,Punjab
20071027,0.0,34.82,19.25,Punjab
20071028,0.0,34.41,17.36,Punjab
20071029,0.0,34.26,17.42,Punjab
20071030,0.0,34.09,15.74,Punjab
20071031,0.0,33.28,16.26,Punjab
20071101,0.0,33.56,16.73,Punjab
20071102,0.0,33.31,16.62,Punjab
20071103,0.0,32.4,14.57,Punjab
20071104,0.0,31.85,13.27,Punjab
20071105,0.0,31.83,17.69,Punjab
20071106,0.0,32.07,13.94,Punjab
20071107,0.0,31.16,14.57,Punjab
20071108,0.0,31.8,17.0,Punjab
20071109,0.0,29.77,14.72,Punjab
20071110,0.0,30.34,15.64,Punjab
20071111,0.0,29.88,17.09,Punjab
20071112,0.0,28.49,15.58,Punjab
20071113,0.0,28.48,16.55,Punjab
20071114,0.0,28.1,16.1,Punjab
20071115,0.0,29.26,15.15,Punjab
20071116,0.0,29.11,14.84,Punjab
20071117,0.0,29.18,13.0,Punjab
20071118,0.0,29.0,13.71,Punjab
20071119,0.0,27.51,11.23,Punjab
20071120,0.0,27.79,12.9,Punjab
20071121,0.0,28.9,11.14,Punjab
20071122,0.0,29.17,13.33,Punjab
20071123,0.0,28.07,13.32,Punjab
20071124,0.0,27.86,15.11,Punjab
20071125,0.0,27.75,14.74,Punjab
20071126,0.0,26.57,12.48,Punjab
20071127,0.0,26.81,12.92,Punjab
20071128,0.0,26.64,12.85,Punjab
20071129,0.57,27.74,13.66,Punjab
20071130,5.85,24.01,12.5,Punjab
20071201,0.0,24.31,12.65,Punjab
20071202,0.04,25.2,12.47,Punjab
20071203,0.0,23.44,10.19,Punjab
20071204,0.0,23.11,8.94,Punjab
20071205,0.0,23.34,9.79,Punjab
20071206,0.0,23.49,10.28,Punjab
20071207,0.0,22.43,10.64,Punjab
20071208,0.0,22.5,9.53,Punjab
20071209,0.0,20.14,10.39,Punjab
20071210,2.93,20.41,9.85,Punjab
20071211,0.12,19.74,10.02,Punjab
20071212,0.0,20.77,10.47,Punjab
20071213,0.03,20.59,8.82,Punjab
20071214,0.0,19.96,7.84,Punjab
20071215,0.0,21.33,5.22,Punjab
20071216,0.0,21.39,6.68,Punjab
20071217,0.0,21.27,4.09,Punjab
20071218,0.0,19.18,6.53,Punjab
20071219,0.0,22.41,6.79,Punjab
20071220,0.0,22.15,6.46,Punjab
20071221,0.0,23.33,6.21,Punjab
20071222,0.0,26.38,6.78,Punjab
20071223,0.0,25.47,7.82,Punjab
20071224,0.0,25.34,12.21,Punjab
20071225,0.0,23.97,9.0,Punjab
20071226,0.0,24.08,8.03,Punjab
20071227,0.0,23.16,5.31,Punjab
20071228,0.0,22.36,3.98,Punjab
20071229,0.0,21.57,5.33,Punjab
20071230,0.0,21.96,3.19,Punjab
20071231,0.0,22.2,3.09,Punjab
20080101,0.0,22.2,4.11,Punjab
20080102,0.0,21.42,5.11,Punjab
20080103,0.0,20.62,3.31,Punjab
20080104,0.0,22.18,6.71,Punjab
20080105,0.02,22.42,9.05,Punjab
20080106,0.04,23.99,11.25,Punjab
20080107,0.03,24.83,10.16,Punjab
20080108,3.86,16.72,12.51,Punjab
20080109,9.34,17.86,11.99,Punjab
20080110,0.2,20.43,9.02,Punjab
20080111,0.02,19.52,6.3,Punjab
20080112,0.0,19.25,4.94,Punjab
20080113,0.0,21.02,5.82,Punjab
20080114,0.0,22.57,5.69,Punjab
20080115,0.0,24.43,8.33,Punjab
20080116,0.01,22.15,9.65,Punjab
20080117,3.34,18.37,11.69,Punjab
20080118,2.32,20.94,8.9,Punjab
20080119,0.05,20.01,5.48,Punjab
20080120,0.0,19.45,3.74,Punjab
20080121,0.0,18.42,1.54,Punjab
20080122,0.0,19.13,0.76,Punjab
20080123,0.0,17.75,0.8,Punjab
20080124,0.0,16.63,1.71,Punjab
20080125,0.0,13.83,4.03,Punjab
20080126,0.0,17.75,2.2,Punjab
20080127,0.0,17.62,-0.2,Punjab
20080128,0.0,16.38,3.97,Punjab
20080129,0.0,18.3,3.71,Punjab
20080130,0.0,19.52,5.03,Punjab
20080131,0.0,19.49,4.85,Punjab
20080201,0.0,20.14,2.82,Punjab
20080202,3.56,19.13,4.38,Punjab
20080203,0.75,16.52,6.35,Punjab
20080204,0.0,19.84,5.84,Punjab
20080205,0.0,18.64,6.71,Punjab
20080206,0.86,19.31,6.83,Punjab
20080207,0.27,18.71,6.96,Punjab
20080208,0.01,17.76,3.3,Punjab
20080209,0.0,19.27,2.78,Punjab
20080210,0.0,21.44,2.46,Punjab
20080211,0.0,21.27,2.95,Punjab
20080212,0.0,21.4,2.27,Punjab
20080213,0.0,22.84,2.67,Punjab
20080214,0.0,24.95,5.08,Punjab
20080215,0.0,26.32,9.26,Punjab
20080216,0.0,26.84,7.47,Punjab
20080217,0.0,27.75,10.11,Punjab
20080218,0.0,27.51,8.43,Punjab
20080219,0.0,27.7,7.21,Punjab
20080220,0.0,28.3,10.32,Punjab
20080221,0.0,28.75,10.12,Punjab
20080222,0.0,29.23,13.59,Punjab
20080223,0.0,27.73,13.18,Punjab
20080224,0.0,26.7,12.61,Punjab
20080225,0.0,26.48,10.36,Punjab
20080226,0.0,27.97,7.37,Punjab
20080227,0.0,30.74,9.25,Punjab
20080228,0.0,31.94,13.41,Punjab
20080229,0.0,33.58,15.19,Punjab
20080301,0.0,34.22,16.82,Punjab
20080302,0.0,33.24,14.98,Punjab
20080303,0.0,31.66,16.05,Punjab
20080304,0.0,32.41,15.64,Punjab
20080305,0.0,33.9,15.19,Punjab
20080306,0.0,34.91,16.43,Punjab
20080307,0.0,34.31,15.29,Punjab
20080308,0.0,32.62,16.57,Punjab
20080309,0.0,32.66,15.86,Punjab
20080310,0.0,32.15,15.62,Punjab
20080311,0.0,32.52,15.18,Punjab
20080312,0.0,33.4,15.3,Punjab
20080313,0.0,32.93,14.24,Punjab
20080314,0.02,33.02,17.26,Punjab
20080315,0.0,33.89,15.3,Punjab
20080316,0.0,36.15,16.34,Punjab
20080317,0.0,37.16,19.2,Punjab
20080318,0.0,37.57,19.58,Punjab
20080319,0.0,35.94,18.53,Punjab
20080320,0.0,35.05,19.67,Punjab
20080321,0.0,35.17,16.19,Punjab
20080322,0.0,35.86,19.86,Punjab
20080323,0.0,35.73,19.54,Punjab
20080324,0.0,36.32,19.29,Punjab
20080325,0.0,36.77,18.69,Punjab
20080326,0.0,37.05,19.85,Punjab
20080327,0.0,36.53,18.66,Punjab
20080328,0.0,36.33,19.36,Punjab
20080329,0.0,36.78,20.11,Punjab
20080330,0.0,37.34,20.13,Punjab
20080331,0.07,36.17,19.03,Punjab
20080401,0.0,35.44,19.0,Punjab
20080402,0.2,34.66,17.89,Punjab
20080403,2.24,28.74,16.76,Punjab
20080404,2.2,31.5,14.87,Punjab
20080405,21.66,21.61,16.03,Punjab
20080406,0.0,31.0,13.96,Punjab
20080407,0.0,31.78,14.95,Punjab
20080408,0.0,34.69,17.76,Punjab
20080409,0.0,34.38,18.97,Punjab
20080410,0.0,35.79,19.62,Punjab
20080411,0.01,35.66,20.22,Punjab
20080412,0.8,36.62,20.83,Punjab
20080413,0.0,37.43,22.1,Punjab
20080414,0.08,37.82,19.9,Punjab
20080415,1.84,36.6,20.83,Punjab
20080416,6.49,33.64,19.37,Punjab
20080417,2.44,33.97,16.75,Punjab
20080418,0.0,36.4,16.69,Punjab
20080419,0.0,37.61,19.51,Punjab
20080420,0.0,38.67,20.15,Punjab
20080421,0.0,39.7,19.97,Punjab
20080422,0.0,39.99,21.86,Punjab
20080423,0.0,40.15,23.36,Punjab
20080424,0.0,40.13,23.05,Punjab
20080425,0.0,40.6,23.84,Punjab
20080426,0.06,41.09,22.8,Punjab
20080427,0.0,39.93,22.78,Punjab
20080428,0.0,41.64,23.74,Punjab
20080429,0.0,42.72,25.52,Punjab
20080430,0.0,43.72,24.31,Punjab
20080501,0.0,43.63,25.21,Punjab
20080502,0.0,43.0,26.14,Punjab
20080503,0.0,44.55,25.23,Punjab
20080504,0.0,45.34,26.07,Punjab
20080505,3.87,41.39,26.74,Punjab
20080506,0.1,40.69,25.43,Punjab
20080507,0.0,40.81,25.49,Punjab
20080508,0.0,41.64,26.82,Punjab
20080509,0.37,38.66,24.77,Punjab
20080510,0.84,38.61,24.51,Punjab
20080511,0.0,39.65,26.87,Punjab
20080512,0.0,41.26,28.56,Punjab
20080513,0.0,41.33,26.34,Punjab
20080514,0.27,41.16,28.28,Punjab
20080515,0.41,42.24,26.92,Punjab
20080516,0.0,43.34,29.46,Punjab
20080517,0.08,44.36,29.78,Punjab
20080518,0.68,42.87,28.13,Punjab
20080519,9.38,38.18,26.55,Punjab
20080520,28.52,36.93,24.66,Punjab
20080521,6.57,36.72,24.96,Punjab
20080522,4.59,35.17,24.05,Punjab
20080523,3.83,35.08,25.77,Punjab
20080524,0.4,35.61,25.69,Punjab
20080525,3.81,35.56,25.33,Punjab
20080526,1.09,38.22,25.38,Punjab
20080527,0.45,39.1,23.58,Punjab
20080528,1.02,39.18,23.76,Punjab
20080529,0.0,39.96,24.97,Punjab
20080530,0.13,40.55,26.84,Punjab
20080531,0.7,42.65,27.56,Punjab
20080601,1.59,38.02,28.82,Punjab
20080602,2.66,33.73,27.75,Punjab
20080603,0.0,39.47,26.36,Punjab
20080604,3.02,40.14,28.94,Punjab
20080605,4.36,41.34,29.24,Punjab
20080606,1.94,41.68,28.73,Punjab
20080607,0.54,42.51,29.55,Punjab
20080608,1.73,39.75,29.06,Punjab
20080609,5.61,38.14,28.92,Punjab
20080610,0.3,39.63,28.59,Punjab
20080611,2.83,40.02,29.51,Punjab
20080612,1.15,40.63,29.92,Punjab
20080613,7.11,39.05,30.07,Punjab
20080614,14.82,37.63,29.39,Punjab
20080615,48.71,32.54,28.06,Punjab
20080616,4.85,37.7,27.57,Punjab
20080617,0.17,37.98,27.65,Punjab
20080618,0.6,39.13,26.98,Punjab
20080619,4.65,37.42,28.28,Punjab
20080620,16.52,37.36,27.75,Punjab
20080621,14.02,36.26,29.27,Punjab
20080622,0.72,38.13,27.48,Punjab
20080623,10.62,37.59,28.13,Punjab
20080624,9.64,38.57,28.97,Punjab
20080625,2.0,39.19,28.03,Punjab
20080626,27.01,37.53,28.76,Punjab
20080627,5.6,39.94,29.52,Punjab
20080628,2.86,37.1,27.18,Punjab
20080629,13.27,31.81,25.57,Punjab
20080630,0.35,37.22,25.13,Punjab
20080701,0.0,37.38,25.81,Punjab
20080702,0.11,39.27,26.39,Punjab
20080703,0.13,40.03,28.14,Punjab
20080704,2.31,40.33,27.65,Punjab
20080705,3.66,38.03,27.97,Punjab
20080706,5.95,33.14,27.48,Punjab
20080707,1.66,34.77,26.99,Punjab
20080708,0.41,34.02,27.26,Punjab
20080709,12.48,34.88,26.18,Punjab
20080710,0.63,33.68,26.67,Punjab
20080711,20.16,35.14,27.78,Punjab
20080712,49.53,34.38,28.01,Punjab
20080713,19.83,33.73,26.41,Punjab
20080714,0.85,33.95,26.23,Punjab
20080715,0.71,35.67,27.16,Punjab
20080716,1.21,36.72,26.68,Punjab
20080717,0.69,38.13,27.58,Punjab
20080718,0.26,38.71,27.98,Punjab
20080719,0.48,36.75,28.25,Punjab
20080720,1.15,36.8,27.23,Punjab
20080721,5.18,33.55,27.11,Punjab
20080722,0.11,37.47,26.95,Punjab
20080723,0.0,38.63,27.39,Punjab
20080724,0.0,39.52,28.84,Punjab
20080725,0.0,39.6,27.97,Punjab
20080726,0.47,39.34,29.52,Punjab
20080727,0.25,35.54,27.53,Punjab
20080728,4.62,35.67,27.08,Punjab
20080729,0.88,38.19,26.53,Punjab
20080730,0.68,37.73,28.0,Punjab
20080731,20.47,31.16,25.57,Punjab
20080801,3.2,35.25,25.31,Punjab
20080802,8.58,34.71,25.9,Punjab
20080803,1.56,35.87,26.27,Punjab
20080804,31.13,31.54,26.7,Punjab
20080805,34.81,30.31,25.65,Punjab
20080806,8.02,32.99,25.13,Punjab
20080807,17.06,33.46,25.78,Punjab
20080808,17.7,31.61,25.69,Punjab
20080809,1.69,33.58,24.48,Punjab
20080810,0.63,33.18,26.13,Punjab
20080811,9.75,31.84,25.34,Punjab
20080812,66.24,30.48,24.24,Punjab
20080813,41.64,28.77,24.55,Punjab
20080814,23.84,30.48,24.03,Punjab
20080815,19.26,32.24,24.14,Punjab
20080816,7.83,32.36,24.48,Punjab
20080817,0.77,32.33,24.68,Punjab
20080818,0.01,32.94,25.42,Punjab
20080819,0.04,33.37,24.64,Punjab
20080820,0.02,33.3,24.82,Punjab
20080821,0.08,33.35,25.75,Punjab
20080822,0.01,33.21,24.68,Punjab
20080823,0.01,33.07,25.65,Punjab
20080824,0.0,32.99,25.46,Punjab
20080825,0.31,33.95,26.34,Punjab
20080826,0.16,34.77,25.21,Punjab
20080827,0.06,34.98,25.36,Punjab
20080828,0.0,34.64,25.45,Punjab
20080829,0.0,34.98,24.16,Punjab
20080830,8.56,34.14,25.08,Punjab
20080831,3.03,32.28,24.7,Punjab
20080901,0.03,32.27,23.89,Punjab
20080902,0.0,33.27,24.04,Punjab
20080903,0.02,34.06,24.52,Punjab
20080904,0.03,34.78,24.08,Punjab
20080905,3.67,34.87,23.42,Punjab
20080906,8.45,31.48,23.73,Punjab
20080907,4.39,30.05,21.99,Punjab
20080908,18.73,30.89,21.07,Punjab
20080909,0.0,31.61,21.35,Punjab
20080910,0.0,33.09,21.97,Punjab
20080911,0.01,33.83,22.48,Punjab
20080912,0.04,34.27,22.82,Punjab
20080913,0.16,34.41,22.63,Punjab
20080914,0.36,34.33,22.87,Punjab
20080915,0.0,34.41,22.88,Punjab
20080916,0.75,34.36,23.34,Punjab
20080917,12.19,33.83,24.16,Punjab
20080918,9.3,31.65,23.76,Punjab
20080919,35.52,29.98,22.43,Punjab
20080920,16.62,30.87,20.77,Punjab
20080921,0.02,31.15,21.44,Punjab
20080922,0.9,31.37,21.41,Punjab
20080923,1.07,31.18,21.7,Punjab
20080924,0.0,31.55,20.44,Punjab
20080925,0.0,31.72,21.17,Punjab
20080926,0.0,33.89,21.75,Punjab
20080927,0.0,33.54,20.95,Punjab
20080928,0.0,34.36,21.63,Punjab
20080929,0.0,33.82,21.78,Punjab
20080930,0.0,33.76,21.84,Punjab
20081001,0.0,34.69,21.97,Punjab
20081002,0.0,33.91,21.82,Punjab
20081003,0.03,34.3,22.36,Punjab
20081004,0.04,34.42,22.73,Punjab
20081005,0.05,34.95,23.2,Punjab
20081006,0.23,34.02,22.68,Punjab
20081007,0.29,33.2,21.59,Punjab
20081008,0.0,33.18,21.58,Punjab
20081009,0.0,32.91,21.35,Punjab
20081010,0.0,33.44,21.46,Punjab
20081011,0.0,33.84,21.29,Punjab
20081012,0.0,34.2,20.07,Punjab
20081013,0.0,34.53,19.92,Punjab
20081014,0.0,32.78,19.48,Punjab
20081015,2.59,31.79,20.16,Punjab
20081016,6.64,31.05,19.85,Punjab
20081017,0.58,31.11,17.23,Punjab
20081018,0.0,31.56,18.36,Punjab
20081019,0.0,31.46,17.72,Punjab
20081020,0.0,31.41,18.03,Punjab
20081021,0.0,31.88,18.52,Punjab
20081022,0.0,32.04,18.32,Punjab
20081023,0.0,32.29,17.66,Punjab
20081024,0.0,30.93,16.77,Punjab
20081025,0.0,30.8,15.72,Punjab
20081026,0.0,31.3,15.72,Punjab
20081027,0.0,30.18,17.82,Punjab
20081028,0.0,31.5,16.41,Punjab
20081029,0.0,31.1,15.5,Punjab
20081030,0.0,30.78,16.96,Punjab
20081031,0.0,31.25,15.15,Punjab
20081101,0.0,31.74,14.41,Punjab
20081102,0.0,32.75,17.51,Punjab
20081103,0.0,32.14,17.82,Punjab
20081104,0.0,32.29,15.4,Punjab
20081105,0.0,31.25,16.12,Punjab
20081106,0.0,30.13,13.39,Punjab
20081107,0.0,29.03,13.63,Punjab
20081108,0.0,29.15,13.45,Punjab
20081109,0.0,29.91,14.81,Punjab
20081110,0.0,29.91,14.56,Punjab
20081111,0.0,30.32,15.19,Punjab
20081112,0.0,28.47,14.14,Punjab
20081113,0.0,27.53,13.97,Punjab
20081114,0.0,26.31,14.34,Punjab
20081115,0.0,27.91,14.91,Punjab
20081116,0.0,27.68,14.15,Punjab
20081117,0.0,28.65,14.7,Punjab
20081118,0.0,28.47,13.38,Punjab
20081119,0.0,28.25,13.66,Punjab
20081120,1.69,25.03,13.73,Punjab
20081121,0.0,24.36,11.0,Punjab
20081122,0.0,25.19,7.82,Punjab
20081123,0.0,25.98,8.62,Punjab
20081124,0.0,26.67,9.71,Punjab
20081125,0.0,27.31,12.9,Punjab
20081126,0.0,26.03,10.01,Punjab
20081127,0.0,25.58,11.6,Punjab
20081128,0.0,26.09,9.68,Punjab
20081129,0.0,27.45,8.98,Punjab
20081130,0.0,27.12,10.71,Punjab
20081201,0.0,26.11,10.2,Punjab
20081202,0.0,25.26,11.17,Punjab
20081203,0.0,25.63,10.56,Punjab
20081204,0.0,26.39,11.24,Punjab
20081205,0.0,26.58,11.83,Punjab
20081206,0.0,26.63,9.38,Punjab
20081207,0.02,24.18,9.7,Punjab
20081208,0.51,25.81,13.69,Punjab
20081209,0.21,24.58,12.66,Punjab
20081210,1.48,25.35,11.09,Punjab
20081211,0.0,25.01,10.4,Punjab
20081212,0.0,25.1,9.85,Punjab
20081213,0.0,24.51,11.47,Punjab
20081214,0.0,23.46,8.5,Punjab
20081215,0.0,22.86,7.92,Punjab
20081216,0.18,21.87,11.14,Punjab
20081217,0.14,25.65,11.42,Punjab
20081218,0.01,27.53,12.0,Punjab
20081219,1.09,21.01,14.71,Punjab
20081220,2.1,25.74,14.94,Punjab
20081221,0.01,24.48,11.25,Punjab
20081222,0.0,23.64,7.61,Punjab
20081223,0.0,23.67,8.86,Punjab
20081224,0.29,23.01,6.28,Punjab
20081225,0.0,23.45,10.54,Punjab
20081226,0.0,22.34,7.66,Punjab
20081227,0.0,22.08,8.61,Punjab
20081228,0.0,22.04,8.88,Punjab
20081229,0.0,21.92,8.34,Punjab
20081230,0.0,22.81,6.76,Punjab
20081231,0.0,23.52,7.09,Punjab
20090101,0.0,22.37,5.79,Punjab
20090102,0.0,22.1,8.05,Punjab
20090103,0.01,21.63,7.85,Punjab
20090104,4.8,20.12,7.74,Punjab
20090105,0.0,20.28,8.97,Punjab
20090106,0.0,20.59,7.97,Punjab
20090107,0.0,20.43,7.49,Punjab
20090108,0.0,20.82,6.59,Punjab
20090109,0.0,22.22,9.26,Punjab
20090110,0.0,21.84,8.84,Punjab
20090111,0.0,22.33,6.48,Punjab
20090112,0.0,21.57,7.05,Punjab
20090113,0.0,21.94,8.21,Punjab
20090114,0.0,23.94,7.7,Punjab
20090115,0.0,24.69,8.95,Punjab
20090116,7.16,23.46,10.46,Punjab
20090117,2.36,21.75,11.9,Punjab
20090118,7.31,18.73,11.34,Punjab
20090119,0.0,21.56,8.39,Punjab
20090120,0.0,23.1,5.61,Punjab
20090121,0.0,21.47,4.82,Punjab
20090122,0.0,20.71,7.7,Punjab
20090123,0.0,24.6,8.08,Punjab
20090124,0.0,27.41,12.76,Punjab
20090125,0.13,25.27,14.74,Punjab
20090126,0.06,24.9,12.13,Punjab
20090127,0.45,23.76,10.35,Punjab
20090128,0.0,23.4,7.06,Punjab
20090129,0.0,23.35,9.52,Punjab
20090130,0.0,23.62,10.46,Punjab
20090131,0.0,23.86,6.45,Punjab
20090201,0.0,24.32,6.96,Punjab
20090202,0.0,24.42,7.28,Punjab
20090203,0.0,25.28,11.15,Punjab
20090204,0.0,27.41,10.13,Punjab
20090205,0.32,25.67,11.42,Punjab
20090206,0.53,24.9,11.61,Punjab
20090207,0.0,24.73,7.48,Punjab
20090208,0.0,25.11,8.19,Punjab
20090209,0.19,22.3,9.88,Punjab
20090210,15.56,17.59,9.84,Punjab
20090211,0.21,21.64,9.04,Punjab
20090212,0.09,22.34,8.63,Punjab
20090213,6.39,26.8,7.91,Punjab
20090214,0.08,25.15,10.63,Punjab
20090215,0.0,23.97,8.62,Punjab
20090216,0.0,24.3,7.02,Punjab
20090217,0.0,25.6,8.75,Punjab
20090218,0.0,26.78,9.44,Punjab
20090219,0.0,27.2,9.02,Punjab
20090220,0.0,28.38,11.0,Punjab
20090221,0.0,28.37,10.81,Punjab
20090222,0.0,28.45,11.48,Punjab
20090223,0.0,29.82,13.04,Punjab
20090224,0.0,28.65,15.19,Punjab
20090225,0.0,28.29,14.41,Punjab
20090226,0.0,28.44,11.95,Punjab
20090227,0.0,27.69,10.91,Punjab
20090228,0.0,27.83,8.79,Punjab
20090301,0.0,30.22,8.74,Punjab
20090302,0.14,32.52,14.57,Punjab
20090303,0.0,33.62,16.24,Punjab
20090304,0.0,32.35,17.06,Punjab
20090305,0.0,30.97,16.08,Punjab
20090306,0.0,31.59,13.72,Punjab
20090307,0.0,30.76,13.73,Punjab
20090308,0.0,29.34,14.03,Punjab
20090309,0.0,30.23,13.05,Punjab
20090310,0.0,30.01,14.09,Punjab
20090311,0.0,30.61,10.42,Punjab
20090312,0.0,33.03,11.96,Punjab
20090313,0.0,33.89,15.74,Punjab
20090314,0.0,32.8,13.83,Punjab
20090315,0.0,32.86,15.03,Punjab
20090316,0.0,31.96,16.0,Punjab
20090317,0.0,33.9,15.06,Punjab
20090318,0.01,34.38,17.52,Punjab
20090319,0.0,33.89,17.47,Punjab
20090320,7.83,33.85,18.16,Punjab
20090321,0.0,32.18,16.84,Punjab
20090322,0.0,31.47,14.1,Punjab
20090323,0.0,33.0,16.4,Punjab
20090324,0.35,33.57,17.73,Punjab
20090325,12.61,25.6,16.85,Punjab
20090326,0.86,30.14,14.35,Punjab
20090327,1.53,29.12,16.05,Punjab
20090328,9.42,30.19,13.25,Punjab
20090329,2.39,28.89,17.05,Punjab
20090330,0.0,31.66,17.24,Punjab
20090331,0.0,33.61,15.39,Punjab
20090401,0.0,33.83,16.24,Punjab
20090402,2.26,35.53,19.53,Punjab
20090403,2.02,34.59,20.27,Punjab
20090404,0.0,35.2,18.12,Punjab
20090405,0.75,32.45,17.67,Punjab
20090406,4.0,33.01,17.68,Punjab
20090407,0.0,32.74,17.55,Punjab
20090408,11.6,32.68,17.55,Punjab
20090409,4.48,27.69,14.25,Punjab
20090410,0.0,31.18,13.02,Punjab
20090411,0.0,35.35,15.31,Punjab
20090412,0.0,37.59,20.44,Punjab
20090413,0.0,37.53,20.71,Punjab
20090414,0.0,38.86,21.12,Punjab
20090415,0.1,38.47,20.81,Punjab
20090416,0.82,36.14,19.73,Punjab
20090417,0.0,36.09,17.09,Punjab
20090418,0.0,38.81,18.47,Punjab
20090419,0.0,41.06,19.25,Punjab
20090420,0.02,40.28,22.21,Punjab
20090421,0.0,39.02,22.82,Punjab
20090422,0.0,36.88,20.2,Punjab
20090423,0.0,37.41,19.54,Punjab
20090424,0.0,37.57,18.18,Punjab
20090425,0.0,38.41,19.23,Punjab
20090426,0.0,38.91,20.47,Punjab
20090427,0.0,41.72,21.43,Punjab
20090428,0.0,43.03,23.78,Punjab
20090429,0.0,43.77,26.15,Punjab
20090430,0.0,43.26,25.57,Punjab
20090501,0.0,43.46,26.57,Punjab
20090502,0.0,44.7,28.16,Punjab
20090503,1.83,41.21,27.83,Punjab
20090504,1.25,40.17,25.25,Punjab
20090505,0.61,38.09,23.9,Punjab
20090506,0.0,38.68,21.54,Punjab
20090507,0.0,39.07,23.35,Punjab
20090508,0.0,40.47,24.26,Punjab
20090509,0.0,41.45,25.39,Punjab
20090510,0.14,40.84,26.45,Punjab
20090511,0.0,39.86,23.0,Punjab
20090512,0.01,39.61,24.01,Punjab
20090513,0.0,43.23,26.17,Punjab
20090514,0.0,43.63,26.2,Punjab
20090515,0.0,44.6,28.53,Punjab
20090516,0.0,44.25,28.3,Punjab
20090517,0.02,45.51,28.69,Punjab
20090518,0.0,46.71,29.67,Punjab
20090519,0.0,46.08,30.4,Punjab
20090520,0.07,44.84,30.23,Punjab
20090521,0.0,44.52,29.74,Punjab
20090522,7.25,43.33,27.53,Punjab
20090523,0.09,43.19,27.65,Punjab
20090524,0.48,42.04,28.06,Punjab
20090525,2.06,41.16,26.59,Punjab
20090526,0.0,42.39,27.6,Punjab
20090527,0.0,43.98,26.12,Punjab
20090528,0.0,44.75,28.19,Punjab
20090529,0.27,44.54,27.43,Punjab
20090530,0.53,41.78,26.18,Punjab
20090531,0.04,41.72,26.21,Punjab
20090601,4.21,40.76,27.33,Punjab
20090602,0.0,43.12,28.11,Punjab
20090603,0.38,45.56,30.07,Punjab
20090604,0.0,45.82,27.71,Punjab
20090605,0.01,45.44,29.76,Punjab
20090606,0.13,43.89,29.06,Punjab
20090607,0.0,42.46,25.62,Punjab
20090608,0.0,42.84,25.74,Punjab
20090609,0.0,43.52,27.19,Punjab
20090610,0.0,44.65,28.66,Punjab
20090611,0.44,44.13,30.77,Punjab
20090612,0.16,44.52,28.61,Punjab
20090613,0.07,43.55,29.81,Punjab
20090614,0.82,43.82,29.41,Punjab
20090615,3.38,40.39,29.54,Punjab
20090616,0.17,39.5,28.49,Punjab
20090617,0.0,40.21,25.94,Punjab
20090618,0.0,41.88,26.08,Punjab
20090619,0.0,43.02,28.24,Punjab
20090620,0.0,44.13,27.57,Punjab
20090621,0.0,45.28,28.72,Punjab
20090622,0.0,45.6,30.13,Punjab
20090623,0.0,46.22,28.61,Punjab
20090624,0.0,47.04,30.01,Punjab
20090625,0.0,47.37,30.77,Punjab
20090626,0.0,45.77,30.41,Punjab
20090627,0.0,47.18,32.88,Punjab
20090628,0.0,48.21,33.42,Punjab
20090629,4.0,47.22,33.18,Punjab
20090630,10.09,42.13,29.14,Punjab
20090701,6.65,37.18,30.66,Punjab
20090702,2.15,41.47,28.78,Punjab
20090703,0.02,39.32,29.09,Punjab
20090704,0.0,41.76,28.05,Punjab
20090705,0.0,43.36,27.85,Punjab
20090706,0.0,44.29,29.33,Punjab
20090707,0.0,45.64,30.7,Punjab
20090708,0.91,43.76,29.3,Punjab
20090709,1.03,44.67,30.93,Punjab
20090710,0.24,42.19,31.99,Punjab
20090711,0.09,40.11,32.63,Punjab
20090712,0.02,43.03,32.54,Punjab
20090713,6.03,42.96,32.5,Punjab
20090714,5.39,38.35,30.97,Punjab
20090715,0.0,42.82,29.61,Punjab
20090716,0.09,43.04,31.02,Punjab
20090717,1.18,43.54,32.1,Punjab
20090718,5.38,40.42,32.62,Punjab
20090719,0.67,42.05,31.45,Punjab
20090720,2.92,42.54,33.36,Punjab
20090721,14.65,37.24,31.22,Punjab
20090722,6.66,39.23,29.73,Punjab
20090723,7.8,37.81,30.83,Punjab
20090724,3.77,37.29,29.33,Punjab
20090725,0.02,41.27,29.47,Punjab
20090726,0.46,41.37,30.92,Punjab
20090727,22.22,39.13,30.88,Punjab
20090728,11.12,37.19,28.47,Punjab
20090729,1.51,39.77,27.53,Punjab
20090730,4.96,37.88,29.23,Punjab
20090731,4.81,38.91,28.69,Punjab
20090801,0.05,41.01,30.71,Punjab
20090802,0.0,41.79,30.76,Punjab
20090803,8.7,39.28,30.78,Punjab
20090804,0.02,41.76,30.64,Punjab
20090805,0.21,41.13,30.57,Punjab
20090806,0.63,42.54,30.36,Punjab
20090807,0.31,40.85,30.31,Punjab
20090808,0.01,40.7,30.79,Punjab
20090809,0.11,41.08,30.88,Punjab
20090810,0.06,41.98,31.49,Punjab
20090811,0.01,41.83,31.28,Punjab
20090812,0.0,41.37,30.24,Punjab
20090813,1.56,42.82,32.06,Punjab
20090814,3.99,41.0,29.59,Punjab
20090815,2.35,36.93,28.01,Punjab
20090816,0.96,32.06,26.22,Punjab
20090817,1.29,36.46,26.69,Punjab
20090818,22.81,35.31,28.1,Punjab
20090819,7.55,35.11,26.46,Punjab
20090820,0.97,38.32,26.33,Punjab
20090821,6.96,36.39,27.07,Punjab
20090822,0.31,37.31,27.04,Punjab
20090823,3.04,38.07,27.17,Punjab
20090824,0.17,39.36,27.23,Punjab
20090825,1.99,38.78,28.03,Punjab
20090826,0.27,37.85,26.45,Punjab
20090827,0.02,37.8,27.17,Punjab
20090828,0.04,38.4,26.94,Punjab
20090829,0.14,37.16,27.73,Punjab
20090830,17.77,34.45,27.53,Punjab
20090831,31.12,30.29,26.03,Punjab
20090901,12.36,33.78,25.42,Punjab
20090902,2.88,35.87,25.36,Punjab
20090903,13.18,34.34,25.74,Punjab
20090904,2.2,34.88,24.93,Punjab
20090905,2.46,34.44,23.23,Punjab
20090906,0.19,36.08,23.09,Punjab
20090907,0.0,36.14,21.44,Punjab
20090908,0.15,37.36,22.98,Punjab
20090909,11.02,32.39,21.09,Punjab
20090910,10.44,33.41,23.98,Punjab
20090911,14.74,28.75,24.15,Punjab
20090912,1.05,33.17,22.96,Punjab
20090913,0.0,35.52,22.59,Punjab
20090914,0.0,37.06,24.43,Punjab
20090915,0.0,36.02,22.48,Punjab
20090916,0.0,36.17,21.67,Punjab
20090917,0.0,36.58,24.32,Punjab
20090918,0.0,37.35,24.35,Punjab
20090919,0.0,37.94,22.56,Punjab
20090920,0.01,37.23,22.49,Punjab
20090921,0.01,36.94,23.57,Punjab
20090922,0.02,36.6,24.57,Punjab
20090923,0.0,38.55,25.51,Punjab
20090924,0.0,38.26,25.81,Punjab
20090925,0.0,38.54,24.37,Punjab
20090926,0.11,37.09,22.69,Punjab
20090927,0.0,37.89,24.39,Punjab
20090928,0.0,37.93,24.11,Punjab
20090929,0.0,38.92,23.84,Punjab
20090930,0.0,37.96,22.98,Punjab
20091001,0.03,37.34,22.18,Punjab
20091002,0.02,37.2,24.78,Punjab
20091003,0.2,36.6,24.13,Punjab
20091004,2.21,34.26,24.18,Punjab
20091005,0.04,33.64,22.58,Punjab
20091006,0.14,35.25,22.41,Punjab
20091007,0.0,34.91,20.92,Punjab
20091008,0.0,35.97,22.76,Punjab
20091009,0.0,35.24,20.71,Punjab
20091010,0.0,34.83,20.22,Punjab
20091011,0.0,34.98,20.89,Punjab
20091012,0.0,34.47,19.79,Punjab
20091013,0.0,34.53,19.62,Punjab
20091014,0.0,33.9,19.04,Punjab
20091015,0.0,34.29,19.3,Punjab
20091016,0.0,33.96,20.67,Punjab
20091017,0.0,33.5,18.3,Punjab
20091018,0.0,32.38,18.31,Punjab
20091019,0.0,32.48,18.61,Punjab
20091020,0.0,32.88,17.86,Punjab
20091021,0.0,32.56,17.67,Punjab
20091022,0.0,32.91,17.13,Punjab
20091023,0.0,32.23,14.09,Punjab
20091024,0.0,32.3,14.47,Punjab
20091025,0.0,31.4,15.36,Punjab
20091026,0.0,31.26,14.89,Punjab
20091027,0.0,31.43,14.99,Punjab
20091028,0.0,31.81,16.32,Punjab
20091029,0.0,32.9,16.89,Punjab
20091030,0.0,32.6,15.38,Punjab
20091031,0.0,33.26,16.38,Punjab
20091101,0.0,31.16,14.64,Punjab
20091102,0.0,31.22,15.08,Punjab
20091103,0.0,31.5,17.84,Punjab
20091104,0.0,30.49,17.36,Punjab
20091105,0.0,30.77,16.38,Punjab
20091106,0.0,30.01,17.08,Punjab
20091107,0.0,30.3,17.16,Punjab
20091108,0.0,28.39,14.29,Punjab
20091109,2.09,28.88,17.03,Punjab
20091110,0.18,27.17,14.06,Punjab
20091111,0.0,27.92,10.59,Punjab
20091112,0.0,29.78,13.34,Punjab
20091113,2.57,24.72,15.36,Punjab
20091114,1.2,24.24,15.28,Punjab
20091115,0.0,27.05,14.45,Punjab
20091116,0.0,27.67,16.12,Punjab
20091117,0.0,27.21,13.66,Punjab
20091118,0.0,25.38,11.11,Punjab
20091119,0.0,25.52,8.95,Punjab
20091120,0.0,25.33,8.33,Punjab
20091121,0.0,26.16,11.8,Punjab
20091122,0.0,20.98,10.91,Punjab
20091123,0.0,25.06,10.97,Punjab
20091124,0.0,25.19,7.93,Punjab
20091125,0.0,25.73,10.84,Punjab
20091126,0.0,26.98,12.19,Punjab
20091127,0.0,24.4,10.63,Punjab
20091128,0.0,24.6,11.76,Punjab
20091129,0.0,26.69,13.0,Punjab
20091130,0.0,27.54,14.09,Punjab
20091201,0.0,22.7,12.93,Punjab
20091202,0.0,26.76,11.58,Punjab
20091203,0.0,27.16,11.94,Punjab
20091204,0.0,25.35,12.31,Punjab
20091205,0.0,25.65,12.24,Punjab
20091206,0.0,25.77,12.06,Punjab
20091207,0.0,23.72,9.34,Punjab
20091208,0.0,23.42,8.12,Punjab
20091209,0.0,22.08,10.08,Punjab
20091210,0.0,23.9,11.98,Punjab
20091211,0.0,25.5,11.46,Punjab
20091212,0.0,22.91,10.92,Punjab
20091213,0.0,23.89,7.67,Punjab
20091214,0.0,22.86,9.67,Punjab
20091215,0.0,24.31,9.79,Punjab
20091216,0.0,24.8,11.24,Punjab
20091217,0.0,23.85,9.38,Punjab
20091218,0.0,24.36,8.76,Punjab
20091219,0.0,23.06,9.65,Punjab
20091220,0.0,21.88,8.58,Punjab
20091221,0.0,23.4,6.58,Punjab
20091222,0.0,23.17,6.8,Punjab
20091223,0.0,22.84,8.5,Punjab
20091224,0.0,22.0,8.59,Punjab
20091225,0.0,23.09,7.15,Punjab
20091226,0.0,22.85,10.09,Punjab
20091227,0.0,21.24,7.32,Punjab
20091228,0.0,20.07,7.0,Punjab
20091229,0.0,21.16,4.72,Punjab
20091230,0.0,18.37,8.69,Punjab
20091231,0.0,20.81,4.53,Punjab
20100101,0.0,22.45,5.81,Punjab
20100102,0.0,22.46,8.28,Punjab
20100103,4.4,20.18,7.72,Punjab
20100104,0.0,18.86,4.44,Punjab
20100105,0.0,20.41,2.6,Punjab
20100106,0.0,21.93,4.98,Punjab
20100107,0.0,21.82,6.12,Punjab
20100108,0.0,20.74,6.02,Punjab
20100109,0.0,21.69,5.3,Punjab
20100110,0.0,22.66,6.1,Punjab
20100111,0.0,23.55,6.82,Punjab
20100112,0.03,22.32,5.66,Punjab
20100113,1.0,12.68,5.51,Punjab
20100114,0.0,20.09,3.02,Punjab
20100115,0.0,22.5,2.65,Punjab
20100116,0.0,23.27,5.41,Punjab
20100117,0.0,23.86,8.08,Punjab
20100118,0.0,24.15,8.57,Punjab
20100119,0.0,24.33,7.95,Punjab
20100120,0.0,22.13,6.65,Punjab
20100121,0.0,24.25,5.76,Punjab
20100122,0.0,23.09,9.73,Punjab
20100123,0.0,24.33,9.24,Punjab
20100124,0.0,24.29,10.78,Punjab
20100125,0.0,24.28,9.74,Punjab
20100126,0.0,25.13,8.89,Punjab
20100127,0.0,25.67,11.38,Punjab
20100128,0.0,25.29,10.87,Punjab
20100129,0.15,24.96,10.26,Punjab
20100130,0.16,24.59,8.93,Punjab
20100131,0.0,22.6,6.34,Punjab
20100201,0.0,23.86,9.07,Punjab
20100202,0.0,23.77,8.93,Punjab
20100203,0.0,24.21,8.17,Punjab
20100204,0.0,25.49,8.51,Punjab
20100205,0.0,25.94,9.38,Punjab
20100206,0.0,26.97,12.22,Punjab
20100207,0.03,25.19,14.28,Punjab
20100208,5.46,20.7,13.86,Punjab
20100209,4.22,21.52,8.67,Punjab
20100210,0.0,21.96,5.47,Punjab
20100211,0.0,22.46,6.37,Punjab
20100212,0.01,23.68,10.25,Punjab
20100213,0.0,23.93,9.84,Punjab
20100214,0.0,23.76,8.99,Punjab
20100215,0.0,24.51,9.0,Punjab
20100216,0.0,24.97,8.12,Punjab
20100217,0.0,23.27,5.87,Punjab
20100218,0.0,25.37,6.64,Punjab
20100219,0.0,26.39,9.41,Punjab
20100220,0.0,28.12,9.38,Punjab
20100221,0.0,30.12,10.61,Punjab
20100222,1.03,30.32,12.42,Punjab
20100223,0.67,26.51,12.28,Punjab
20100224,0.08,28.15,13.6,Punjab
20100225,0.01,28.77,12.48,Punjab
20100226,0.08,30.35,13.07,Punjab
20100227,0.0,32.09,14.59,Punjab
20100228,0.03,33.09,15.64,Punjab
20100301,0.15,32.23,16.96,Punjab
20100302,0.0,33.05,16.69,Punjab
20100303,0.04,28.95,16.06,Punjab
20100304,1.31,29.87,14.97,Punjab
20100305,0.01,30.74,13.32,Punjab
20100306,0.0,30.6,13.28,Punjab
20100307,0.52,29.24,13.29,Punjab
20100308,0.0,29.77,12.63,Punjab
20100309,0.0,31.67,15.4,Punjab
20100310,0.0,32.78,15.5,Punjab
20100311,0.0,33.03,15.36,Punjab
20100312,0.0,33.79,16.9,Punjab
20100313,0.0,34.45,16.74,Punjab
20100314,0.0,35.16,16.19,Punjab
20100315,0.0,36.0,15.9,Punjab
20100316,0.0,37.48,19.36,Punjab
20100317,0.0,36.36,17.31,Punjab
20100318,0.0,36.47,19.58,Punjab
20100319,0.0,37.6,18.43,Punjab
20100320,0.0,38.97,20.57,Punjab
20100321,0.0,40.2,22.52,Punjab
20100322,0.0,40.18,23.14,Punjab
20100323,0.0,40.12,20.23,Punjab
20100324,0.0,40.03,21.73,Punjab
20100325,0.0,39.35,20.51,Punjab
20100326,0.0,39.43,22.27,Punjab
20100327,0.0,38.1,22.11,Punjab
20100328,0.0,39.03,21.04,Punjab
20100329,0.0,40.08,22.2,Punjab
20100330,0.0,39.01,23.35,Punjab
20100331,0.0,38.58,20.07,Punjab
20100401,0.0,37.89,21.88,Punjab
20100402,0.01,38.6,20.33,Punjab
20100403,0.03,38.65,21.88,Punjab
20100404,0.0,38.13,21.57,Punjab
20100405,0.0,38.94,22.29,Punjab
20100406,0.0,38.49,19.29,Punjab
20100407,0.0,39.88,19.88,Punjab
20100408,0.0,41.51,22.24,Punjab
20100409,0.0,41.74,22.06,Punjab
20100410,0.0,42.02,23.59,Punjab
20100411,0.0,42.68,25.27,Punjab
20100412,0.0,39.25,25.23,Punjab
20100413,0.0,41.24,21.44,Punjab
20100414,0.0,42.27,22.16,Punjab
20100415,0.0,43.48,24.06,Punjab
20100416,0.0,44.41,27.09,Punjab
20100417,0.0,44.86,26.95,Punjab
20100418,0.01,43.87,29.18,Punjab
20100419,0.0,43.74,26.68,Punjab
20100420,0.01,43.02,25.81,Punjab
20100421,0.26,41.11,27.74,Punjab
20100422,0.42,38.78,24.7,Punjab
20100423,0.0,39.21,23.18,Punjab
20100424,0.0,39.36,22.18,Punjab
20100425,0.0,41.28,22.9,Punjab
20100426,0.0,42.0,23.91,Punjab
20100427,0.0,42.65,26.75,Punjab
20100428,0.0,42.1,27.3,Punjab
20100429,0.0,42.0,27.12,Punjab
20100430,0.15,42.31,27.46,Punjab
20100501,0.39,40.71,23.41,Punjab
20100502,0.0,42.38,26.38,Punjab
20100503,0.0,42.48,27.02,Punjab
20100504,0.0,44.05,29.83,Punjab
20100505,0.75,43.16,29.29,Punjab
20100506,0.02,40.03,27.15,Punjab
20100507,1.72,41.18,26.96,Punjab
20100508,0.0,39.62,26.86,Punjab
20100509,0.0,41.14,25.65,Punjab
20100510,0.11,41.89,26.33,Punjab
20100511,1.35,40.8,26.71,Punjab
20100512,0.0,42.76,25.58,Punjab
20100513,0.0,43.45,26.79,Punjab
20100514,0.0,43.41,26.4,Punjab
20100515,0.0,43.75,27.53,Punjab
20100516,0.0,45.23,27.34,Punjab
20100517,0.04,45.67,29.69,Punjab
20100518,0.21,43.09,30.27,Punjab
20100519,0.23,41.99,27.38,Punjab
20100520,0.0,43.09,26.51,Punjab
20100521,0.0,45.34,26.36,Punjab
20100522,0.0,46.75,29.06,Punjab
20100523,0.03,46.25,30.37,Punjab
20100524,0.0,47.18,30.39,Punjab
20100525,0.0,47.56,28.08,Punjab
20100526,0.0,48.87,26.32,Punjab
20100527,0.0,48.11,31.07,Punjab
20100528,0.0,46.26,31.38,Punjab
20100529,1.11,43.91,28.96,Punjab
20100530,0.0,42.13,25.28,Punjab
20100531,0.0,44.69,27.49,Punjab
20100601,0.0,46.39,28.45,Punjab
20100602,0.08,45.51,30.92,Punjab
20100603,1.98,44.16,32.01,Punjab
20100604,5.47,43.32,31.59,Punjab
20100605,4.83,40.23,27.36,Punjab
20100606,0.08,40.43,25.49,Punjab
20100607,14.26,34.47,26.69,Punjab
20100608,19.68,31.4,24.56,Punjab
20100609,2.02,38.99,23.43,Punjab
20100610,0.97,39.25,25.76,Punjab
20100611,0.0,41.73,26.7,Punjab
20100612,0.0,42.53,28.52,Punjab
20100613,0.35,41.93,28.57,Punjab
20100614,0.33,41.75,27.13,Punjab
20100615,0.02,41.86,26.8,Punjab
20100616,0.03,41.32,26.33,Punjab
20100617,0.0,42.24,28.11,Punjab
20100618,0.0,43.89,28.31,Punjab
20100619,0.0,45.31,30.61,Punjab
20100620,0.0,46.11,29.12,Punjab
20100621,0.0,47.45,34.38,Punjab
20100622,0.0,47.04,31.03,Punjab
20100623,0.03,45.41,31.72,Punjab
20100624,2.32,44.55,31.96,Punjab
20100625,8.95,40.94,30.2,Punjab
20100626,0.0,43.57,29.47,Punjab
20100627,0.04,44.55,31.1,Punjab
20100628,4.19,44.19,31.02,Punjab
20100629,0.0,43.93,30.83,Punjab
20100630,0.75,43.54,30.67,Punjab
20100701,4.95,43.32,30.96,Punjab
20100702,4.88,40.63,27.52,Punjab
20100703,0.0,42.65,28.63,Punjab
20100704,14.07,39.25,29.64,Punjab
20100705,24.21,30.42,26.24,Punjab
20100706,7.0,30.89,26.27,Punjab
20100707,1.11,37.73,25.94,Punjab
20100708,0.04,38.97,28.46,Punjab
20100709,0.07,42.25,30.07,Punjab
20100710,0.43,42.78,29.74,Punjab
20100711,16.74,40.07,31.78,Punjab
20100712,7.59,40.32,30.32,Punjab
20100713,18.49,37.03,28.53,Punjab
20100714,0.03,39.42,27.77,Punjab
20100715,0.0,41.38,29.1,Punjab
20100716,0.05,42.26,30.6,Punjab
20100717,2.02,39.22,29.51,Punjab
20100718,0.84,41.13,30.2,Punjab
20100719,11.77,40.08,30.17,Punjab
20100720,38.72,34.11,26.51,Punjab
20100721,30.92,33.79,25.23,Punjab
20100722,19.81,33.8,25.98,Punjab
20100723,0.61,34.98,25.61,Punjab
20100724,0.01,37.34,27.92,Punjab
20100725,1.52,36.46,27.98,Punjab
20100726,5.04,32.79,25.9,Punjab
20100727,7.87,34.06,25.6,Punjab
20100728,3.24,32.75,25.45,Punjab
20100729,1.23,35.21,25.61,Punjab
20100730,2.52,37.23,28.24,Punjab
20100731,9.11,33.62,26.15,Punjab
20100801,2.59,32.05,25.38,Punjab
20100802,0.22,36.72,26.08,Punjab
20100803,0.0,36.32,26.87,Punjab
20100804,0.83,36.89,26.09,Punjab
20100805,4.28,33.74,27.2,Punjab
20100806,12.7,34.32,26.14,Punjab
20100807,4.21,36.2,26.88,Punjab
20100808,2.99,35.44,26.88,Punjab
20100809,0.15,37.12,26.42,Punjab
20100810,2.75,37.92,28.14,Punjab
20100811,0.52,37.73,29.32,Punjab
20100812,1.36,37.1,28.5,Punjab
20100813,8.44,33.98,27.52,Punjab
20100814,2.55,34.58,27.31,Punjab
20100815,10.93,34.83,26.78,Punjab
20100816,11.74,34.97,27.12,Punjab
20100817,7.63,35.76,27.87,Punjab
20100818,6.55,34.84,27.75,Punjab
20100819,8.01,32.01,26.69,Punjab
20100820,2.59,32.15,26.89,Punjab
20100821,3.81,34.15,26.16,Punjab
20100822,14.45,32.6,25.83,Punjab
20100823,3.41,33.8,25.84,Punjab
20100824,8.42,35.49,26.37,Punjab
20100825,7.43,33.73,25.36,Punjab
20100826,1.1,31.84,24.16,Punjab
20100827,0.0,34.97,24.32,Punjab
20100828,0.0,36.02,24.63,Punjab
20100829,0.06,36.61,24.87,Punjab
20100830,0.06,35.69,23.73,Punjab
20100831,0.07,35.95,25.87,Punjab
20100901,0.13,35.94,25.29,Punjab
20100902,5.17,36.16,26.75,Punjab
20100903,4.72,36.11,26.64,Punjab
20100904,2.5,35.68,26.03,Punjab
20100905,0.19,34.03,26.01,Punjab
20100906,0.03,35.75,25.41,Punjab
20100907,13.48,35.6,26.25,Punjab
20100908,10.01,33.56,26.09,Punjab
20100909,5.47,34.24,25.42,Punjab
20100910,4.1,33.13,25.39,Punjab
20100911,19.74,33.75,25.96,Punjab
20100912,18.9,32.79,25.49,Punjab
20100913,2.71,32.0,24.09,Punjab
20100914,0.33,32.99,23.5,Punjab
20100915,0.0,33.56,22.2,Punjab
20100916,0.16,33.62,21.07,Punjab
20100917,0.16,34.39,21.3,Punjab
20100918,0.03,32.99,19.4,Punjab
20100919,1.19,33.56,20.09,Punjab
20100920,2.39,32.3,21.8,Punjab
20100921,13.56,32.62,24.1,Punjab
20100922,12.11,30.11,24.56,Punjab
20100923,38.21,30.57,23.43,Punjab
20100924,1.5,30.61,22.13,Punjab
20100925,0.0,32.2,22.62,Punjab
20100926,0.0,32.92,21.04,Punjab
20100927,0.0,33.39,21.58,Punjab
20100928,0.0,33.51,20.35,Punjab
20100929,0.0,33.56,20.34,Punjab
20100930,0.0,33.99,19.86,Punjab
20101001,0.0,33.87,21.03,Punjab
20101002,0.03,34.41,20.16,Punjab
20101003,0.0,34.42,20.47,Punjab
20101004,0.0,34.28,20.43,Punjab
20101005,0.0,34.24,21.54,Punjab
20101006,0.0,34.25,21.74,Punjab
20101007,0.0,33.6,21.63,Punjab
20101008,0.0,33.87,21.49,Punjab
20101009,0.0,34.12,22.68,Punjab
20101010,0.0,33.32,20.56,Punjab
20101011,0.0,33.58,20.58,Punjab
20101012,0.0,33.76,20.88,Punjab
20101013,0.0,33.52,21.08,Punjab
20101014,0.0,34.0,20.89,Punjab
20101015,0.0,34.46,19.91,Punjab
20101016,0.0,34.79,20.58,Punjab
20101017,0.0,33.63,21.04,Punjab
20101018,0.0,33.6,21.25,Punjab
20101019,0.0,33.12,21.74,Punjab
20101020,0.0,33.28,22.45,Punjab
20101021,0.58,31.96,21.39,Punjab
20101022,2.76,31.96,20.86,Punjab
20101023,0.02,29.33,19.31,Punjab
20101024,0.0,30.64,15.96,Punjab
20101025,0.0,30.85,15.92,Punjab
20101026,0.0,30.76,15.91,Punjab
20101027,0.0,29.97,16.25,Punjab
20101028,0.0,30.35,14.11,Punjab
20101029,0.0,29.27,17.19,Punjab
20101030,0.0,29.9,15.08,Punjab
20101031,0.0,30.06,16.49,Punjab
20101101,0.0,29.88,16.55,Punjab
20101102,0.0,30.29,17.45,Punjab
20101103,0.0,30.29,16.39,Punjab
20101104,0.0,29.98,15.1,Punjab
20101105,0.0,30.32,15.36,Punjab
20101106,0.0,30.59,16.96,Punjab
20101107,0.0,30.42,16.41,Punjab
20101108,0.0,30.47,17.09,Punjab
20101109,0.0,30.63,17.39,Punjab
20101110,0.0,29.69,13.88,Punjab
20101111,0.0,28.87,14.96,Punjab
20101112,0.06,27.9,13.93,Punjab
20101113,0.0,28.82,13.25,Punjab
20101114,0.01,27.85,11.46,Punjab
20101115,0.0,29.3,14.68,Punjab
20101116,0.0,27.52,14.84,Punjab
20101117,0.0,28.38,15.46,Punjab
20101118,0.18,26.56,14.23,Punjab
20101119,0.01,26.51,13.33,Punjab
20101120,0.0,26.3,11.71,Punjab
20101121,0.0,26.2,9.8,Punjab
20101122,0.0,26.57,13.17,Punjab
20101123,0.0,26.12,12.6,Punjab
20101124,0.0,25.9,12.85,Punjab
20101125,0.0,26.84,15.91,Punjab
20101126,0.0,26.84,12.34,Punjab
20101127,0.0,26.9,11.92,Punjab
20101128,0.0,25.76,13.0,Punjab
20101129,0.0,25.38,12.01,Punjab
20101130,0.0,25.07,9.36,Punjab
20101201,0.0,24.51,10.54,Punjab
20101202,0.0,23.44,7.42,Punjab
20101203,0.0,23.32,10.15,Punjab
20101204,0.0,22.61,8.58,Punjab
20101205,0.0,23.13,9.6,Punjab
20101206,0.0,23.3,7.29,Punjab
20101207,0.0,23.28,10.12,Punjab
20101208,0.0,23.07,9.08,Punjab
20101209,0.0,22.59,8.85,Punjab
20101210,0.0,21.48,8.18,Punjab
20101211,0.0,22.91,10.14,Punjab
20101212,0.0,21.07,6.5,Punjab
20101213,0.0,22.31,7.58,Punjab
20101214,0.0,21.19,9.69,Punjab
20101215,0.0,20.98,6.95,Punjab
20101216,0.0,21.68,7.41,Punjab
20101217,0.0,21.33,6.83,Punjab
20101218,0.0,20.15,7.48,Punjab
20101219,0.0,20.51,4.61,Punjab
20101220,0.0,21.61,3.18,Punjab
20101221,0.0,20.74,6.92,Punjab
20101222,0.0,20.09,5.09,Punjab
20101223,0.0,21.52,5.51,Punjab
20101224,0.0,20.7,7.43,Punjab
20101225,0.0,21.34,6.46,Punjab
20101226,0.0,20.7,6.64,Punjab
20101227,0.0,19.58,6.74,Punjab
20101228,0.09,20.93,5.83,Punjab
20101229,0.78,19.43,8.32,Punjab
20101230,19.43,16.81,10.96,Punjab
20101231,0.07,16.95,7.35,Punjab
20110101,0.0,18.69,5.96,Punjab
20110102,0.0,18.72,2.09,Punjab
20110103,0.0,17.39,2.22,Punjab
20110104,0.0,17.4,1.15,Punjab
20110105,0.0,18.64,-0.02,Punjab
20110106,0.0,20.53,0.5,Punjab
20110107,0.0,20.8,2.15,Punjab
20110108,0.0,18.86,4.95,Punjab
20110109,0.0,19.71,3.84,Punjab
20110110,0.0,20.06,2.32,Punjab
20110111,0.0,20.31,2.78,Punjab
20110112,0.0,21.66,5.8,Punjab
20110113,0.0,22.73,7.93,Punjab
20110114,1.37,22.3,9.02,Punjab
20110115,0.08,19.41,6.5,Punjab
20110116,0.0,18.69,1.37,Punjab
20110117,0.0,19.11,3.34,Punjab
20110118,0.0,20.64,6.49,Punjab
20110119,0.0,20.99,3.45,Punjab
20110120,0.02,20.53,5.61,Punjab
20110121,0.03,22.6,7.56,Punjab
20110122,0.0,22.19,8.89,Punjab
20110123,0.0,22.89,7.72,Punjab
20110124,0.0,21.25,5.94,Punjab
20110125,0.0,20.99,7.29,Punjab
20110126,0.01,20.72,6.25,Punjab
20110127,0.0,21.5,4.38,Punjab
20110128,0.0,22.18,6.17,Punjab
20110129,0.0,19.02,8.14,Punjab
20110130,0.0,21.46,6.96,Punjab
20110131,0.0,22.27,8.87,Punjab
20110201,0.0,24.24,6.46,Punjab
20110202,0.0,25.02,6.91,Punjab
20110203,0.0,27.51,9.94,Punjab
20110204,0.0,27.83,11.58,Punjab
20110205,0.0,28.05,13.28,Punjab
20110206,0.05,25.22,13.61,Punjab
20110207,5.4,21.0,10.93,Punjab
20110208,0.0,23.02,8.93,Punjab
20110209,0.0,24.07,5.51,Punjab
20110210,0.0,23.91,9.24,Punjab
20110211,0.0,23.13,8.2,Punjab
20110212,0.14,23.57,9.13,Punjab
20110213,3.41,20.37,12.94,Punjab
20110214,0.86,23.92,11.28,Punjab
20110215,4.55,18.07,11.01,Punjab
20110216,6.46,20.5,9.69,Punjab
20110217,0.07,21.41,8.25,Punjab
20110218,0.08,21.39,6.92,Punjab
20110219,0.09,23.73,9.91,Punjab
20110220,1.68,24.57,9.47,Punjab
20110221,0.0,23.43,7.34,Punjab
20110222,0.0,25.02,9.9,Punjab
20110223,0.13,23.72,9.56,Punjab
20110224,0.0,22.9,10.62,Punjab
20110225,1.49,23.95,9.44,Punjab
20110226,3.63,20.41,11.3,Punjab
20110227,0.0,24.25,8.96,Punjab
20110228,0.15,25.59,8.43,Punjab
20110301,1.2,22.55,11.21,Punjab
20110302,1.36,22.12,9.95,Punjab
20110303,1.17,22.92,13.53,Punjab
20110304,0.02,25.63,12.03,Punjab
20110305,0.09,27.45,9.83,Punjab
20110306,0.0,27.97,11.02,Punjab
20110307,0.0,29.3,11.58,Punjab
20110308,0.0,28.88,12.42,Punjab
20110309,0.03,27.95,12.83,Punjab
20110310,0.0,27.7,13.18,Punjab
20110311,0.0,30.18,13.04,Punjab
20110312,0.0,30.71,12.76,Punjab
20110313,0.0,32.61,14.51,Punjab
20110314,0.0,33.0,16.58,Punjab
20110315,0.0,35.25,13.47,Punjab
20110316,0.0,34.77,17.27,Punjab
20110317,0.0,37.21,17.25,Punjab
20110318,0.0,34.99,18.09,Punjab
20110319,0.0,34.14,18.24,Punjab
20110320,0.01,33.98,17.24,Punjab
20110321,0.0,33.21,14.93,Punjab
20110322,0.0,34.01,14.43,Punjab
20110323,0.0,35.5,15.34,Punjab
20110324,0.22,34.64,15.98,Punjab
20110325,0.0,35.61,18.31,Punjab
20110326,0.0,36.95,19.16,Punjab
20110327,0.0,37.85,20.25,Punjab
20110328,0.11,38.12,19.37,Punjab
20110329,1.45,35.37,18.23,Punjab
20110330,1.39,33.69,16.67,Punjab
20110331,0.0,34.7,16.82,Punjab
20110401,0.02,34.99,17.84,Punjab
20110402,0.39,34.39,17.91,Punjab
20110403,2.95,32.22,16.37,Punjab
20110404,0.0,32.47,15.46,Punjab
20110405,0.0,34.64,15.73,Punjab
20110406,0.0,31.76,18.37,Punjab
20110407,0.0,32.22,16.4,Punjab
20110408,0.0,34.85,16.32,Punjab
20110409,0.0,35.37,17.96,Punjab
20110410,0.49,28.55,19.33,Punjab
20110411,0.29,31.06,18.63,Punjab
20110412,0.0,35.55,17.77,Punjab
20110413,0.02,35.3,19.8,Punjab
20110414,0.0,36.53,20.85,Punjab
20110415,0.72,35.47,22.24,Punjab
20110416,7.7,37.21,19.72,Punjab
20110417,8.17,28.27,20.97,Punjab
20110418,0.43,33.19,19.45,Punjab
20110419,0.59,32.99,18.34,Punjab
20110420,0.0,33.97,19.14,Punjab
20110421,0.0,35.33,18.89,Punjab
20110422,0.0,36.76,21.43,Punjab
20110423,0.0,37.91,23.18,Punjab
20110424,0.0,40.33,22.81,Punjab
20110425,0.0,41.71,23.42,Punjab
20110426,0.0,42.46,22.45,Punjab
20110427,0.0,40.0,21.71,Punjab
20110428,0.0,42.5,23.97,Punjab
20110429,0.0,40.84,26.58,Punjab
20110430,0.0,40.76,25.76,Punjab
20110501,0.0,41.76,25.96,Punjab
20110502,0.0,42.31,24.97,Punjab
20110503,0.0,44.14,27.03,Punjab
20110504,0.0,44.38,26.82,Punjab
20110505,2.53,42.24,27.15,Punjab
20110506,2.42,34.9,26.59,Punjab
20110507,0.0,39.48,24.1,Punjab
20110508,0.0,41.5,24.68,Punjab
20110509,0.0,43.56,27.08,Punjab
20110510,0.0,43.45,26.66,Punjab
20110511,0.0,44.63,28.17,Punjab
20110512,0.0,44.72,27.69,Punjab
20110513,0.02,43.39,27.79,Punjab
20110514,0.17,43.83,25.82,Punjab
20110515,0.0,44.89,26.46,Punjab
20110516,0.0,46.1,28.4,Punjab
20110517,0.0,46.84,29.52,Punjab
20110518,0.01,46.7,28.32,Punjab
20110519,0.03,46.35,29.15,Punjab
20110520,0.0,44.08,28.64,Punjab
20110521,2.92,43.97,30.35,Punjab
20110522,2.32,41.98,28.23,Punjab
20110523,0.0,41.99,27.56,Punjab
20110524,0.0,44.47,26.02,Punjab
20110525,0.0,43.28,31.8,Punjab
20110526,2.09,43.23,30.18,Punjab
20110527,2.5,41.59,29.98,Punjab
20110528,0.0,42.12,28.76,Punjab
20110529,0.0,44.19,29.83,Punjab
20110530,0.1,44.7,29.67,Punjab
20110531,0.0,42.79,28.3,Punjab
20110601,17.28,34.08,28.01,Punjab
20110602,16.7,35.04,26.16,Punjab
20110603,0.0,39.73,24.3,Punjab
20110604,0.0,41.54,25.3,Punjab
20110605,0.0,41.97,26.47,Punjab
20110606,0.06,43.4,28.63,Punjab
20110607,0.01,43.8,27.63,Punjab
20110608,0.01,42.59,29.18,Punjab
20110609,0.01,41.63,26.8,Punjab
20110610,0.63,39.99,26.61,Punjab
20110611,0.02,42.52,27.45,Punjab
20110612,7.18,41.02,26.38,Punjab
20110613,0.0,42.71,28.58,Punjab
20110614,0.04,44.52,29.85,Punjab
20110615,1.57,42.5,29.46,Punjab
20110616,0.3,42.22,30.58,Punjab
20110617,6.76,39.8,30.53,Punjab
20110618,3.85,40.93,28.8,Punjab
20110619,0.76,41.86,30.51,Punjab
20110620,0.7,41.65,29.66,Punjab
20110621,0.05,42.93,29.97,Punjab
20110622,0.0,43.58,30.81,Punjab
20110623,0.14,42.66,31.51,Punjab
20110624,15.07,40.45,31.82,Punjab
20110625,7.13,41.1,30.34,Punjab
20110626,3.06,38.9,28.96,Punjab
20110627,18.04,36.32,28.89,Punjab
20110628,11.98,37.17,28.57,Punjab
20110629,2.57,38.3,27.59,Punjab
20110630,6.46,37.66,28.24,Punjab
20110701,4.51,39.66,27.87,Punjab
20110702,2.14,38.76,28.25,Punjab
20110703,1.75,37.93,28.56,Punjab
20110704,0.22,38.48,27.27,Punjab
20110705,0.05,41.24,27.32,Punjab
20110706,0.83,40.04,27.56,Punjab
20110707,4.9,39.03,28.86,Punjab
20110708,4.04,37.38,27.75,Punjab
20110709,6.19,35.04,27.73,Punjab
20110710,1.95,38.12,26.49,Punjab
20110711,0.01,39.92,27.21,Punjab
20110712,0.0,41.62,28.58,Punjab
20110713,1.91,41.25,29.45,Punjab
20110714,23.95,37.85,28.6,Punjab
20110715,21.91,36.5,28.28,Punjab
20110716,1.01,34.84,27.18,Punjab
20110717,0.66,37.35,26.21,Punjab
20110718,0.14,37.74,26.53,Punjab
20110719,0.1,40.41,27.85,Punjab
20110720,0.07,41.49,28.47,Punjab
20110721,0.08,42.22,29.16,Punjab
20110722,5.3,38.48,28.46,Punjab
20110723,6.97,37.31,27.87,Punjab
20110724,0.09,35.83,26.64,Punjab
20110725,0.05,34.85,27.58,Punjab
20110726,0.0,36.54,26.44,Punjab
20110727,2.35,37.9,28.98,Punjab
20110728,21.32,34.24,27.96,Punjab
20110729,10.88,33.78,27.96,Punjab
20110730,1.49,38.02,27.24,Punjab
20110731,0.38,39.62,28.47,Punjab
20110801,1.05,38.85,28.8,Punjab
20110802,0.09,41.89,29.53,Punjab
20110803,1.22,41.11,30.03,Punjab
20110804,11.97,37.38,28.24,Punjab
20110805,4.57,37.51,26.72,Punjab
20110806,3.27,38.74,27.22,Punjab
20110807,12.28,36.71,27.36,Punjab
20110808,22.97,30.97,26.03,Punjab
20110809,11.74,35.58,25.95,Punjab
20110810,0.9,35.85,26.65,Punjab
20110811,2.0,35.37,26.73,Punjab
20110812,25.34,30.9,25.49,Punjab
20110813,16.55,27.98,24.75,Punjab
20110814,11.43,32.25,24.37,Punjab
20110815,16.78,30.8,24.73,Punjab
20110816,11.92,33.39,24.34,Punjab
20110817,0.06,32.99,24.13,Punjab
20110818,0.31,34.23,24.97,Punjab
20110819,7.55,34.01,25.48,Punjab
20110820,1.45,32.66,24.93,Punjab
20110821,0.0,34.57,25.66,Punjab
20110822,0.06,35.75,25.72,Punjab
20110823,4.03,36.8,27.55,Punjab
20110824,5.92,29.7,26.34,Punjab
20110825,1.28,34.18,25.38,Punjab
20110826,1.75,32.01,26.32,Punjab
20110827,19.36,33.05,25.98,Punjab
20110828,11.13,30.94,25.45,Punjab
20110829,0.39,34.05,26.05,Punjab
20110830,0.37,33.35,26.2,Punjab
20110831,15.63,32.98,26.35,Punjab
20110901,4.81,33.05,26.6,Punjab
20110902,3.95,33.79,26.29,Punjab
20110903,1.85,33.52,25.09,Punjab
20110904,3.2,30.71,25.44,Punjab
20110905,3.31,31.7,24.7,Punjab
20110906,8.0,31.63,25.92,Punjab
20110907,3.32,33.36,24.96,Punjab
20110908,7.9,33.64,26.22,Punjab
20110909,19.24,31.56,24.98,Punjab
20110910,8.55,31.7,25.03,Punjab
20110911,7.21,32.74,25.11,Punjab
20110912,4.8,32.8,25.2,Punjab
20110913,0.79,32.8,24.76,Punjab
20110914,0.19,33.41,26.44,Punjab
20110915,26.61,32.82,25.96,Punjab
20110916,29.74,31.16,24.8,Punjab
20110917,0.34,31.2,23.81,Punjab
20110918,0.0,31.4,23.09,Punjab
20110919,3.04,31.68,23.91,Punjab
20110920,0.0,31.48,22.62,Punjab
20110921,0.0,31.84,22.29,Punjab
20110922,0.0,32.02,21.16,Punjab
20110923,0.0,32.85,21.54,Punjab
20110924,0.0,32.76,20.62,Punjab
20110925,0.0,33.54,21.21,Punjab
20110926,0.0,33.47,22.9,Punjab
20110927,0.0,33.43,22.79,Punjab
20110928,0.0,33.53,21.8,Punjab
20110929,0.0,33.32,22.3,Punjab
20110930,0.0,33.26,22.09,Punjab
20111001,0.0,33.24,21.75,Punjab
20111002,0.0,34.43,22.32,Punjab
20111003,0.0,34.47,21.74,Punjab
20111004,0.03,33.97,22.53,Punjab
20111005,0.0,33.82,21.12,Punjab
20111006,0.0,33.82,22.62,Punjab
20111007,0.08,33.23,23.1,Punjab
20111008,0.01,31.57,22.65,Punjab
20111009,0.0,34.05,21.89,Punjab
20111010,0.0,34.2,21.92,Punjab
20111011,0.0,34.38,21.75,Punjab
20111012,0.0,34.2,21.59,Punjab
20111013,0.0,33.14,22.47,Punjab
20111014,0.0,33.69,20.27,Punjab
20111015,0.0,33.4,17.6,Punjab
20111016,0.0,32.72,18.93,Punjab
20111017,0.0,32.98,18.47,Punjab
20111018,0.0,33.24,17.09,Punjab
20111019,0.0,33.71,19.61,Punjab
20111020,0.0,32.57,16.65,Punjab
20111021,0.0,31.87,16.57,Punjab
20111022,0.26,30.86,16.57,Punjab
20111023,0.01,32.56,17.77,Punjab
20111024,0.0,32.0,16.76,Punjab
20111025,0.0,31.19,16.21,Punjab
20111026,0.0,30.77,17.56,Punjab
20111027,0.0,30.49,14.98,Punjab
20111028,0.0,30.16,15.91,Punjab
20111029,0.0,29.95,15.31,Punjab
20111030,0.0,30.36,16.83,Punjab
20111031,0.0,29.69,13.9,Punjab
20111101,0.0,29.37,15.74,Punjab
20111102,0.0,30.43,15.9,Punjab
20111103,0.0,31.08,17.04,Punjab
20111104,2.16,29.65,14.84,Punjab
20111105,0.0,29.72,17.04,Punjab
20111106,0.0,30.03,15.09,Punjab
20111107,0.0,30.05,15.03,Punjab
20111108,0.0,28.24,13.19,Punjab
20111109,0.0,27.15,14.1,Punjab
20111110,0.0,29.91,15.92,Punjab
20111111,0.0,29.86,18.11,Punjab
20111112,0.0,29.96,15.98,Punjab
20111113,0.0,29.32,16.2,Punjab
20111114,0.0,29.13,15.93,Punjab
20111115,0.0,29.27,14.95,Punjab
20111116,0.0,28.9,16.42,Punjab
20111117,0.0,29.39,15.22,Punjab
20111118,0.0,29.38,15.88,Punjab
20111119,0.0,29.77,15.65,Punjab
20111120,0.0,28.88,15.36,Punjab
20111121,0.03,29.22,12.88,Punjab
20111122,0.0,28.47,13.27,Punjab
20111123,0.0,26.71,13.15,Punjab
20111124,0.0,24.52,13.54,Punjab
20111125,0.0,25.03,14.57,Punjab
20111126,0.0,24.72,12.7,Punjab
20111127,0.0,24.36,12.15,Punjab
20111128,0.0,24.6,12.14,Punjab
20111129,0.0,26.37,8.96,Punjab
20111130,0.0,25.86,10.11,Punjab
20111201,0.0,23.77,9.25,Punjab
20111202,0.0,24.25,11.04,Punjab
20111203,0.0,26.51,10.27,Punjab
20111204,0.0,26.65,12.69,Punjab
20111205,0.0,27.33,11.04,Punjab
20111206,0.49,26.19,10.81,Punjab
20111207,1.94,25.68,14.31,Punjab
20111208,0.01,25.71,13.5,Punjab
20111209,0.08,25.1,14.25,Punjab
20111210,0.0,23.83,10.9,Punjab
20111211,0.0,24.14,9.68,Punjab
20111212,0.0,23.75,9.52,Punjab
20111213,0.0,23.67,8.14,Punjab
20111214,0.0,22.51,8.21,Punjab
20111215,0.0,21.28,9.18,Punjab
20111216,0.0,21.78,6.97,Punjab
20111217,0.0,22.27,7.19,Punjab
20111218,0.0,21.1,6.91,Punjab
20111219,0.0,19.56,8.01,Punjab
20111220,0.0,19.7,6.6,Punjab
20111221,0.0,20.9,6.74,Punjab
20111222,0.0,19.78,7.4,Punjab
20111223,0.0,19.13,5.77,Punjab
20111224,0.0,19.2,6.06,Punjab
20111225,0.0,20.16,5.97,Punjab
20111226,0.0,20.16,5.79,Punjab
20111227,0.0,20.16,6.32,Punjab
20111228,0.0,21.44,7.09,Punjab
20111229,0.0,21.4,6.71,Punjab
20111230,0.0,22.81,6.45,Punjab
20111231,0.0,22.4,7.52,Punjab
20120101,0.0,20.67,7.22,Punjab
20120102,0.0,22.24,8.07,Punjab
20120103,0.0,21.58,7.71,Punjab
20120104,0.0,19.82,9.37,Punjab
20120105,0.0,19.89,7.8,Punjab
20120106,8.45,18.72,8.05,Punjab
20120107,0.75,17.82,4.96,Punjab
20120108,0.09,18.94,3.58,Punjab
20120109,0.0,18.4,3.19,Punjab
20120110,0.0,17.85,4.84,Punjab
20120111,0.0,18.48,4.42,Punjab
20120112,0.02,20.01,6.12,Punjab
20120113,0.0,21.11,5.28,Punjab
20120114,0.43,22.11,6.09,Punjab
20120115,14.02,13.83,9.68,Punjab
20120116,1.42,16.52,8.42,Punjab
20120117,0.0,19.1,7.31,Punjab
20120118,0.01,17.83,7.96,Punjab
20120119,0.0,17.46,5.73,Punjab
20120120,0.0,17.13,5.05,Punjab
20120121,0.0,18.58,1.76,Punjab
20120122,0.0,20.12,5.84,Punjab
20120123,0.0,20.94,4.18,Punjab
20120124,0.0,19.95,3.52,Punjab
20120125,0.0,19.93,5.83,Punjab
20120126,0.0,20.5,6.54,Punjab
20120127,0.0,20.22,6.24,Punjab
20120128,0.0,20.05,7.07,Punjab
20120129,0.0,21.0,3.67,Punjab
20120130,0.0,21.17,4.55,Punjab
20120131,0.0,20.63,6.24,Punjab
20120201,0.0,22.1,4.95,Punjab
20120202,0.0,23.46,6.94,Punjab
20120203,0.0,20.06,9.25,Punjab
20120204,0.69,19.73,8.84,Punjab
20120205,0.04,21.63,8.21,Punjab
20120206,0.0,22.31,6.17,Punjab
20120207,0.0,20.17,2.26,Punjab
20120208,0.0,18.68,1.3,Punjab
20120209,0.0,18.94,2.36,Punjab
20120210,0.0,21.59,2.26,Punjab
20120211,0.29,19.74,7.13,Punjab
20120212,1.44,19.58,6.1,Punjab
20120213,1.32,22.86,7.7,Punjab
20120214,0.0,22.2,8.44,Punjab
20120215,0.0,21.12,5.48,Punjab
20120216,0.0,21.55,6.61,Punjab
20120217,0.0,23.84,4.89,Punjab
20120218,0.01,23.08,6.04,Punjab
20120219,0.0,26.23,6.87,Punjab
20120220,0.07,21.72,10.73,Punjab
20120221,0.27,26.79,11.47,Punjab
20120222,0.0,26.96,10.95,Punjab
20120223,0.0,25.57,9.1,Punjab
20120224,0.0,23.36,8.35,Punjab
20120225,0.0,23.9,6.35,Punjab
20120226,0.0,26.49,6.11,Punjab
20120227,0.0,27.68,8.61,Punjab
20120228,0.0,27.0,10.55,Punjab
20120229,0.0,27.3,11.95,Punjab
20120301,0.0,28.01,10.48,Punjab
20120302,0.0,28.19,9.04,Punjab
20120303,0.0,29.66,11.73,Punjab
20120304,0.03,31.08,13.48,Punjab
20120305,1.69,29.17,16.15,Punjab
20120306,0.0,29.54,13.78,Punjab
20120307,0.1,28.46,10.17,Punjab
20120308,0.0,26.19,11.77,Punjab
20120309,0.0,25.53,8.46,Punjab
20120310,0.0,25.72,9.85,Punjab
20120311,0.0,28.14,8.36,Punjab
20120312,0.75,29.9,10.79,Punjab
20120313,0.84,26.64,11.76,Punjab
20120314,0.0,26.52,10.6,Punjab
20120315,0.0,29.67,10.89,Punjab
20120316,0.0,31.59,12.98,Punjab
20120317,0.0,34.35,16.01,Punjab
20120318,0.0,36.11,16.59,Punjab
20120319,0.0,36.69,17.04,Punjab
20120320,0.0,30.16,12.87,Punjab
20120321,0.0,28.35,10.84,Punjab
20120322,0.0,31.33,9.98,Punjab
20120323,0.0,33.77,13.32,Punjab
20120324,0.0,35.07,15.05,Punjab
20120325,0.0,34.97,15.35,Punjab
20120326,0.0,35.4,20.27,Punjab
20120327,0.0,32.95,18.84,Punjab
20120328,0.0,33.92,16.17,Punjab
20120329,0.0,35.41,14.92,Punjab
20120330,0.0,37.8,17.29,Punjab
20120331,0.0,37.71,19.96,Punjab
20120401,0.0,37.22,20.88,Punjab
20120402,0.0,39.17,21.83,Punjab
20120403,0.0,39.13,23.09,Punjab
20120404,0.0,39.02,21.13,Punjab
20120405,0.0,39.1,22.09,Punjab
20120406,0.0,38.08,21.78,Punjab
20120407,0.0,38.31,20.1,Punjab
20120408,0.0,38.48,22.51,Punjab
20120409,0.0,39.0,22.92,Punjab
20120410,0.76,34.15,23.1,Punjab
20120411,13.14,34.49,20.55,Punjab
20120412,0.0,35.01,19.15,Punjab
20120413,1.96,34.97,19.75,Punjab
20120414,4.98,27.8,20.05,Punjab
20120415,0.0,32.68,18.09,Punjab
20120416,4.57,32.78,19.39,Punjab
20120417,0.17,32.6,21.64,Punjab
20120418,0.01,34.33,19.28,Punjab
20120419,0.04,36.39,21.62,Punjab
20120420,0.17,35.67,23.14,Punjab
20120421,0.04,33.05,21.55,Punjab
20120422,1.07,35.0,20.48,Punjab
20120423,0.09,35.68,20.24,Punjab
20120424,0.01,36.53,21.92,Punjab
20120425,0.01,36.85,22.6,Punjab
20120426,0.09,37.0,23.77,Punjab
20120427,0.45,35.86,21.76,Punjab
20120428,4.25,35.53,22.17,Punjab
20120429,0.62,35.58,21.76,Punjab
20120430,2.18,34.79,20.4,Punjab
20120501,0.39,31.12,20.1,Punjab
20120502,0.01,36.19,19.1,Punjab
20120503,0.0,37.24,20.98,Punjab
20120504,0.0,39.0,22.83,Punjab
20120505,0.0,39.63,23.01,Punjab
20120506,0.01,38.48,24.27,Punjab
20120507,0.0,41.56,25.56,Punjab
20120508,0.0,42.03,26.27,Punjab
20120509,0.0,43.32,25.8,Punjab
20120510,0.09,43.27,29.01,Punjab
20120511,0.42,42.13,28.5,Punjab
20120512,0.64,41.31,28.43,Punjab
20120513,0.0,40.7,27.19,Punjab
20120514,0.0,40.88,25.13,Punjab
20120515,0.02,41.67,27.0,Punjab
20120516,0.03,43.35,26.92,Punjab
20120517,0.01,41.39,29.42,Punjab
20120518,0.0,41.23,26.89,Punjab
20120519,0.0,42.68,26.93,Punjab
20120520,0.55,42.6,27.57,Punjab
20120521,0.03,42.76,27.49,Punjab
20120522,0.0,42.01,26.67,Punjab
20120523,0.0,43.0,25.58,Punjab
20120524,0.0,44.49,25.52,Punjab
20120525,0.0,44.54,26.82,Punjab
20120526,0.0,43.19,27.61,Punjab
20120527,0.0,42.19,27.12,Punjab
20120528,0.0,43.49,27.27,Punjab
20120529,0.0,45.43,29.62,Punjab
20120530,0.0,47.18,28.13,Punjab
20120531,0.0,47.19,28.56,Punjab
20120601,0.0,47.31,31.82,Punjab
20120602,0.05,46.96,31.21,Punjab
20120603,0.05,45.87,29.06,Punjab
20120604,0.0,45.44,30.6,Punjab
20120605,3.0,45.38,29.85,Punjab
20120606,1.96,40.44,29.19,Punjab
20120607,1.6,40.1,29.34,Punjab
20120608,0.22,40.37,27.4,Punjab
20120609,0.0,42.92,29.82,Punjab
20120610,0.0,43.74,28.86,Punjab
20120611,0.19,42.71,29.7,Punjab
20120612,0.0,45.13,28.93,Punjab
20120613,0.0,44.87,29.33,Punjab
20120614,0.0,45.49,29.3,Punjab
20120615,0.0,45.85,29.97,Punjab
20120616,0.0,46.13,31.09,Punjab
20120617,0.0,47.16,30.04,Punjab
20120618,0.8,46.26,32.66,Punjab
20120619,0.0,44.85,32.47,Punjab
20120620,0.0,45.64,29.97,Punjab
20120621,0.0,47.2,30.92,Punjab
20120622,0.0,47.42,31.65,Punjab
20120623,0.02,47.03,34.73,Punjab
20120624,0.13,46.26,33.77,Punjab
20120625,0.25,45.82,32.53,Punjab
20120626,0.0,44.47,32.11,Punjab
20120627,1.09,44.79,31.91,Punjab
20120628,2.08,43.88,31.21,Punjab
20120629,0.0,44.36,31.0,Punjab
20120630,0.26,45.24,31.52,Punjab
20120701,0.0,46.23,31.02,Punjab
20120702,0.11,47.54,31.91,Punjab
20120703,0.06,47.75,31.81,Punjab
20120704,0.11,45.96,32.87,Punjab
20120705,2.12,45.83,32.59,Punjab
20120706,5.7,43.24,32.79,Punjab
20120707,4.4,39.47,28.23,Punjab
20120708,1.85,39.29,29.17,Punjab
20120709,0.19,41.3,29.55,Punjab
20120710,16.07,37.69,29.41,Punjab
20120711,14.58,36.33,28.6,Punjab
20120712,5.08,38.16,28.49,Punjab
20120713,13.81,37.32,29.58,Punjab
20120714,14.9,34.74,28.69,Punjab
20120715,2.17,37.22,27.74,Punjab
20120716,0.07,40.29,28.26,Punjab
20120717,0.0,41.94,28.91,Punjab
20120718,0.15,42.74,29.19,Punjab
20120719,0.63,43.34,29.35,Punjab
20120720,1.98,40.19,31.08,Punjab
20120721,0.17,41.0,30.04,Punjab
20120722,0.01,41.96,30.17,Punjab
20120723,0.11,42.51,30.91,Punjab
20120724,2.0,43.74,30.95,Punjab
20120725,8.28,40.15,28.56,Punjab
20120726,0.93,40.26,29.32,Punjab
20120727,0.05,40.87,29.76,Punjab
20120728,0.0,41.97,30.36,Punjab
20120729,0.93,41.45,30.33,Punjab
20120730,1.02,41.19,30.37,Punjab
20120731,0.37,41.6,29.09,Punjab
20120801,0.03,40.53,30.87,Punjab
20120802,0.0,43.19,31.36,Punjab
20120803,0.15,43.54,30.3,Punjab
20120804,6.27,39.74,28.57,Punjab
20120805,1.55,38.92,28.93,Punjab
20120806,0.15,40.49,28.61,Punjab
20120807,7.29,38.21,29.72,Punjab
20120808,3.38,38.95,28.17,Punjab
20120809,6.83,37.43,27.22,Punjab
20120810,6.0,37.8,27.41,Punjab
20120811,2.65,38.52,28.45,Punjab
20120812,0.62,37.71,27.77,Punjab
20120813,0.04,37.55,28.42,Punjab
20120814,12.26,32.99,28.87,Punjab
20120815,8.93,36.63,27.08,Punjab
20120816,0.67,39.32,27.98,Punjab
20120817,1.86,38.59,28.66,Punjab
20120818,0.83,39.35,28.74,Punjab
20120819,0.34,36.82,28.96,Punjab
20120820,5.0,36.19,26.56,Punjab
20120821,9.58,35.48,25.72,Punjab
20120822,12.35,31.42,26.27,Punjab
20120823,13.8,32.74,25.7,Punjab
20120824,1.28,33.97,26.25,Punjab
20120825,1.14,36.99,27.13,Punjab
20120826,2.85,36.06,26.68,Punjab
20120827,4.43,35.94,27.32,Punjab
20120828,2.53,33.97,26.45,Punjab
20120829,2.47,36.23,26.84,Punjab
20120830,1.7,36.79,26.8,Punjab
20120831,0.4,37.4,26.65,Punjab
20120901,0.01,39.3,26.93,Punjab
20120902,0.96,38.7,26.74,Punjab
20120903,0.25,37.49,27.07,Punjab
20120904,6.04,35.05,26.93,Punjab
20120905,20.06,33.21,25.23,Punjab
20120906,6.23,33.66,25.63,Punjab
20120907,0.38,34.77,26.28,Punjab
20120908,8.24,29.7,26.23,Punjab
20120909,3.54,34.35,25.77,Punjab
20120910,0.16,36.8,26.42,Punjab
20120911,3.69,37.52,26.42,Punjab
20120912,1.14,38.02,25.78,Punjab
20120913,3.14,37.58,26.31,Punjab
20120914,25.52,34.85,26.78,Punjab
20120915,12.47,35.6,24.94,Punjab
20120916,16.85,34.07,24.73,Punjab
20120917,21.93,33.33,24.81,Punjab
20120918,8.52,32.61,24.39,Punjab
20120919,0.35,32.93,22.53,Punjab
20120920,0.0,33.73,20.14,Punjab
20120921,0.0,34.24,21.07,Punjab
20120922,0.0,34.54,20.16,Punjab
20120923,0.0,34.84,19.57,Punjab
20120924,0.0,34.24,17.92,Punjab
20120925,0.0,33.55,18.26,Punjab
20120926,0.0,33.99,18.82,Punjab
20120927,0.0,35.42,19.4,Punjab
20120928,0.0,35.02,19.69,Punjab
20120929,0.0,35.9,20.56,Punjab
20120930,0.01,36.14,19.9,Punjab
20121001,0.0,36.54,19.93,Punjab
20121002,0.0,36.7,20.5,Punjab
20121003,0.0,36.22,20.47,Punjab
20121004,0.0,35.55,20.12,Punjab
20121005,0.0,35.73,19.49,Punjab
20121006,0.0,35.54,20.89,Punjab
20121007,0.0,35.26,18.25,Punjab
20121008,0.0,34.83,18.74,Punjab
20121009,0.0,34.84,19.2,Punjab
20121010,0.0,33.94,20.62,Punjab
20121011,0.0,34.04,19.21,Punjab
20121012,0.0,34.56,20.03,Punjab
20121013,0.0,34.43,20.65,Punjab
20121014,0.36,34.39,20.34,Punjab
20121015,2.78,32.61,19.98,Punjab
20121016,2.01,32.04,18.1,Punjab
20121017,0.0,31.72,17.85,Punjab
20121018,0.0,33.16,16.88,Punjab
20121019,0.0,33.04,16.82,Punjab
20121020,0.69,31.8,17.59,Punjab
20121021,0.0,32.08,16.57,Punjab
20121022,0.0,30.08,16.06,Punjab
20121023,2.02,31.33,15.25,Punjab
20121024,0.72,29.42,14.48,Punjab
20121025,0.0,29.55,13.24,Punjab
20121026,0.0,29.09,13.51,Punjab
20121027,0.0,29.43,14.96,Punjab
20121028,0.0,30.32,14.88,Punjab
20121029,0.0,30.68,14.91,Punjab
20121030,0.0,31.05,15.47,Punjab
20121031,0.0,30.87,15.58,Punjab
20121101,0.0,31.1,16.84,Punjab
20121102,0.0,29.61,15.04,Punjab
20121103,0.0,30.43,14.76,Punjab
20121104,0.0,29.9,14.43,Punjab
20121105,0.0,30.03,17.14,Punjab
20121106,0.0,29.88,15.99,Punjab
20121107,0.0,28.73,14.3,Punjab
20121108,0.0,28.77,14.62,Punjab
20121109,0.0,28.02,14.39,Punjab
20121110,0.0,29.43,15.32,Punjab
20121111,0.0,28.11,15.54,Punjab
20121112,0.0,26.94,15.27,Punjab
20121113,0.0,27.06,14.98,Punjab
20121114,0.0,26.18,12.25,Punjab
20121115,0.0,27.49,11.86,Punjab
20121116,0.0,27.1,11.82,Punjab
20121117,0.0,27.53,14.03,Punjab
20121118,0.0,27.83,11.33,Punjab
20121119,0.0,27.7,11.12,Punjab
20121120,0.0,27.82,10.79,Punjab
20121121,0.0,25.81,9.86,Punjab
20121122,0.0,26.71,9.74,Punjab
20121123,0.0,24.75,11.35,Punjab
20121124,0.0,25.51,12.89,Punjab
20121125,0.0,25.77,10.74,Punjab
20121126,0.0,25.28,8.49,Punjab
20121127,0.0,25.41,7.97,Punjab
20121128,0.0,26.37,8.49,Punjab
20121129,1.16,22.85,12.36,Punjab
20121130,0.0,24.9,9.34,Punjab
20121201,0.0,24.31,5.92,Punjab
20121202,0.0,25.08,10.52,Punjab
20121203,0.0,25.4,9.42,Punjab
20121204,0.0,25.61,7.17,Punjab
20121205,0.0,25.14,7.83,Punjab
20121206,0.0,26.23,7.73,Punjab
20121207,0.0,23.5,8.87,Punjab
20121208,0.0,27.77,8.03,Punjab
20121209,0.0,27.21,10.78,Punjab
20121210,0.0,25.17,11.62,Punjab
20121211,0.08,23.92,12.19,Punjab
20121212,0.0,22.63,10.59,Punjab
20121213,8.66,20.81,11.44,Punjab
20121214,1.75,20.2,11.37,Punjab
20121215,0.09,19.03,10.34,Punjab
20121216,0.0,22.07,8.2,Punjab
20121217,0.0,23.38,7.24,Punjab
20121218,0.0,24.36,9.31,Punjab
20121219,0.0,24.9,5.98,Punjab
20121220,0.0,24.13,4.44,Punjab
20121221,0.0,22.9,4.25,Punjab
20121222,0.0,23.0,5.44,Punjab
20121223,0.0,22.17,6.69,Punjab
20121224,0.0,21.76,8.21,Punjab
20121225,0.0,23.1,5.52,Punjab
20121226,0.0,22.74,4.87,Punjab
20121227,0.0,21.9,9.39,Punjab
20121228,2.39,20.93,6.84,Punjab
20121229,3.73,19.46,6.3,Punjab
20121230,0.0,20.26,5.13,Punjab
20121231,0.0,20.84,5.07,Punjab
20130101,0.0,14.09,5.38,Punjab
20130102,0.0,18.81,2.36,Punjab
20130103,0.0,19.17,2.78,Punjab
20130104,0.0,19.33,2.98,Punjab
20130105,0.0,18.19,0.93,Punjab
20130106,0.0,17.46,0.32,Punjab
20130107,0.0,16.35,0.1,Punjab
20130108,0.03,18.87,-0.97,Punjab
20130109,1.64,19.25,5.49,Punjab
20130110,0.0,21.4,2.32,Punjab
20130111,0.0,23.33,2.45,Punjab
20130112,0.0,23.74,9.39,Punjab
20130113,0.0,24.27,8.25,Punjab
20130114,0.0,23.2,4.4,Punjab
20130115,0.0,21.66,7.32,Punjab
20130116,0.01,21.67,9.19,Punjab
20130117,1.12,18.91,8.31,Punjab
20130118,14.98,16.74,8.11,Punjab
20130119,0.0,18.8,4.37,Punjab
20130120,0.0,20.15,2.22,Punjab
20130121,0.0,21.08,1.85,Punjab
20130122,0.0,21.78,2.84,Punjab
20130123,0.0,21.87,5.97,Punjab
20130124,0.0,21.88,3.7,Punjab
20130125,0.0,22.42,4.04,Punjab
20130126,0.0,23.22,3.1,Punjab
20130127,0.0,23.54,3.36,Punjab
20130128,0.0,24.43,9.42,Punjab
20130129,0.0,23.78,7.76,Punjab
20130130,0.0,22.91,8.81,Punjab
20130131,0.0,19.56,8.75,Punjab
20130201,0.0,24.77,8.95,Punjab
20130202,0.0,25.16,11.98,Punjab
20130203,5.9,21.2,9.89,Punjab
20130204,7.09,21.15,11.24,Punjab
20130205,17.71,18.21,10.56,Punjab
20130206,0.45,21.45,8.45,Punjab
20130207,0.0,22.49,4.5,Punjab
20130208,0.0,23.44,3.99,Punjab
20130209,0.0,24.2,4.39,Punjab
20130210,0.0,25.1,9.45,Punjab
20130211,0.0,24.29,8.12,Punjab
20130212,0.0,24.98,7.2,Punjab
20130213,0.0,26.68,7.48,Punjab
20130214,0.01,26.35,10.37,Punjab
20130215,0.44,24.22,11.18,Punjab
20130216,16.33,17.69,11.54,Punjab
20130217,0.33,20.25,11.33,Punjab
20130218,0.0,23.91,8.64,Punjab
20130219,0.0,22.26,9.12,Punjab
20130220,0.0,24.88,9.21,Punjab
20130221,5.39,22.53,11.51,Punjab
20130222,5.43,23.41,12.51,Punjab
20130223,14.2,22.23,11.91,Punjab
20130224,0.03,24.37,11.82,Punjab
20130225,0.0,25.69,11.61,Punjab
20130226,0.92,25.16,11.52,Punjab
20130227,5.56,24.99,11.26,Punjab
20130228,0.04,25.74,11.31,Punjab
20130301,0.0,26.34,6.61,Punjab
20130302,0.0,28.84,5.57,Punjab
20130303,0.0,29.81,8.58,Punjab
20130304,0.0,30.49,11.92,Punjab
20130305,0.0,30.75,15.46,Punjab
20130306,0.0,30.5,12.97,Punjab
20130307,0.0,31.21,12.28,Punjab
20130308,0.0,31.54,13.74,Punjab
20130309,0.0,30.16,15.1,Punjab
20130310,0.0,32.49,15.51,Punjab
20130311,0.0,31.47,14.72,Punjab
20130312,0.0,30.72,15.72,Punjab
20130313,0.35,28.89,15.98,Punjab
20130314,9.3,27.03,14.53,Punjab
20130315,0.0,28.06,13.18,Punjab
20130316,0.0,29.79,12.02,Punjab
20130317,0.0,30.66,14.42,Punjab
20130318,0.0,32.02,12.89,Punjab
20130319,0.0,33.56,14.73,Punjab
20130320,0.0,32.59,17.6,Punjab
20130321,0.0,33.8,16.24,Punjab
20130322,0.0,32.31,13.32,Punjab
20130323,0.94,34.45,18.18,Punjab
20130324,2.79,31.8,17.57,Punjab
20130325,0.0,31.05,15.14,Punjab
20130326,0.0,30.01,12.33,Punjab
20130327,0.01,32.21,15.84,Punjab
20130328,0.55,25.74,17.28,Punjab
20130329,0.71,31.41,15.46,Punjab
20130330,0.29,31.83,16.86,Punjab
20130331,0.0,33.65,17.24,Punjab
20130401,0.0,35.65,18.52,Punjab
20130402,0.02,33.79,20.54,Punjab
20130403,0.01,31.07,18.25,Punjab
20130404,0.0,33.79,15.06,Punjab
20130405,0.0,34.44,15.46,Punjab
20130406,0.0,36.08,14.9,Punjab
20130407,0.0,36.45,18.67,Punjab
20130408,0.0,37.46,19.02,Punjab
20130409,0.04,37.88,22.21,Punjab
20130410,1.48,35.37,20.12,Punjab
20130411,0.0,35.58,19.7,Punjab
20130412,0.0,36.14,19.62,Punjab
20130413,0.0,37.14,21.94,Punjab
20130414,0.55,37.01,22.63,Punjab
20130415,0.11,37.12,21.14,Punjab
20130416,0.01,39.65,22.64,Punjab
20130417,0.0,38.45,19.63,Punjab
20130418,0.0,38.73,19.64,Punjab
20130419,0.0,39.66,21.12,Punjab
20130420,0.0,39.38,23.58,Punjab
20130421,0.31,34.59,21.75,Punjab
20130422,0.34,35.91,20.56,Punjab
20130423,0.0,37.05,22.36,Punjab
20130424,0.26,39.06,23.67,Punjab
20130425,0.2,37.3,24.58,Punjab
20130426,2.28,36.93,24.55,Punjab
20130427,0.38,36.26,22.73,Punjab
20130428,0.01,38.58,21.3,Punjab
20130429,0.0,37.13,23.73,Punjab
20130430,0.0,37.11,24.1,Punjab
20130501,0.0,40.43,21.25,Punjab
20130502,0.0,39.21,20.04,Punjab
20130503,0.0,40.71,21.5,Punjab
20130504,0.0,42.88,23.11,Punjab
20130505,0.0,43.94,24.77,Punjab
20130506,0.0,42.77,25.65,Punjab
20130507,0.0,43.29,26.13,Punjab
20130508,0.15,42.89,26.19,Punjab
20130509,0.0,43.35,26.48,Punjab
20130510,0.04,43.87,27.27,Punjab
20130511,1.07,40.74,26.91,Punjab
20130512,1.95,34.4,26.57,Punjab
20130513,0.79,38.28,23.5,Punjab
20130514,0.0,39.89,24.78,Punjab
20130515,0.0,41.61,24.92,Punjab
20130516,0.0,42.97,25.97,Punjab
20130517,0.0,44.73,25.32,Punjab
20130518,0.0,45.69,25.68,Punjab
20130519,0.0,46.76,27.82,Punjab
20130520,0.0,46.57,27.41,Punjab
20130521,0.0,47.14,28.39,Punjab
20130522,0.0,47.52,28.73,Punjab
20130523,0.0,48.08,28.24,Punjab
20130524,0.0,48.44,29.74,Punjab
20130525,0.0,46.37,30.85,Punjab
20130526,0.0,45.47,29.94,Punjab
20130527,0.07,44.48,30.23,Punjab
20130528,0.01,44.55,29.21,Punjab
20130529,0.0,43.51,26.63,Punjab
20130530,0.0,42.97,26.5,Punjab
20130531,0.04,44.59,26.19,Punjab
20130601,0.0,43.65,28.32,Punjab
20130602,0.0,42.4,26.91,Punjab
20130603,0.05,44.25,28.59,Punjab
20130604,0.0,45.57,29.82,Punjab
20130605,0.0,47.1,30.53,Punjab
20130606,0.02,48.05,32.78,Punjab
20130607,0.11,46.04,30.37,Punjab
20130608,0.0,45.46,30.55,Punjab
20130609,0.01,47.06,30.7,Punjab
20130610,0.0,45.95,33.89,Punjab
20130611,10.19,45.01,32.58,Punjab
20130612,17.63,36.44,30.3,Punjab
20130613,17.35,35.62,28.46,Punjab
20130614,9.76,39.09,27.57,Punjab
20130615,17.29,35.91,27.97,Punjab
20130616,18.88,34.69,27.38,Punjab
20130617,4.26,36.81,22.6,Punjab
20130618,0.88,38.45,26.38,Punjab
20130619,0.0,39.29,26.11,Punjab
20130620,0.0,41.8,26.43,Punjab
20130621,0.0,42.59,29.37,Punjab
20130622,0.0,43.66,28.68,Punjab
20130623,0.09,43.38,29.06,Punjab
20130624,0.06,43.53,29.48,Punjab
20130625,0.74,39.78,28.44,Punjab
20130626,0.87,42.67,28.54,Punjab
20130627,1.54,40.67,29.85,Punjab
20130628,2.18,42.81,29.74,Punjab
20130629,3.91,41.01,31.01,Punjab
20130630,0.0,41.81,30.48,Punjab
20130701,0.0,42.65,29.97,Punjab
20130702,1.34,42.36,29.6,Punjab
20130703,0.35,41.74,30.5,Punjab
20130704,0.0,41.37,29.88,Punjab
20130705,3.44,41.21,30.48,Punjab
20130706,6.32,39.47,29.88,Punjab
20130707,13.77,37.07,28.96,Punjab
20130708,33.03,36.96,29.31,Punjab
20130709,21.7,36.62,28.51,Punjab
20130710,6.57,36.68,27.99,Punjab
20130711,4.63,37.87,28.55,Punjab
20130712,0.57,38.3,28.21,Punjab
20130713,0.04,39.55,28.42,Punjab
20130714,2.08,40.12,28.11,Punjab
20130715,41.98,37.16,29.13,Punjab
20130716,2.66,38.44,27.2,Punjab
20130717,9.4,36.76,28.0,Punjab
20130718,1.09,39.55,28.07,Punjab
20130719,3.5,40.62,29.54,Punjab
20130720,18.32,32.79,27.54,Punjab
20130721,2.71,35.19,26.6,Punjab
20130722,0.09,36.3,27.8,Punjab
20130723,0.21,37.04,27.38,Punjab
20130724,0.13,37.97,27.65,Punjab
20130725,1.16,38.19,27.61,Punjab
20130726,0.24,37.98,27.03,Punjab
20130727,0.28,38.26,27.92,Punjab
20130728,0.1,37.6,28.53,Punjab
20130729,8.24,38.21,29.4,Punjab
20130730,3.1,37.08,28.45,Punjab
20130731,5.15,39.25,28.95,Punjab
20130801,9.29,34.12,28.0,Punjab
20130802,14.82,31.15,27.15,Punjab
20130803,6.99,35.19,26.35,Punjab
20130804,0.41,36.06,27.21,Punjab
20130805,27.22,35.33,27.91,Punjab
20130806,37.74,32.94,26.51,Punjab
20130807,7.84,33.35,25.72,Punjab
20130808,5.54,34.99,25.93,Punjab
20130809,0.48,34.35,26.75,Punjab
20130810,2.06,33.2,25.74,Punjab
20130811,2.34,31.94,26.4,Punjab
20130812,2.78,32.81,26.12,Punjab
20130813,2.08,32.68,26.14,Punjab
20130814,16.31,30.39,25.64,Punjab
20130815,45.74,29.02,25.48,Punjab
20130816,35.11,29.56,25.42,Punjab
20130817,37.07,31.84,24.85,Punjab
20130818,22.61,31.27,25.45,Punjab
20130819,2.44,32.55,24.83,Punjab
20130820,0.09,32.74,25.02,Punjab
20130821,8.01,33.26,24.15,Punjab
20130822,1.66,33.71,24.73,Punjab
20130823,0.03,33.97,23.99,Punjab
20130824,0.0,33.44,24.63,Punjab
20130825,0.02,34.08,25.02,Punjab
20130826,0.0,34.85,25.09,Punjab
20130827,0.74,35.39,24.4,Punjab
20130828,1.17,33.34,24.22,Punjab
20130829,3.12,33.95,23.84,Punjab
20130830,0.49,34.26,24.55,Punjab
20130831,0.16,34.66,24.06,Punjab
20130901,0.09,34.54,24.15,Punjab
20130902,0.2,34.97,23.75,Punjab
20130903,0.07,35.36,23.98,Punjab
20130904,6.74,34.59,23.31,Punjab
20130905,3.75,34.79,21.55,Punjab
20130906,2.97,34.26,22.18,Punjab
20130907,0.0,34.84,21.44,Punjab
20130908,0.24,32.81,23.3,Punjab
20130909,0.24,33.69,21.94,Punjab
20130910,0.04,33.9,23.0,Punjab
20130911,0.0,35.15,22.72,Punjab
20130912,0.02,34.82,22.33,Punjab
20130913,0.01,34.63,22.88,Punjab
20130914,0.02,34.66,24.09,Punjab
20130915,0.91,36.03,24.59,Punjab
20130916,0.86,34.0,22.8,Punjab
20130917,0.0,34.75,21.3,Punjab
20130918,0.0,35.54,22.22,Punjab
20130919,0.0,35.71,22.26,Punjab
20130920,0.0,36.09,21.3,Punjab
20130921,7.78,33.72,22.64,Punjab
20130922,0.03,35.08,24.85,Punjab
20130923,1.63,34.97,25.15,Punjab
20130924,0.49,36.1,26.28,Punjab
20130925,0.02,36.55,24.94,Punjab
20130926,0.18,35.6,24.28,Punjab
20130927,0.21,35.28,25.37,Punjab
20130928,0.24,35.21,24.48,Punjab
20130929,0.08,35.33,25.04,Punjab
20130930,0.13,34.76,23.41,Punjab
20131001,0.01,34.41,23.96,Punjab
20131002,0.11,35.08,24.75,Punjab
20131003,3.5,33.59,23.5,Punjab
20131004,1.3,31.68,23.45,Punjab
20131005,0.01,34.65,23.19,Punjab
20131006,0.02,35.56,23.92,Punjab
20131007,0.02,35.1,24.33,Punjab
20131008,0.0,35.11,24.3,Punjab
20131009,0.0,34.46,24.86,Punjab
20131010,0.01,34.96,24.51,Punjab
20131011,19.96,31.99,23.48,Punjab
20131012,2.02,31.46,22.48,Punjab
20131013,0.0,32.13,23.07,Punjab
20131014,0.0,33.51,20.75,Punjab
20131015,0.0,33.84,21.05,Punjab
20131016,0.01,34.12,20.76,Punjab
20131017,0.0,34.53,21.66,Punjab
20131018,0.0,34.9,20.01,Punjab
20131019,0.0,34.11,19.12,Punjab
20131020,0.0,33.17,20.04,Punjab
20131021,0.01,32.15,18.16,Punjab
20131022,0.0,31.53,16.23,Punjab
20131023,0.0,30.32,15.33,Punjab
20131024,0.0,30.81,16.23,Punjab
20131025,0.0,31.29,18.37,Punjab
20131026,0.0,31.12,16.06,Punjab
20131027,0.0,30.11,17.53,Punjab
20131028,0.0,30.99,15.78,Punjab
20131029,0.0,31.96,17.37,Punjab
20131030,0.0,31.78,18.38,Punjab
20131031,0.03,30.58,17.81,Punjab
20131101,0.54,29.09,17.24,Punjab
20131102,0.0,29.42,14.13,Punjab
20131103,0.0,28.19,12.48,Punjab
20131104,0.0,28.45,12.93,Punjab
20131105,0.0,25.4,16.12,Punjab
20131106,0.15,22.52,13.5,Punjab
20131107,6.14,23.11,13.07,Punjab
20131108,1.91,25.34,12.87,Punjab
20131109,0.07,24.92,11.52,Punjab
20131110,0.0,26.71,11.55,Punjab
20131111,0.0,26.65,11.31,Punjab
20131112,0.0,27.13,10.97,Punjab
20131113,0.0,26.27,12.78,Punjab
20131114,0.0,26.01,9.14,Punjab
20131115,0.0,26.54,11.11,Punjab
20131116,0.0,26.86,12.91,Punjab
20131117,0.0,27.12,12.25,Punjab
20131118,0.0,27.71,8.74,Punjab
20131119,0.0,27.2,10.46,Punjab
20131120,0.0,28.07,13.18,Punjab
20131121,0.0,26.76,10.66,Punjab
20131122,0.0,26.39,10.54,Punjab
20131123,0.0,27.39,12.48,Punjab
20131124,0.0,27.24,11.93,Punjab
20131125,0.0,28.47,12.0,Punjab
20131126,0.0,28.8,11.41,Punjab
20131127,0.0,28.61,12.73,Punjab
20131128,0.0,28.41,13.59,Punjab
20131129,0.0,28.15,10.88,Punjab
20131130,0.0,27.71,10.44,Punjab
20131201,0.0,26.66,12.29,Punjab
20131202,0.0,27.0,10.22,Punjab
20131203,0.0,25.82,10.36,Punjab
20131204,0.0,25.37,11.84,Punjab
20131205,0.0,25.73,9.96,Punjab
20131206,0.0,26.65,11.09,Punjab
20131207,0.0,25.77,12.01,Punjab
20131208,0.0,25.05,9.81,Punjab
20131209,0.0,24.4,11.14,Punjab
20131210,0.0,25.24,10.44,Punjab
20131211,0.0,25.39,8.69,Punjab
20131212,0.0,25.45,10.19,Punjab
20131213,0.0,26.41,7.4,Punjab
20131214,0.0,25.79,7.64,Punjab
20131215,0.0,22.17,6.99,Punjab
20131216,0.0,21.31,8.3,Punjab
20131217,0.0,20.75,10.78,Punjab
20131218,0.0,22.17,9.59,Punjab
20131219,0.0,21.94,8.75,Punjab
20131220,0.0,21.1,5.93,Punjab
20131221,0.91,20.2,9.25,Punjab
20131222,1.12,19.78,9.09,Punjab
20131223,0.0,20.25,6.98,Punjab
20131224,0.0,20.48,5.68,Punjab
20131225,0.0,21.4,4.15,Punjab
20131226,0.0,21.23,2.75,Punjab
20131227,0.0,19.72,5.93,Punjab
20131228,0.0,19.04,5.07,Punjab
20131229,0.0,18.64,3.02,Punjab
20131230,1.65,19.68,3.84,Punjab
20131231,0.2,17.72,6.28,Punjab
20140101,0.0,18.22,4.45,Punjab
20140102,0.0,20.42,1.81,Punjab
20140103,0.0,21.33,3.46,Punjab
20140104,0.0,21.67,6.28,Punjab
20140105,0.0,21.43,6.87,Punjab
20140106,0.0,20.31,2.48,Punjab
20140107,0.25,19.85,3.73,Punjab
20140108,0.0,19.54,6.63,Punjab
20140109,0.0,19.6,6.86,Punjab
20140110,0.0,19.47,5.38,Punjab
20140111,0.1,20.33,3.55,Punjab
20140112,0.0,21.74,3.11,Punjab
20140113,0.0,20.9,8.82,Punjab
20140114,0.0,23.43,8.41,Punjab
20140115,0.0,22.38,8.96,Punjab
20140116,0.0,20.62,8.94,Punjab
20140117,4.52,16.81,9.48,Punjab
20140118,6.21,15.67,8.54,Punjab
20140119,0.17,20.78,6.39,Punjab
20140120,0.0,22.84,5.76,Punjab
20140121,1.65,17.41,7.52,Punjab
20140122,15.22,16.65,11.33,Punjab
20140123,0.32,20.65,9.66,Punjab
20140124,0.0,21.88,6.61,Punjab
20140125,0.0,22.98,7.0,Punjab
20140126,0.0,24.57,7.07,Punjab
20140127,0.0,24.53,6.19,Punjab
20140128,0.0,24.46,6.71,Punjab
20140129,0.0,24.09,10.79,Punjab
20140130,0.0,23.41,8.31,Punjab
20140131,0.0,23.54,9.39,Punjab
20140201,0.0,22.73,10.3,Punjab
20140202,0.0,24.06,11.11,Punjab
20140203,0.27,24.97,11.01,Punjab
20140204,0.21,24.81,10.5,Punjab
20140205,0.06,23.21,11.71,Punjab
20140206,3.63,24.41,11.56,Punjab
20140207,1.15,21.77,9.04,Punjab
20140208,0.96,21.49,5.19,Punjab
20140209,0.0,21.73,3.31,Punjab
20140210,0.0,18.29,5.77,Punjab
20140211,0.0,20.76,6.93,Punjab
20140212,0.0,22.29,3.98,Punjab
20140213,0.0,24.21,6.21,Punjab
20140214,3.46,15.79,7.57,Punjab
20140215,6.05,18.84,7.42,Punjab
20140216,0.0,20.96,6.98,Punjab
20140217,0.0,22.24,4.52,Punjab
20140218,0.0,23.97,3.91,Punjab
20140219,0.0,24.91,5.47,Punjab
20140220,0.0,25.47,9.94,Punjab
20140221,0.22,26.22,9.53,Punjab
20140222,1.1,23.43,10.25,Punjab
20140223,0.61,23.74,8.58,Punjab
20140224,0.0,24.91,8.39,Punjab
20140225,0.0,25.1,9.31,Punjab
20140226,0.0,25.7,11.24,Punjab
20140227,0.85,26.33,9.42,Punjab
20140228,2.05,24.85,12.25,Punjab
20140301,1.82,19.82,12.49,Punjab
20140302,0.0,21.79,9.43,Punjab
20140303,0.04,25.39,9.76,Punjab
20140304,0.0,26.4,11.76,Punjab
20140305,0.13,25.41,12.07,Punjab
20140306,0.14,25.75,11.35,Punjab
20140307,0.0,27.43,8.89,Punjab
20140308,0.0,27.88,10.55,Punjab
20140309,0.0,25.2,12.81,Punjab
20140310,0.26,28.96,13.07,Punjab
20140311,9.92,26.49,12.7,Punjab
20140312,0.41,26.67,10.46,Punjab
20140313,0.0,28.79,11.9,Punjab
20140314,0.0,30.73,10.39,Punjab
20140315,0.0,30.32,15.21,Punjab
20140316,0.0,34.26,14.19,Punjab
20140317,9.62,31.54,17.45,Punjab
20140318,0.81,29.98,15.62,Punjab
20140319,0.0,29.83,13.17,Punjab
20140320,0.0,30.2,12.05,Punjab
20140321,0.24,31.8,16.72,Punjab
20140322,0.03,32.86,16.58,Punjab
20140323,1.4,28.28,16.9,Punjab
20140324,11.37,27.07,15.78,Punjab
20140325,0.01,32.0,14.85,Punjab
20140326,0.4,31.1,17.26,Punjab
20140327,0.15,31.45,16.88,Punjab
20140328,0.94,32.61,16.47,Punjab
20140329,1.61,32.04,16.53,Punjab
20140330,0.0,32.44,15.41,Punjab
20140331,0.0,33.59,13.52,Punjab
20140401,0.0,34.42,14.07,Punjab
20140402,1.42,33.5,18.81,Punjab
20140403,0.0,31.65,15.48,Punjab
20140404,0.0,33.39,17.76,Punjab
20140405,0.0,35.08,16.31,Punjab
20140406,0.07,37.02,19.22,Punjab
20140407,2.08,31.45,16.88,Punjab
20140408,1.35,32.72,14.75,Punjab
20140409,0.0,33.61,15.15,Punjab
20140410,0.0,34.63,15.32,Punjab
20140411,0.0,36.67,15.22,Punjab
20140412,0.01,35.37,18.39,Punjab
20140413,0.58,34.27,19.2,Punjab
20140414,0.01,35.85,18.25,Punjab
20140415,0.18,36.4,17.9,Punjab
20140416,0.0,35.58,21.37,Punjab
20140417,8.64,34.36,20.16,Punjab
20140418,13.99,30.78,18.99,Punjab
20140419,8.5,30.44,17.45,Punjab
20140420,0.01,33.65,16.54,Punjab
20140421,0.0,35.32,17.05,Punjab
20140422,0.0,36.03,19.47,Punjab
20140423,0.0,36.36,20.21,Punjab
20140424,0.0,37.94,19.99,Punjab
20140425,9.78,37.78,20.28,Punjab
20140426,0.0,38.27,21.0,Punjab
20140427,0.0,38.44,20.7,Punjab
20140428,0.0,40.32,19.9,Punjab
20140429,0.0,41.6,21.71,Punjab
20140430,0.0,42.42,23.93,Punjab
20140501,0.0,43.3,23.94,Punjab
20140502,0.0,43.46,24.72,Punjab
20140503,0.0,41.72,25.95,Punjab
20140504,0.22,41.48,26.72,Punjab
20140505,0.45,40.37,26.15,Punjab
20140506,0.07,38.73,26.52,Punjab
20140507,0.06,38.98,25.74,Punjab
20140508,1.82,40.36,25.39,Punjab
20140509,0.0,39.81,24.41,Punjab
20140510,0.01,40.81,24.29,Punjab
20140511,1.1,37.09,25.45,Punjab
20140512,7.79,36.64,24.7,Punjab
20140513,10.25,32.22,22.55,Punjab
20140514,0.0,34.8,20.56,Punjab
20140515,0.06,36.95,21.43,Punjab
20140516,1.45,37.38,22.17,Punjab
20140517,1.58,37.24,23.5,Punjab
20140518,0.81,38.17,22.33,Punjab
20140519,0.0,38.81,23.8,Punjab
20140520,0.05,38.98,24.27,Punjab
20140521,0.01,39.34,25.06,Punjab
20140522,0.0,42.06,24.38,Punjab
20140523,0.23,42.66,27.45,Punjab
20140524,0.33,41.15,26.15,Punjab
20140525,0.0,42.28,24.68,Punjab
20140526,0.03,40.85,26.58,Punjab
20140527,0.01,41.83,26.86,Punjab
20140528,0.0,43.76,27.34,Punjab
20140529,0.0,45.95,27.99,Punjab
20140530,0.15,44.83,28.86,Punjab
20140531,0.0,46.02,27.23,Punjab
20140601,1.05,44.15,30.82,Punjab
20140602,0.0,43.59,29.07,Punjab
20140603,0.0,44.85,27.95,Punjab
20140604,0.0,45.72,28.55,Punjab
20140605,0.0,47.52,29.63,Punjab
20140606,0.0,47.26,31.38,Punjab
20140607,0.0,47.65,29.9,Punjab
20140608,0.0,47.9,29.62,Punjab
20140609,0.0,47.91,30.57,Punjab
20140610,0.0,47.65,29.98,Punjab
20140611,0.0,47.32,29.09,Punjab
20140612,0.16,45.85,28.27,Punjab
20140613,0.35,44.04,32.3,Punjab
20140614,0.04,45.03,31.06,Punjab
20140615,0.0,45.67,32.91,Punjab
20140616,0.0,46.31,33.58,Punjab
20140617,0.05,47.2,33.57,Punjab
20140618,0.01,45.67,35.29,Punjab
20140619,0.0,46.23,34.78,Punjab
20140620,0.0,46.43,33.93,Punjab
20140621,0.11,46.49,34.43,Punjab
20140622,3.1,41.88,33.29,Punjab
20140623,0.0,42.25,31.12,Punjab
20140624,1.36,42.15,29.47,Punjab
20140625,7.69,41.5,30.25,Punjab
20140626,3.42,40.96,28.69,Punjab
20140627,0.0,42.42,29.29,Punjab
20140628,3.53,42.49,31.57,Punjab
20140629,15.46,37.18,27.0,Punjab
20140630,6.17,40.48,28.99,Punjab
20140701,3.09,39.63,29.22,Punjab
20140702,1.03,40.17,30.05,Punjab
20140703,0.11,39.28,29.6,Punjab
20140704,0.18,41.11,29.31,Punjab
20140705,0.0,41.41,29.38,Punjab
20140706,0.02,41.49,29.7,Punjab
20140707,0.0,42.12,29.14,Punjab
20140708,0.0,42.66,29.29,Punjab
20140709,0.05,44.03,29.87,Punjab
20140710,0.01,44.15,29.84,Punjab
20140711,0.0,45.04,30.16,Punjab
20140712,0.05,44.01,31.1,Punjab
20140713,0.14,44.81,30.69,Punjab
20140714,0.25,44.1,31.21,Punjab
20140715,0.16,44.39,30.98,Punjab
20140716,9.72,38.46,31.93,Punjab
20140717,22.58,33.02,29.29,Punjab
20140718,5.69,38.05,28.09,Punjab
20140719,5.03,39.26,28.52,Punjab
20140720,0.09,40.39,28.15,Punjab
20140721,0.0,41.35,28.42,Punjab
20140722,0.01,42.77,29.3,Punjab
20140723,3.16,40.84,28.98,Punjab
20140724,7.05,37.37,28.01,Punjab
20140725,0.04,38.21,28.84,Punjab
20140726,0.01,38.72,28.76,Punjab
20140727,8.68,37.76,29.74,Punjab
20140728,6.46,36.02,28.21,Punjab
20140729,4.17,36.54,27.82,Punjab
20140730,0.0,38.36,28.78,Punjab
20140731,16.91,37.27,29.31,Punjab
20140801,5.78,39.09,28.31,Punjab
20140802,2.48,39.72,29.15,Punjab
20140803,3.44,39.53,29.4,Punjab
20140804,0.69,40.83,29.29,Punjab
20140805,0.16,40.1,29.86,Punjab
20140806,3.9,39.83,28.52,Punjab
20140807,4.58,38.01,27.73,Punjab
20140808,7.74,38.07,28.6,Punjab
20140809,2.45,38.17,28.09,Punjab
20140810,0.08,39.96,29.34,Punjab
20140811,0.06,40.46,28.85,Punjab
20140812,0.0,40.86,29.44,Punjab
20140813,0.01,40.52,30.3,Punjab
20140814,0.11,41.31,29.83,Punjab
20140815,1.37,40.22,29.57,Punjab
20140816,4.71,37.04,28.3,Punjab
20140817,0.0,37.25,26.91,Punjab
20140818,0.0,39.41,25.75,Punjab
20140819,0.02,39.77,25.83,Punjab
20140820,0.0,41.58,26.61,Punjab
20140821,0.0,41.4,25.95,Punjab
20140822,0.06,41.51,25.98,Punjab
20140823,0.12,40.68,26.21,Punjab
20140824,0.0,40.91,27.5,Punjab
20140825,0.0,41.22,26.47,Punjab
20140826,0.5,40.9,27.35,Punjab
20140827,0.05,41.06,28.03,Punjab
20140828,0.04,39.76,27.25,Punjab
20140829,0.03,39.32,26.63,Punjab
20140830,0.43,40.3,27.97,Punjab
20140831,0.62,40.71,26.96,Punjab
20140901,19.12,33.57,25.83,Punjab
20140902,2.08,35.34,25.77,Punjab
20140903,23.43,30.95,25.07,Punjab
20140904,81.44,29.32,25.79,Punjab
20140905,95.24,30.83,25.22,Punjab
20140906,26.85,30.93,24.28,Punjab
20140907,0.0,31.24,23.66,Punjab
20140908,0.18,32.31,23.99,Punjab
20140909,0.0,31.42,23.53,Punjab
20140910,0.0,32.01,24.34,Punjab
20140911,0.52,31.87,23.75,Punjab
20140912,10.69,30.95,22.75,Punjab
20140913,1.76,31.29,23.2,Punjab
20140914,42.1,30.39,23.9,Punjab
20140915,1.23,30.66,22.66,Punjab
20140916,0.0,31.24,22.65,Punjab
20140917,0.0,31.5,22.12,Punjab
20140918,0.0,31.89,22.45,Punjab
20140919,0.0,31.47,22.64,Punjab
20140920,0.0,33.04,22.56,Punjab
20140921,0.17,31.15,19.98,Punjab
20140922,0.0,32.01,20.13,Punjab
20140923,0.0,32.17,20.81,Punjab
20140924,0.0,32.01,19.5,Punjab
20140925,0.0,31.95,20.27,Punjab
20140926,0.0,32.29,21.85,Punjab
20140927,0.03,32.43,22.02,Punjab
20140928,0.0,32.99,21.76,Punjab
20140929,0.0,32.84,20.7,Punjab
20140930,0.01,33.74,20.92,Punjab
20141001,0.15,32.29,21.46,Punjab
20141002,0.02,33.35,22.67,Punjab
20141003,0.0,33.67,23.13,Punjab
20141004,0.0,34.15,23.11,Punjab
20141005,0.0,34.11,22.86,Punjab
20141006,0.0,33.64,23.56,Punjab
20141007,0.85,32.41,24.35,Punjab
20141008,2.25,32.14,21.52,Punjab
20141009,0.0,32.14,18.72,Punjab
20141010,0.0,32.76,17.86,Punjab
20141011,0.0,32.35,19.48,Punjab
20141012,0.0,33.03,19.25,Punjab
20141013,0.0,33.41,19.25,Punjab
20141014,2.18,27.78,15.47,Punjab
20141015,0.44,28.35,15.8,Punjab
20141016,0.0,28.68,15.37,Punjab
20141017,0.0,29.88,17.14,Punjab
20141018,0.0,29.93,16.21,Punjab
20141019,0.0,29.82,15.87,Punjab
20141020,0.0,31.09,16.09,Punjab
20141021,0.0,31.86,17.82,Punjab
20141022,0.0,32.32,19.86,Punjab
20141023,0.0,31.89,19.43,Punjab
20141024,0.0,31.82,20.31,Punjab
20141025,0.08,31.07,18.2,Punjab
20141026,0.05,30.71,19.14,Punjab
20141027,0.0,29.38,19.1,Punjab
20141028,0.29,30.25,19.04,Punjab
20141029,0.6,30.95,17.13,Punjab
20141030,0.0,29.78,15.96,Punjab
20141031,0.0,29.7,14.65,Punjab
20141101,0.0,29.73,13.06,Punjab
20141102,0.0,30.24,13.04,Punjab
20141103,0.0,30.02,15.02,Punjab
20141104,0.0,28.72,14.64,Punjab
20141105,0.0,29.6,14.87,Punjab
20141106,0.0,29.48,13.93,Punjab
20141107,5.39,30.17,18.72,Punjab
20141108,0.92,29.57,17.63,Punjab
20141109,0.0,28.2,13.92,Punjab
20141110,0.0,29.21,11.08,Punjab
20141111,0.0,27.89,12.35,Punjab
20141112,0.0,27.86,12.73,Punjab
20141113,0.0,27.53,9.11,Punjab
20141114,0.0,27.07,8.87,Punjab
20141115,0.0,27.53,10.47,Punjab
20141116,0.0,27.44,11.72,Punjab
20141117,0.0,27.49,11.93,Punjab
20141118,0.0,26.96,11.08,Punjab
20141119,0.0,26.53,12.79,Punjab
20141120,0.0,26.31,9.81,Punjab
20141121,0.0,26.74,12.22,Punjab
20141122,0.0,25.41,11.46,Punjab
20141123,0.0,25.96,10.74,Punjab
20141124,0.0,25.99,7.7,Punjab
20141125,0.0,25.6,9.84,Punjab
20141126,0.0,25.96,8.34,Punjab
20141127,0.0,26.15,12.71,Punjab
20141128,0.0,27.84,13.47,Punjab
20141129,0.0,28.26,14.17,Punjab
20141130,0.0,27.61,12.28,Punjab
20141201,0.0,26.93,9.89,Punjab
20141202,0.0,27.18,8.49,Punjab
20141203,0.0,27.22,10.66,Punjab
20141204,0.0,26.51,10.91,Punjab
20141205,0.0,26.22,12.68,Punjab
20141206,0.0,26.82,9.01,Punjab
20141207,0.0,26.17,9.44,Punjab
20141208,0.0,25.76,10.88,Punjab
20141209,0.0,25.06,9.32,Punjab
20141210,0.0,23.15,7.0,Punjab
20141211,0.0,22.5,5.14,Punjab
20141212,0.07,22.7,8.22,Punjab
20141213,4.0,15.9,8.09,Punjab
20141214,2.44,18.62,9.1,Punjab
20141215,1.33,17.9,9.32,Punjab
20141216,0.0,18.97,6.16,Punjab
20141217,0.0,18.56,3.54,Punjab
20141218,0.0,19.27,4.14,Punjab
20141219,0.0,18.64,6.1,Punjab
20141220,0.0,20.24,2.82,Punjab
20141221,0.0,20.57,4.87,Punjab
20141222,0.0,17.91,6.65,Punjab
20141223,0.0,20.2,4.43,Punjab
20141224,0.0,19.06,7.06,Punjab
20141225,0.0,20.54,4.32,Punjab
20141226,0.0,22.03,4.21,Punjab
20141227,0.0,21.97,3.24,Punjab
20141228,0.0,19.55,6.11,Punjab
20141229,0.0,18.99,6.34,Punjab
20141230,0.0,19.42,5.11,Punjab
20141231,0.0,19.25,5.94,Punjab
20150101,0.0,22.81,7.71,Punjab
20150102,0.18,23.19,8.44,Punjab
20150103,3.18,19.8,7.08,Punjab
20150104,0.06,19.78,6.73,Punjab
20150105,0.0,20.36,4.05,Punjab
20150106,0.0,21.5,5.4,Punjab
20150107,0.0,21.43,5.05,Punjab
20150108,0.0,22.19,5.26,Punjab
20150109,0.0,20.82,6.62,Punjab
20150110,0.0,21.11,3.0,Punjab
20150111,0.0,22.63,3.91,Punjab
20150112,0.0,23.19,7.36,Punjab
20150113,0.28,21.42,5.12,Punjab
20150114,8.6,16.72,8.42,Punjab
20150115,0.0,19.69,6.46,Punjab
20150116,0.0,21.66,5.31,Punjab
20150117,0.0,21.89,5.3,Punjab
20150118,0.0,22.04,5.76,Punjab
20150119,0.0,21.98,8.34,Punjab
20150120,0.0,21.13,6.77,Punjab
20150121,8.14,17.07,6.53,Punjab
20150122,6.44,13.74,8.84,Punjab
20150123,0.1,19.44,7.67,Punjab
20150124,0.0,20.6,5.28,Punjab
20150125,0.0,19.56,6.47,Punjab
20150126,0.1,18.86,7.33,Punjab
20150127,0.06,17.72,6.31,Punjab
20150128,0.0,18.84,4.37,Punjab
20150129,0.0,18.84,5.53,Punjab
20150130,0.0,20.84,3.32,Punjab
20150131,0.0,22.37,4.51,Punjab
20150201,0.0,22.5,6.22,Punjab
20150202,3.61,22.12,8.71,Punjab
20150203,13.32,20.51,10.21,Punjab
20150204,0.14,22.42,6.67,Punjab
20150205,0.0,23.04,5.07,Punjab
20150206,0.0,21.76,8.87,Punjab
20150207,0.0,23.25,9.07,Punjab
20150208,0.0,23.67,10.02,Punjab
20150209,0.0,24.43,7.08,Punjab
20150210,0.0,24.5,8.29,Punjab
20150211,0.0,25.09,10.64,Punjab
20150212,0.0,25.05,8.57,Punjab
20150213,0.0,25.31,7.3,Punjab
20150214,0.0,28.93,12.7,Punjab
20150215,0.0,27.3,13.12,Punjab
20150216,1.11,27.83,11.65,Punjab
20150217,6.55,27.2,13.55,Punjab
20150218,0.1,26.7,13.89,Punjab
20150219,2.86,24.75,14.22,Punjab
20150220,10.66,25.96,13.47,Punjab
20150221,0.0,28.55,12.67,Punjab
20150222,0.0,29.86,11.01,Punjab
20150223,0.0,27.13,14.18,Punjab
20150224,0.0,28.21,16.07,Punjab
20150225,10.7,22.76,9.16,Punjab
20150226,0.0,23.56,7.84,Punjab
20150227,0.04,23.08,5.94,Punjab
20150228,0.06,21.31,8.67,Punjab
20150301,45.91,17.77,11.25,Punjab
20150302,20.58,19.26,13.41,Punjab
20150303,2.09,20.99,9.3,Punjab
20150304,1.22,21.66,8.02,Punjab
20150305,1.5,21.79,9.78,Punjab
20150306,0.06,24.1,10.78,Punjab
20150307,2.49,22.86,9.49,Punjab
20150308,3.59,23.22,10.47,Punjab
20150309,0.15,21.42,7.71,Punjab
20150310,0.0,25.01,6.98,Punjab
20150311,0.0,26.35,8.82,Punjab
20150312,0.0,25.95,12.33,Punjab
20150313,0.0,27.9,11.68,Punjab
20150314,1.4,27.36,14.62,Punjab
20150315,10.38,23.93,13.89,Punjab
20150316,11.06,22.54,14.03,Punjab
20150317,0.14,24.44,12.86,Punjab
20150318,0.0,26.49,10.49,Punjab
20150319,0.0,28.3,11.76,Punjab
20150320,0.0,29.66,12.62,Punjab
20150321,0.0,30.79,15.09,Punjab
20150322,0.0,32.22,15.04,Punjab
20150323,0.0,33.38,14.67,Punjab
20150324,0.0,34.63,18.02,Punjab
20150325,0.0,34.86,18.43,Punjab
20150326,0.0,34.37,17.4,Punjab
20150327,0.0,34.91,17.47,Punjab
20150328,0.03,36.33,16.71,Punjab
20150329,3.81,26.39,17.7,Punjab
20150330,10.57,28.63,16.86,Punjab
20150331,0.15,29.27,16.59,Punjab
20150401,0.24,28.67,18.99,Punjab
20150402,0.02,30.72,18.73,Punjab
20150403,7.54,28.52,17.17,Punjab
20150404,0.71,28.15,17.7,Punjab
20150405,0.01,31.06,15.34,Punjab
20150406,0.68,31.21,17.08,Punjab
20150407,4.96,25.5,18.23,Punjab
20150408,0.04,30.22,17.25,Punjab
20150409,0.0,32.29,15.46,Punjab
20150410,0.0,34.07,17.44,Punjab
20150411,0.0,35.63,19.77,Punjab
20150412,0.93,30.59,20.33,Punjab
20150413,0.0,33.79,19.06,Punjab
20150414,0.09,33.11,18.96,Punjab
20150415,16.96,32.27,20.08,Punjab
20150416,2.89,32.63,20.36,Punjab
20150417,0.75,34.71,18.17,Punjab
20150418,0.0,37.77,21.1,Punjab
20150419,0.0,38.33,22.96,Punjab
20150420,0.17,39.32,22.03,Punjab
20150421,0.0,37.64,20.78,Punjab
20150422,0.0,38.24,19.16,Punjab
20150423,0.0,39.24,22.34,Punjab
20150424,0.0,39.77,24.17,Punjab
20150425,0.0,40.42,23.11,Punjab
20150426,0.0,36.94,21.11,Punjab
20150427,0.0,37.93,22.36,Punjab
20150428,2.61,39.06,25.01,Punjab
20150429,0.9,39.15,22.45,Punjab
20150430,0.47,38.69,22.47,Punjab
20150501,6.33,37.14,19.97,Punjab
20150502,0.0,38.1,21.13,Punjab
20150503,0.0,39.55,22.61,Punjab
20150504,0.0,40.59,21.22,Punjab
20150505,0.0,41.0,24.15,Punjab
20150506,0.0,41.84,24.65,Punjab
20150507,0.0,43.38,25.68,Punjab
20150508,0.0,40.42,25.97,Punjab
20150509,0.0,42.26,25.69,Punjab
20150510,0.0,41.49,27.18,Punjab
20150511,1.89,40.87,26.37,Punjab
20150512,1.76,38.77,26.22,Punjab
20150513,5.0,38.07,23.0,Punjab
20150514,4.14,36.44,25.46,Punjab
20150515,0.44,37.93,25.0,Punjab
20150516,1.12,40.03,24.96,Punjab
20150517,0.0,40.22,24.82,Punjab
20150518,0.0,42.9,28.9,Punjab
20150519,0.0,42.55,27.78,Punjab
20150520,0.28,42.77,24.5,Punjab
20150521,0.0,43.85,24.74,Punjab
20150522,0.0,44.48,25.74,Punjab
20150523,0.0,44.92,27.82,Punjab
20150524,0.0,45.59,29.17,Punjab
20150525,0.0,45.7,28.0,Punjab
20150526,0.0,44.69,26.07,Punjab
20150527,0.0,43.07,22.23,Punjab
20150528,0.0,43.51,26.71,Punjab
20150529,0.04,42.93,26.33,Punjab
20150530,0.0,43.65,27.06,Punjab
20150531,0.07,42.89,28.63,Punjab
20150601,0.7,42.3,29.61,Punjab
20150602,0.05,38.78,27.84,Punjab
20150603,1.25,40.95,26.9,Punjab
20150604,6.49,35.78,26.83,Punjab
20150605,0.21,39.8,26.44,Punjab
20150606,0.0,41.72,26.73,Punjab
20150607,0.0,43.23,29.15,Punjab
20150608,0.0,45.57,29.42,Punjab
20150609,0.18,45.54,29.42,Punjab
20150610,0.0,43.84,31.14,Punjab
20150611,3.38,42.69,30.33,Punjab
20150612,0.0,43.88,28.23,Punjab
20150613,0.55,42.5,29.86,Punjab
20150614,2.98,40.57,29.14,Punjab
20150615,15.31,38.24,27.3,Punjab
20150616,0.02,41.02,27.62,Punjab
20150617,0.05,42.59,28.17,Punjab
20150618,0.05,43.7,28.48,Punjab
20150619,0.13,45.22,29.55,Punjab
20150620,2.05,41.44,30.19,Punjab
20150621,12.82,41.58,31.02,Punjab
20150622,4.5,41.4,27.59,Punjab
20150623,2.96,41.26,29.35,Punjab
20150624,9.15,40.51,28.6,Punjab
20150625,7.78,38.31,27.61,Punjab
20150626,0.0,40.71,25.94,Punjab
20150627,0.08,41.07,26.41,Punjab
20150628,0.0,43.2,26.79,Punjab
20150629,0.69,42.24,29.1,Punjab
20150630,19.57,38.01,26.49,Punjab
20150701,0.0,40.07,28.41,Punjab
20150702,0.21,39.59,27.88,Punjab
20150703,0.64,41.49,29.11,Punjab
20150704,1.0,42.03,28.8,Punjab
20150705,6.16,42.24,31.01,Punjab
20150706,8.36,38.32,28.58,Punjab
20150707,9.31,36.71,27.65,Punjab
20150708,10.88,36.71,28.07,Punjab
20150709,4.2,38.59,27.99,Punjab
20150710,2.1,39.27,28.39,Punjab
20150711,26.06,32.67,26.75,Punjab
20150712,63.52,33.06,26.15,Punjab
20150713,2.93,35.59,26.08,Punjab
20150714,0.01,37.11,26.38,Punjab
20150715,0.0,39.38,27.55,Punjab
20150716,0.76,39.8,28.1,Punjab
20150717,61.9,34.51,27.15,Punjab
20150718,19.98,32.23,27.07,Punjab
20150719,3.08,33.71,26.03,Punjab
20150720,1.45,34.77,25.77,Punjab
20150721,1.72,35.56,26.3,Punjab
20150722,0.03,35.44,26.79,Punjab
20150723,3.8,34.29,26.28,Punjab
20150724,2.66,34.17,26.55,Punjab
20150725,6.11,34.57,26.4,Punjab
20150726,1.56,32.3,26.59,Punjab
20150727,0.17,33.96,25.36,Punjab
20150728,0.65,34.92,25.95,Punjab
20150729,0.0,34.46,24.6,Punjab
20150730,0.35,35.25,25.61,Punjab
20150731,1.88,35.01,25.74,Punjab
20150801,3.04,34.53,25.67,Punjab
20150802,8.78,33.06,25.62,Punjab
20150803,1.95,34.69,24.98,Punjab
20150804,0.05,36.75,26.61,Punjab
20150805,4.27,36.92,27.13,Punjab
20150806,11.68,37.03,27.53,Punjab
20150807,0.23,37.87,27.45,Punjab
20150808,4.64,36.67,26.97,Punjab
20150809,1.73,37.51,27.34,Punjab
20150810,0.46,38.13,26.46,Punjab
20150811,0.2,38.53,28.17,Punjab
20150812,16.15,32.2,26.17,Punjab
20150813,5.28,34.64,25.91,Punjab
20150814,1.08,35.92,26.93,Punjab
20150815,9.76,35.17,27.71,Punjab
20150816,1.76,35.54,26.25,Punjab
20150817,4.58,36.39,26.1,Punjab
20150818,12.03,36.38,26.63,Punjab
20150819,5.43,37.39,25.32,Punjab
20150820,7.99,36.78,24.72,Punjab
20150821,13.04,35.41,26.06,Punjab
20150822,16.32,34.35,25.45,Punjab
20150823,0.31,35.65,24.77,Punjab
20150824,0.49,35.85,25.49,Punjab
20150825,0.0,36.74,24.76,Punjab
20150826,0.0,37.42,24.37,Punjab
20150827,0.0,37.53,25.05,Punjab
20150828,0.46,36.13,26.38,Punjab
20150829,0.14,37.75,25.71,Punjab
20150830,0.0,37.98,26.81,Punjab
20150831,0.22,37.74,24.33,Punjab
20150901,0.0,37.6,24.17,Punjab
20150902,0.0,38.08,23.51,Punjab
20150903,0.22,38.12,23.14,Punjab
20150904,0.0,37.69,22.82,Punjab
20150905,0.0,37.15,22.9,Punjab
20150906,0.04,37.15,23.11,Punjab
20150907,0.0,37.65,22.71,Punjab
20150908,0.0,37.88,23.25,Punjab
20150909,0.0,39.11,23.66,Punjab
20150910,0.0,38.22,23.45,Punjab
20150911,0.0,38.39,24.12,Punjab
20150912,0.0,39.16,24.99,Punjab
20150913,0.0,38.76,22.88,Punjab
20150914,0.0,39.39,24.82,Punjab
20150915,0.02,39.24,24.26,Punjab
20150916,0.7,39.11,24.02,Punjab
20150917,4.4,37.76,23.41,Punjab
20150918,0.0,38.72,22.92,Punjab
20150919,5.04,30.69,23.47,Punjab
20150920,22.0,32.82,24.18,Punjab
20150921,8.37,35.12,24.12,Punjab
20150922,39.04,33.26,25.01,Punjab
20150923,10.03,31.17,22.61,Punjab
20150924,0.0,32.99,21.36,Punjab
20150925,0.0,33.84,20.34,Punjab
20150926,0.07,34.51,20.94,Punjab
20150927,0.13,34.33,21.71,Punjab
20150928,0.07,34.48,20.66,Punjab
20150929,0.0,34.71,20.09,Punjab
20150930,0.0,34.96,18.34,Punjab
20151001,0.0,35.61,18.65,Punjab
20151002,0.0,36.36,20.8,Punjab
20151003,0.0,36.52,19.82,Punjab
20151004,0.0,35.33,22.14,Punjab
20151005,0.0,35.83,21.39,Punjab
20151006,0.0,35.3,22.21,Punjab
20151007,0.0,35.78,22.59,Punjab
20151008,0.0,35.81,21.67,Punjab
20151009,0.0,36.21,21.67,Punjab
20151010,0.0,35.93,20.89,Punjab
20151011,0.0,36.19,20.07,Punjab
20151012,0.0,34.94,22.37,Punjab
20151013,0.25,33.89,23.14,Punjab
20151014,4.27,32.61,21.85,Punjab
20151015,0.17,32.39,21.72,Punjab
20151016,0.0,33.75,21.83,Punjab
20151017,0.0,32.93,20.31,Punjab
20151018,0.0,34.1,21.8,Punjab
20151019,0.38,34.6,20.72,Punjab
20151020,0.0,34.38,21.1,Punjab
20151021,0.0,32.08,17.93,Punjab
20151022,0.0,32.5,16.36,Punjab
20151023,0.0,32.62,15.71,Punjab
20151024,0.03,31.89,19.86,Punjab
20151025,1.44,31.38,18.08,Punjab
20151026,1.99,31.41,17.08,Punjab
20151027,0.63,29.03,15.39,Punjab
20151028,0.04,29.65,14.8,Punjab
20151029,0.05,29.77,17.08,Punjab
20151030,0.0,29.43,14.49,Punjab
20151031,0.0,30.32,16.9,Punjab
20151101,0.0,29.71,16.59,Punjab
20151102,0.0,29.62,17.85,Punjab
20151103,0.0,29.23,17.22,Punjab
20151104,0.1,29.06,15.28,Punjab
20151105,1.95,29.47,15.93,Punjab
20151106,0.18,28.6,14.45,Punjab
20151107,0.0,28.3,14.46,Punjab
20151108,0.12,27.45,16.06,Punjab
20151109,0.0,28.11,16.37,Punjab
20151110,0.0,27.88,15.75,Punjab
20151111,0.0,28.6,12.82,Punjab
20151112,0.0,29.26,12.25,Punjab
20151113,0.04,30.01,15.9,Punjab
20151114,0.0,29.55,14.93,Punjab
20151115,0.0,29.53,14.27,Punjab
20151116,0.03,28.26,13.85,Punjab
20151117,0.0,28.31,10.81,Punjab
20151118,0.0,27.95,11.39,Punjab
20151119,0.0,27.29,13.59,Punjab
20151120,0.0,27.64,14.22,Punjab
20151121,0.0,27.92,12.4,Punjab
20151122,0.0,27.53,11.97,Punjab
20151123,0.0,25.19,14.72,Punjab
20151124,0.0,26.93,11.75,Punjab
20151125,0.0,27.94,10.23,Punjab
20151126,0.33,27.0,13.75,Punjab
20151127,0.48,25.69,13.89,Punjab
20151128,0.04,26.05,12.87,Punjab
20151129,0.0,25.71,13.45,Punjab
20151130,0.0,25.72,15.45,Punjab
20151201,0.0,25.54,13.5,Punjab
20151202,0.0,25.05,13.01,Punjab
20151203,0.0,26.35,11.65,Punjab
20151204,0.0,25.85,8.9,Punjab
20151205,0.0,26.38,12.69,Punjab
20151206,0.0,25.45,12.51,Punjab
20151207,0.0,24.06,9.79,Punjab
20151208,0.0,25.26,12.41,Punjab
20151209,0.0,25.39,10.09,Punjab
20151210,2.11,25.03,11.65,Punjab
20151211,3.22,21.62,10.28,Punjab
20151212,0.05,22.06,9.1,Punjab
20151213,0.0,21.37,7.14,Punjab
20151214,0.0,21.29,5.48,Punjab
20151215,0.0,22.37,5.01,Punjab
20151216,0.0,22.75,8.53,Punjab
20151217,0.0,21.65,8.38,Punjab
20151218,0.02,21.32,5.34,Punjab
20151219,0.0,22.12,4.47,Punjab
20151220,0.0,21.05,7.62,Punjab
20151221,0.0,20.9,5.98,Punjab
20151222,0.0,18.98,7.17,Punjab
20151223,0.01,18.74,7.97,Punjab
20151224,0.0,19.55,3.95,Punjab
20151225,0.0,20.33,3.74,Punjab
20151226,0.0,23.46,4.31,Punjab
20151227,0.0,25.26,7.87,Punjab
20151228,0.0,25.57,8.26,Punjab
20151229,0.0,26.18,10.66,Punjab
20151230,0.0,25.21,9.87,Punjab
20151231,0.0,24.82,6.9,Punjab
20160101,0.0,22.42,9.96,Punjab
20160102,0.0,24.12,10.56,Punjab
20160103,0.0,24.81,7.53,Punjab
20160104,0.0,23.9,10.99,Punjab
20160105,0.13,24.66,12.24,Punjab
20160106,0.0,23.41,11.24,Punjab
20160107,0.24,23.17,11.51,Punjab
20160108,0.14,23.73,8.93,Punjab
20160109,0.0,23.18,6.37,Punjab
20160110,0.0,23.81,8.39,Punjab
20160111,0.0,23.33,9.2,Punjab
20160112,0.28,24.63,9.32,Punjab
20160113,2.63,22.71,10.27,Punjab
20160114,0.03,20.24,9.87,Punjab
20160115,0.0,21.02,6.81,Punjab
20160116,0.0,21.91,5.07,Punjab
20160117,0.0,21.29,8.5,Punjab
20160118,0.0,20.5,7.59,Punjab
20160119,0.0,20.08,5.74,Punjab
20160120,0.03,20.85,4.48,Punjab
20160121,0.0,20.32,4.72,Punjab
20160122,0.0,20.15,5.95,Punjab
20160123,0.0,20.38,6.23,Punjab
20160124,0.0,20.21,5.62,Punjab
20160125,0.0,20.06,2.68,Punjab
20160126,0.0,22.34,7.77,Punjab
20160127,0.0,23.69,9.63,Punjab
20160128,0.0,24.13,8.35,Punjab
20160129,5.51,23.09,10.95,Punjab
20160130,0.69,25.2,10.66,Punjab
20160131,0.05,23.2,9.5,Punjab
20160201,0.02,22.9,6.21,Punjab
20160202,0.0,22.56,5.46,Punjab
20160203,0.0,23.78,4.37,Punjab
20160204,0.0,25.01,4.82,Punjab
20160205,0.0,25.8,6.2,Punjab
20160206,0.0,25.14,8.32,Punjab
20160207,1.63,22.55,9.66,Punjab
20160208,0.0,23.83,8.99,Punjab
20160209,0.0,25.11,8.66,Punjab
20160210,0.0,25.08,9.8,Punjab
20160211,0.06,23.16,9.14,Punjab
20160212,0.0,22.79,6.83,Punjab
20160213,0.13,23.47,10.13,Punjab
20160214,0.09,24.24,8.01,Punjab
20160215,0.0,23.55,7.54,Punjab
20160216,0.0,24.92,7.45,Punjab
20160217,0.0,27.14,8.03,Punjab
20160218,0.06,28.81,10.11,Punjab
20160219,1.57,27.17,15.61,Punjab
20160220,3.91,26.87,14.65,Punjab
20160221,0.0,28.56,10.43,Punjab
20160222,0.0,30.74,9.23,Punjab
20160223,0.0,32.01,9.09,Punjab
20160224,0.0,33.04,10.02,Punjab
20160225,0.0,29.51,9.7,Punjab
20160226,0.0,30.18,10.39,Punjab
20160227,0.0,30.24,13.93,Punjab
20160228,0.0,29.77,14.69,Punjab
20160229,0.0,30.36,14.71,Punjab
20160301,0.05,32.19,15.67,Punjab
20160302,0.0,32.2,17.26,Punjab
20160303,0.0,34.71,17.54,Punjab
20160304,0.0,34.13,16.03,Punjab
20160305,5.84,29.33,16.49,Punjab
20160306,1.13,29.01,14.14,Punjab
20160307,0.72,29.01,15.38,Punjab
20160308,0.0,31.02,13.76,Punjab
20160309,0.0,30.36,16.63,Punjab
20160310,0.0,32.91,16.68,Punjab
20160311,8.13,28.55,19.99,Punjab
20160312,14.8,26.67,16.78,Punjab
20160313,5.22,25.54,16.5,Punjab
20160314,1.35,28.37,14.55,Punjab
20160315,0.0,28.84,13.94,Punjab
20160316,0.0,30.06,11.63,Punjab
20160317,2.14,28.12,16.77,Punjab
20160318,0.83,31.06,16.08,Punjab
20160319,2.86,33.1,18.49,Punjab
20160320,0.24,31.69,18.59,Punjab
20160321,0.09,30.67,15.44,Punjab
20160322,0.0,32.99,10.86,Punjab
20160323,0.0,35.44,12.21,Punjab
20160324,0.0,33.55,15.94,Punjab
20160325,0.0,33.73,19.51,Punjab
20160326,0.3,32.2,14.85,Punjab
20160327,0.0,33.23,13.98,Punjab
20160328,0.09,33.35,15.05,Punjab
20160329,0.0,33.75,16.51,Punjab
20160330,0.0,35.97,17.64,Punjab
20160331,0.0,37.84,17.9,Punjab
20160401,0.0,37.3,20.4,Punjab
20160402,0.0,40.12,21.63,Punjab
20160403,0.0,37.75,24.15,Punjab
20160404,0.03,37.83,22.58,Punjab
20160405,0.65,34.15,20.63,Punjab
20160406,0.52,35.56,19.45,Punjab
20160407,0.0,34.84,18.34,Punjab
20160408,0.11,35.91,18.99,Punjab
20160409,0.0,35.74,19.24,Punjab
20160410,0.0,36.42,19.18,Punjab
20160411,0.05,34.67,19.61,Punjab
20160412,0.09,36.42,19.19,Punjab
20160413,0.0,38.75,19.61,Punjab
20160414,0.0,41.11,19.49,Punjab
20160415,0.0,41.32,21.54,Punjab
20160416,0.0,43.99,25.75,Punjab
20160417,0.28,42.63,26.28,Punjab
20160418,0.14,40.38,24.35,Punjab
20160419,0.0,41.16,25.37,Punjab
20160420,0.04,40.0,25.02,Punjab
20160421,0.0,40.34,22.15,Punjab
20160422,2.04,39.89,25.38,Punjab
20160423,0.0,37.82,20.31,Punjab
20160424,0.0,37.84,20.31,Punjab
20160425,0.0,39.21,20.32,Punjab
20160426,0.0,40.73,22.71,Punjab
20160427,0.0,41.02,21.84,Punjab
20160428,0.0,40.71,23.68,Punjab
20160429,0.0,41.5,24.45,Punjab
20160430,0.0,42.79,22.77,Punjab
20160501,0.0,44.42,23.08,Punjab
20160502,0.0,45.51,26.65,Punjab
20160503,0.0,42.04,28.16,Punjab
20160504,0.07,42.08,25.13,Punjab
20160505,2.91,40.01,25.6,Punjab
20160506,2.88,38.59,25.21,Punjab
20160507,0.0,40.2,25.68,Punjab
20160508,0.0,42.54,27.42,Punjab
20160509,0.0,43.96,27.44,Punjab
20160510,0.0,43.04,28.25,Punjab
20160511,22.54,39.19,25.32,Punjab
20160512,0.0,40.33,25.53,Punjab
20160513,0.05,42.46,26.41,Punjab
20160514,0.81,43.08,28.27,Punjab
20160515,0.0,43.29,26.52,Punjab
20160516,0.0,43.36,25.09,Punjab
20160517,0.0,44.42,26.55,Punjab
20160518,0.0,46.17,25.7,Punjab
20160519,0.0,46.25,29.36,Punjab
20160520,0.0,45.83,29.1,Punjab
20160521,0.11,47.2,30.4,Punjab
20160522,0.0,47.74,29.01,Punjab
20160523,0.56,45.02,30.21,Punjab
20160524,14.6,38.45,25.25,Punjab
20160525,0.06,39.82,25.82,Punjab
20160526,0.0,42.73,27.28,Punjab
20160527,0.0,43.94,28.34,Punjab
20160528,0.1,43.26,27.41,Punjab
20160529,10.84,42.32,27.61,Punjab
20160530,2.48,39.47,25.55,Punjab
20160531,0.08,41.5,26.37,Punjab
20160601,0.0,42.97,28.3,Punjab
20160602,0.01,44.09,29.54,Punjab
20160603,0.0,44.06,28.02,Punjab
20160604,0.0,45.6,29.57,Punjab
20160605,0.0,46.15,29.92,Punjab
20160606,1.17,45.35,29.66,Punjab
20160607,3.18,43.33,28.21,Punjab
20160608,0.58,44.8,27.37,Punjab
20160609,5.88,43.72,27.49,Punjab
20160610,0.74,44.3,28.64,Punjab
20160611,0.95,43.94,30.76,Punjab
20160612,0.01,43.79,32.24,Punjab
20160613,1.96,43.46,32.33,Punjab
20160614,4.61,43.06,30.98,Punjab
20160615,1.71,42.28,29.47,Punjab
20160616,7.3,41.71,29.41,Punjab
20160617,1.65,41.85,29.3,Punjab
20160618,0.0,43.04,30.08,Punjab
20160619,0.29,42.45,30.32,Punjab
20160620,0.21,42.36,31.24,Punjab
20160621,4.08,41.23,30.91,Punjab
20160622,27.65,36.0,30.38,Punjab
20160623,0.98,41.37,29.06,Punjab
20160624,0.0,42.31,30.41,Punjab
20160625,0.0,43.26,29.92,Punjab
20160626,0.71,42.77,30.13,Punjab
20160627,3.06,41.47,30.27,Punjab
20160628,25.77,38.67,31.15,Punjab
20160629,0.08,41.3,30.97,Punjab
20160630,0.72,42.48,31.01,Punjab
20160701,21.57,39.15,31.28,Punjab
20160702,27.23,36.06,28.98,Punjab
20160703,9.98,36.14,26.62,Punjab
20160704,0.44,38.13,27.69,Punjab
20160705,2.92,39.19,28.52,Punjab
20160706,13.56,40.01,29.43,Punjab
20160707,0.28,40.52,29.7,Punjab
20160708,0.44,41.55,30.86,Punjab
20160709,2.35,41.09,29.37,Punjab
20160710,1.07,39.96,29.24,Punjab
20160711,0.02,39.55,29.23,Punjab
20160712,3.64,38.99,28.55,Punjab
20160713,2.45,39.99,28.61,Punjab
20160714,3.96,36.9,29.5,Punjab
20160715,23.0,36.22,28.0,Punjab
20160716,9.01,35.83,28.04,Punjab
20160717,5.83,35.13,26.2,Punjab
20160718,3.32,36.54,26.6,Punjab
20160719,0.02,38.45,28.14,Punjab
20160720,0.25,40.4,27.42,Punjab
20160721,1.58,41.23,29.09,Punjab
20160722,5.3,40.48,28.17,Punjab
20160723,22.09,34.8,27.7,Punjab
20160724,5.57,36.48,26.03,Punjab
20160725,0.15,38.36,27.09,Punjab
20160726,0.52,39.24,27.62,Punjab
20160727,8.36,35.38,26.86,Punjab
20160728,2.87,34.71,25.48,Punjab
20160729,18.5,34.47,26.27,Punjab
20160730,8.49,36.05,25.72,Punjab
20160731,4.15,36.2,25.79,Punjab
20160801,4.88,37.09,26.47,Punjab
20160802,5.37,35.46,26.17,Punjab
20160803,0.36,36.81,26.21,Punjab
20160804,0.69,37.5,28.24,Punjab
20160805,1.69,32.65,27.48,Punjab
20160806,11.91,29.84,26.6,Punjab
20160807,5.35,35.01,26.07,Punjab
20160808,1.95,35.22,26.94,Punjab
20160809,4.42,36.24,27.77,Punjab
20160810,8.64,34.29,26.31,Punjab
20160811,10.08,33.45,25.2,Punjab
20160812,7.87,35.42,25.5,Punjab
20160813,2.01,37.13,26.68,Punjab
20160814,2.02,37.08,27.04,Punjab
20160815,5.77,38.14,26.84,Punjab
20160816,0.18,38.54,26.42,Punjab
20160817,0.79,38.17,25.91,Punjab
20160818,0.79,36.06,27.02,Punjab
20160819,0.11,38.54,27.29,Punjab
20160820,4.5,36.83,27.79,Punjab
20160821,32.21,35.22,26.61,Punjab
20160822,2.68,35.84,26.59,Punjab
20160823,4.85,35.49,26.68,Punjab
20160824,5.85,33.95,26.1,Punjab
20160825,6.51,34.32,25.4,Punjab
20160826,3.11,36.59,26.86,Punjab
20160827,12.09,31.78,25.92,Punjab
20160828,2.68,34.29,25.54,Punjab
20160829,3.15,33.08,25.2,Punjab
20160830,2.56,33.15,24.67,Punjab
20160831,1.99,34.37,25.43,Punjab
20160901,4.79,34.12,24.73,Punjab
20160902,0.37,35.69,24.39,Punjab
20160903,0.0,36.41,23.43,Punjab
20160904,0.16,36.7,23.52,Punjab
20160905,2.35,37.01,23.32,Punjab
20160906,0.01,36.97,23.65,Punjab
20160907,0.0,36.35,24.07,Punjab
20160908,0.0,37.01,24.21,Punjab
20160909,0.0,37.44,24.28,Punjab
20160910,1.85,37.34,23.06,Punjab
20160911,0.32,37.09,23.53,Punjab
20160912,0.29,37.29,24.12,Punjab
20160913,2.93,36.72,24.37,Punjab
20160914,5.29,35.95,24.82,Punjab
20160915,0.0,36.77,24.27,Punjab
20160916,0.0,37.38,24.22,Punjab
20160917,0.0,37.81,24.74,Punjab
20160918,0.06,37.75,24.09,Punjab
20160919,3.63,36.37,23.87,Punjab
20160920,12.08,36.92,25.38,Punjab
20160921,0.84,37.46,25.16,Punjab
20160922,5.93,34.52,23.76,Punjab
20160923,1.68,35.18,22.9,Punjab
20160924,0.24,35.86,23.67,Punjab
20160925,0.0,35.74,24.2,Punjab
20160926,0.24,35.96,23.26,Punjab
20160927,0.04,36.27,22.53,Punjab
20160928,0.0,36.39,23.14,Punjab
20160929,0.0,36.05,22.44,Punjab
20160930,0.0,36.74,23.26,Punjab
20161001,0.0,35.88,24.34,Punjab
20161002,0.09,37.57,25.65,Punjab
20161003,0.0,37.2,25.91,Punjab
20161004,0.2,36.69,23.6,Punjab
20161005,0.0,36.91,23.08,Punjab
20161006,2.34,35.68,23.44,Punjab
20161007,0.0,35.87,22.67,Punjab
20161008,0.0,36.64,22.59,Punjab
20161009,0.0,36.2,21.57,Punjab
20161010,0.0,35.1,21.67,Punjab
20161011,0.0,35.55,20.61,Punjab
20161012,0.0,35.26,20.48,Punjab
20161013,0.0,35.51,17.48,Punjab
20161014,0.0,34.72,19.7,Punjab
20161015,0.0,34.91,19.11,Punjab
20161016,0.0,34.44,18.44,Punjab
20161017,0.0,34.09,19.19,Punjab
20161018,0.0,34.02,18.4,Punjab
20161019,0.0,33.73,18.53,Punjab
20161020,0.0,34.55,19.9,Punjab
20161021,0.0,34.08,20.44,Punjab
20161022,0.0,33.21,19.02,Punjab
20161023,0.0,33.09,17.01,Punjab
20161024,0.0,33.15,18.16,Punjab
20161025,0.0,33.11,15.98,Punjab
20161026,0.0,33.1,19.92,Punjab
20161027,0.0,32.81,15.97,Punjab
20161028,0.0,32.66,16.2,Punjab
20161029,0.0,31.8,14.38,Punjab
20161030,0.0,26.16,14.27,Punjab
20161031,0.0,29.41,16.14,Punjab
20161101,0.0,30.27,16.13,Punjab
20161102,0.0,29.68,15.48,Punjab
20161103,0.0,30.26,15.9,Punjab
20161104,0.0,30.29,16.64,Punjab
20161105,0.0,28.24,16.78,Punjab
20161106,0.0,29.57,15.44,Punjab
20161107,0.0,29.76,14.28,Punjab
20161108,0.0,30.98,10.82,Punjab
20161109,0.0,31.09,12.89,Punjab
20161110,0.0,30.89,15.43,Punjab
20161111,0.0,29.71,11.23,Punjab
20161112,0.0,29.85,11.87,Punjab
20161113,1.94,28.84,15.07,Punjab
20161114,0.0,28.36,14.74,Punjab
20161115,0.0,27.25,12.88,Punjab
20161116,0.0,27.51,12.04,Punjab
20161117,0.0,28.8,9.9,Punjab
20161118,0.0,27.72,11.22,Punjab
20161119,0.0,29.19,13.78,Punjab
20161120,0.0,27.89,10.74,Punjab
20161121,0.0,29.69,12.61,Punjab
20161122,0.0,30.03,16.31,Punjab
20161123,0.0,26.7,14.01,Punjab
20161124,0.0,28.4,14.91,Punjab
20161125,0.0,30.45,11.63,Punjab
20161126,0.0,31.07,13.09,Punjab
20161127,0.0,30.8,12.53,Punjab
20161128,0.0,30.15,10.23,Punjab
20161129,0.0,29.91,15.23,Punjab
20161130,0.0,27.34,10.44,Punjab
20161201,0.0,26.66,11.88,Punjab
20161202,0.0,27.95,12.88,Punjab
20161203,0.0,27.69,11.98,Punjab
20161204,0.0,26.36,13.13,Punjab
20161205,0.0,26.84,11.74,Punjab
20161206,0.0,27.35,13.0,Punjab
20161207,0.0,27.36,13.45,Punjab
20161208,0.0,26.1,11.94,Punjab
20161209,0.0,26.01,12.09,Punjab
20161210,0.0,27.5,10.21,Punjab
20161211,0.0,26.89,12.55,Punjab
20161212,0.0,25.13,11.85,Punjab
20161213,0.0,24.84,11.92,Punjab
20161214,0.0,25.4,9.04,Punjab
20161215,0.0,24.68,7.86,Punjab
20161216,0.0,22.5,10.37,Punjab
20161217,0.0,23.43,7.62,Punjab
20161218,0.0,24.47,8.41,Punjab
20161219,0.0,25.57,9.11,Punjab
20161220,0.0,26.59,7.29,Punjab
20161221,0.0,25.75,6.1,Punjab
20161222,0.0,27.71,7.16,Punjab
20161223,0.0,26.49,10.22,Punjab
20161224,0.0,24.11,8.5,Punjab
20161225,0.04,23.56,9.61,Punjab
20161226,1.14,24.35,6.79,Punjab
20161227,0.0,24.86,8.67,Punjab
20161228,0.0,25.14,10.83,Punjab
20161229,0.0,24.98,8.96,Punjab
20161230,0.0,22.98,7.42,Punjab
20161231,0.0,21.07,7.78,Punjab
20170101,0.0,22.58,9.45,Punjab
20170102,0.03,24.17,11.04,Punjab
20170103,0.02,23.89,10.68,Punjab
20170104,0.01,24.15,10.83,Punjab
20170105,0.1,24.8,10.53,Punjab
20170106,8.6,21.79,9.0,Punjab
20170107,11.13,18.11,9.24,Punjab
20170108,0.17,17.53,8.19,Punjab
20170109,0.0,17.97,4.5,Punjab
20170110,0.0,18.11,1.07,Punjab
20170111,0.03,18.75,1.16,Punjab
20170112,0.0,18.49,1.27,Punjab
20170113,0.0,18.97,4.52,Punjab
20170114,0.0,17.65,5.39,Punjab
20170115,3.09,17.59,7.23,Punjab
20170116,2.53,18.75,7.24,Punjab
20170117,0.13,18.64,5.6,Punjab
20170118,0.02,19.93,7.31,Punjab
20170119,0.0,19.09,4.0,Punjab
20170120,0.0,21.93,2.17,Punjab
20170121,0.43,15.78,7.44,Punjab
20170122,0.1,23.82,9.4,Punjab
20170123,0.0,23.72,7.29,Punjab
20170124,0.19,20.81,8.01,Punjab
20170125,13.82,16.93,11.43,Punjab
20170126,28.0,14.79,8.8,Punjab
20170127,0.32,20.41,7.77,Punjab
20170128,0.0,21.06,7.2,Punjab
20170129,0.0,24.17,9.89,Punjab
20170130,0.0,24.3,9.9,Punjab
20170131,0.09,23.11,10.4,Punjab
20170201,0.0,23.5,7.48,Punjab
20170202,0.0,21.93,11.13,Punjab
20170203,0.0,22.3,8.14,Punjab
20170204,0.92,24.33,10.43,Punjab
20170205,4.23,15.76,12.24,Punjab
20170206,0.06,21.03,6.63,Punjab
20170207,0.0,21.87,5.38,Punjab
20170208,0.0,22.48,9.44,Punjab
20170209,0.0,22.29,7.3,Punjab
20170210,0.0,23.44,5.85,Punjab
20170211,0.0,24.77,7.64,Punjab
20170212,0.0,24.12,9.14,Punjab
20170213,0.0,25.23,7.06,Punjab
20170214,0.0,26.83,7.09,Punjab
20170215,0.0,27.96,12.05,Punjab
20170216,0.0,29.84,14.05,Punjab
20170217,0.0,29.67,14.39,Punjab
20170218,0.0,29.56,13.05,Punjab
20170219,0.23,30.18,15.38,Punjab
20170220,0.71,29.02,14.45,Punjab
20170221,1.06,26.18,11.82,Punjab
20170222,0.01,25.85,11.49,Punjab
20170223,0.0,26.48,7.74,Punjab
20170224,0.0,27.04,6.94,Punjab
20170225,0.0,27.67,8.62,Punjab
20170226,0.0,29.16,9.26,Punjab
20170227,0.0,28.87,10.22,Punjab
20170228,0.01,27.46,13.8,Punjab
20170301,0.06,28.26,11.76,Punjab
20170302,0.06,27.26,12.07,Punjab
20170303,0.0,26.85,10.15,Punjab
20170304,0.0,26.9,9.17,Punjab
20170305,0.0,28.0,9.26,Punjab
20170306,0.0,28.46,9.68,Punjab
20170307,0.93,23.95,14.35,Punjab
20170308,9.97,23.85,13.3,Punjab
20170309,7.85,25.69,10.9,Punjab
20170310,2.3,25.01,11.89,Punjab
20170311,10.5,22.35,8.95,Punjab
20170312,0.01,23.39,9.37,Punjab
20170313,0.0,25.66,8.59,Punjab
20170314,0.0,26.43,8.98,Punjab
20170315,0.01,26.09,11.8,Punjab
20170316,0.2,28.01,11.79,Punjab
20170317,0.14,28.07,12.98,Punjab
20170318,0.0,30.39,12.81,Punjab
20170319,0.0,30.41,15.11,Punjab
20170320,0.0,32.45,13.5,Punjab
20170321,0.0,34.08,17.77,Punjab
20170322,0.0,35.2,18.71,Punjab
20170323,0.0,35.48,18.91,Punjab
20170324,0.0,35.05,16.87,Punjab
20170325,0.0,35.32,15.8,Punjab
20170326,0.0,36.67,17.33,Punjab
20170327,0.0,38.86,18.06,Punjab
20170328,0.0,38.51,19.8,Punjab
20170329,0.0,38.58,21.42,Punjab
20170330,0.0,36.88,19.62,Punjab
20170331,0.0,39.59,21.29,Punjab
20170401,0.0,39.08,22.27,Punjab
20170402,0.0,39.05,18.49,Punjab
20170403,0.01,38.96,19.82,Punjab
20170404,0.8,36.78,24.05,Punjab
20170405,8.97,34.83,22.34,Punjab
20170406,0.21,34.35,20.52,Punjab
20170407,0.14,32.64,17.42,Punjab
20170408,0.0,33.23,14.33,Punjab
20170409,0.0,33.06,13.75,Punjab
20170410,0.0,35.63,14.08,Punjab
20170411,0.0,38.11,14.74,Punjab
20170412,0.0,40.43,16.96,Punjab
20170413,0.0,40.55,19.79,Punjab
20170414,0.0,41.45,22.79,Punjab
20170415,0.0,42.67,23.06,Punjab
20170416,0.0,44.57,21.92,Punjab
20170417,0.0,43.71,22.84,Punjab
20170418,0.0,45.1,26.33,Punjab
20170419,0.0,44.7,24.16,Punjab
20170420,0.0,45.56,26.72,Punjab
20170421,0.24,44.69,26.86,Punjab
20170422,3.75,41.99,27.25,Punjab
20170423,3.93,38.38,23.65,Punjab
20170424,3.4,36.6,21.54,Punjab
20170425,0.0,38.04,19.96,Punjab
20170426,0.01,38.63,21.98,Punjab
20170427,0.58,39.55,23.19,Punjab
20170428,0.04,40.38,25.95,Punjab
20170429,0.0,40.34,24.74,Punjab
20170430,1.95,38.73,24.49,Punjab
20170501,0.46,38.88,21.23,Punjab
20170502,0.0,39.77,21.81,Punjab
20170503,0.03,35.98,25.53,Punjab
20170504,0.0,39.57,23.81,Punjab
20170505,0.0,42.17,23.73,Punjab
20170506,0.0,43.3,24.21,Punjab
20170507,0.0,44.91,26.62,Punjab
20170508,0.0,45.19,27.97,Punjab
20170509,0.01,44.92,28.17,Punjab
20170510,0.0,43.5,28.57,Punjab
20170511,0.28,42.72,28.66,Punjab
20170512,0.0,43.47,27.97,Punjab
20170513,0.12,44.54,27.68,Punjab
20170514,0.01,44.42,30.02,Punjab
20170515,0.0,45.11,29.97,Punjab
20170516,0.16,42.37,30.31,Punjab
20170517,0.23,41.18,29.18,Punjab
20170518,0.79,41.68,27.49,Punjab
20170519,0.58,43.12,28.64,Punjab
20170520,3.42,42.05,29.06,Punjab
20170521,6.18,41.11,26.73,Punjab
20170522,4.4,36.28,25.72,Punjab
20170523,0.0,40.36,26.07,Punjab
20170524,0.0,41.99,28.91,Punjab
20170525,0.0,43.93,29.18,Punjab
20170526,0.0,45.84,29.06,Punjab
20170527,0.18,45.62,30.05,Punjab
20170528,0.0,43.98,30.03,Punjab
20170529,1.69,42.82,28.71,Punjab
20170530,1.36,41.97,28.56,Punjab
20170531,7.55,39.17,27.74,Punjab
20170601,0.27,41.06,26.46,Punjab
20170602,0.0,42.91,25.77,Punjab
20170603,0.0,46.22,27.95,Punjab
20170604,0.0,48.46,29.55,Punjab
20170605,0.0,46.63,32.21,Punjab
20170606,0.01,45.33,33.88,Punjab
20170607,29.85,37.07,29.83,Punjab
20170608,0.74,40.18,27.48,Punjab
20170609,3.97,38.4,27.66,Punjab
20170610,0.16,41.0,28.64,Punjab
20170611,0.84,40.46,29.03,Punjab
20170612,0.0,41.11,25.86,Punjab
20170613,0.0,43.13,28.22,Punjab
20170614,0.86,43.4,30.21,Punjab
20170615,1.23,42.35,30.63,Punjab
20170616,2.28,42.21,29.67,Punjab
20170617,0.57,41.32,30.0,Punjab
20170618,8.98,38.07,30.41,Punjab
20170619,5.04,41.31,30.11,Punjab
20170620,14.57,37.99,28.36,Punjab
20170621,14.7,33.42,27.76,Punjab
20170622,5.86,35.92,26.58,Punjab
20170623,1.27,39.19,27.29,Punjab
20170624,0.0,40.79,27.88,Punjab
20170625,0.0,41.73,28.38,Punjab
20170626,0.03,42.25,29.49,Punjab
20170627,8.0,38.87,30.23,Punjab
20170628,11.73,36.73,28.63,Punjab
20170629,17.61,32.34,26.8,Punjab
20170630,16.36,33.58,26.3,Punjab
20170701,1.33,37.76,27.47,Punjab
20170702,3.62,38.29,28.44,Punjab
20170703,3.07,39.06,27.47,Punjab
20170704,1.95,41.24,28.31,Punjab
20170705,11.51,40.23,28.6,Punjab
20170706,1.52,40.77,28.83,Punjab
20170707,2.95,37.0,26.35,Punjab
20170708,0.0,40.12,28.57,Punjab
20170709,0.03,40.73,29.59,Punjab
20170710,1.12,41.62,29.63,Punjab
20170711,31.59,37.56,28.53,Punjab
20170712,28.21,34.31,26.54,Punjab
20170713,2.26,35.53,26.7,Punjab
20170714,0.45,37.52,27.47,Punjab
20170715,0.45,38.18,28.16,Punjab
20170716,2.88,37.17,28.01,Punjab
20170717,2.93,38.35,28.2,Punjab
20170718,5.01,36.93,27.95,Punjab
20170719,0.82,37.83,28.29,Punjab
20170720,0.04,38.61,29.06,Punjab
20170721,2.65,37.39,27.88,Punjab
20170722,3.24,37.44,27.97,Punjab
20170723,15.86,35.05,27.58,Punjab
20170724,6.59,33.85,27.55,Punjab
20170725,1.52,36.09,26.86,Punjab
20170726,1.15,37.24,26.84,Punjab
20170727,14.1,36.91,27.47,Punjab
20170728,14.46,34.61,26.58,Punjab
20170729,2.03,33.5,26.2,Punjab
20170730,1.81,35.81,27.14,Punjab
20170731,2.87,34.67,25.97,Punjab
20170801,26.12,31.81,26.51,Punjab
20170802,13.34,34.41,26.11,Punjab
20170803,5.72,37.0,26.1,Punjab
20170804,8.77,38.23,25.43,Punjab
20170805,8.89,37.24,25.67,Punjab
20170806,2.64,37.01,26.03,Punjab
20170807,9.5,34.43,26.82,Punjab
20170808,13.07,35.63,25.83,Punjab
20170809,2.33,36.71,27.27,Punjab
20170810,0.97,38.67,26.84,Punjab
20170811,2.37,38.22,27.29,Punjab
20170812,4.23,38.07,26.82,Punjab
20170813,3.09,37.67,27.03,Punjab
20170814,5.83,35.43,25.6,Punjab
20170815,9.13,35.0,27.3,Punjab
20170816,0.0,37.68,26.85,Punjab
20170817,0.0,38.24,24.87,Punjab
20170818,0.0,39.13,25.74,Punjab
20170819,6.56,37.45,24.68,Punjab
20170820,29.11,33.54,26.3,Punjab
20170821,19.06,33.42,25.96,Punjab
20170822,2.6,35.33,25.47,Punjab
20170823,3.44,34.76,25.53,Punjab
20170824,3.08,35.3,25.06,Punjab
20170825,14.99,34.39,26.21,Punjab
20170826,0.37,34.98,25.5,Punjab
20170827,0.08,35.83,25.06,Punjab
20170828,0.1,34.81,23.89,Punjab
20170829,2.97,33.59,25.87,Punjab
20170830,1.5,34.1,25.88,Punjab
20170831,17.93,32.56,26.29,Punjab
20170901,32.8,31.21,25.68,Punjab
20170902,8.36,32.17,24.47,Punjab
20170903,0.04,32.64,23.74,Punjab
20170904,1.82,34.12,23.77,Punjab
20170905,0.69,34.5,25.08,Punjab
20170906,3.15,34.77,24.69,Punjab
20170907,2.84,34.42,24.46,Punjab
20170908,0.1,34.93,23.54,Punjab
20170909,0.15,35.6,23.9,Punjab
20170910,0.98,35.0,23.08,Punjab
20170911,0.01,35.57,25.51,Punjab
20170912,0.0,35.78,24.99,Punjab
20170913,0.0,35.35,24.2,Punjab
20170914,0.02,35.88,25.07,Punjab
20170915,0.0,36.46,25.15,Punjab
20170916,0.0,37.14,23.33,Punjab
20170917,0.0,37.68,23.55,Punjab
20170918,0.0,37.6,20.52,Punjab
20170919,0.0,37.31,23.49,Punjab
20170920,0.0,37.45,23.5,Punjab
20170921,0.0,37.38,22.01,Punjab
20170922,0.94,36.31,20.27,Punjab
20170923,19.01,30.0,20.79,Punjab
20170924,0.02,34.42,18.46,Punjab
20170925,0.0,36.07,23.11,Punjab
20170926,0.0,36.01,22.55,Punjab
20170927,0.15,36.0,23.25,Punjab
20170928,0.0,36.08,23.98,Punjab
20170929,0.0,37.08,21.51,Punjab
20170930,0.0,37.24,21.61,Punjab
20171001,0.0,36.81,20.05,Punjab
20171002,0.0,37.68,20.14,Punjab
20171003,0.0,36.01,20.73,Punjab
20171004,0.0,35.55,19.27,Punjab
20171005,0.0,35.71,21.65,Punjab
20171006,0.0,35.92,21.58,Punjab
20171007,0.0,36.31,21.37,Punjab
20171008,0.0,35.94,20.43,Punjab
20171009,0.0,35.98,19.87,Punjab
20171010,0.0,35.28,20.81,Punjab
20171011,0.0,35.46,22.02,Punjab
20171012,0.0,35.82,22.02,Punjab
20171013,0.0,35.91,21.76,Punjab
20171014,0.0,36.17,19.79,Punjab
20171015,0.0,35.78,20.62,Punjab
20171016,0.0,36.12,20.71,Punjab
20171017,0.0,35.43,18.39,Punjab
20171018,0.0,34.84,19.48,Punjab
20171019,0.0,35.66,18.02,Punjab
20171020,0.0,35.64,19.54,Punjab
20171021,0.0,34.59,20.87,Punjab
20171022,0.0,34.06,17.32,Punjab
20171023,0.0,33.07,17.85,Punjab
20171024,0.0,33.49,16.04,Punjab
20171025,0.0,32.8,14.76,Punjab
20171026,0.0,31.54,14.87,Punjab
20171027,0.0,30.92,15.33,Punjab
20171028,0.0,31.54,16.99,Punjab
20171029,0.0,30.06,15.4,Punjab
20171030,0.0,28.95,15.86,Punjab
20171031,0.0,30.6,15.91,Punjab
20171101,0.0,28.52,14.45,Punjab
20171102,0.0,29.33,16.43,Punjab
20171103,0.0,28.79,16.33,Punjab
20171104,0.0,29.27,18.16,Punjab
20171105,0.0,28.4,16.75,Punjab
20171106,0.0,27.78,16.81,Punjab
20171107,0.0,28.75,16.41,Punjab
20171108,0.0,28.86,15.38,Punjab
20171109,0.0,29.23,16.61,Punjab
20171110,0.0,28.89,16.79,Punjab
20171111,0.0,29.03,16.96,Punjab
20171112,0.0,28.18,14.06,Punjab
20171113,0.0,27.25,15.58,Punjab
20171114,0.08,26.54,12.99,Punjab
20171115,2.86,25.41,13.18,Punjab
20171116,2.67,24.93,14.75,Punjab
20171117,0.36,24.74,13.33,Punjab
20171118,0.21,25.51,12.67,Punjab
20171119,0.04,24.54,9.42,Punjab
20171120,0.05,25.24,10.94,Punjab
20171121,0.0,25.36,9.89,Punjab
20171122,0.0,25.74,8.34,Punjab
20171123,0.0,25.55,10.3,Punjab
20171124,0.0,26.17,11.0,Punjab
20171125,0.0,26.46,9.35,Punjab
20171126,0.0,25.73,12.2,Punjab
20171127,0.0,26.12,11.02,Punjab
20171128,0.0,26.66,11.23,Punjab
20171129,0.0,26.78,11.19,Punjab
20171130,0.0,26.71,11.78,Punjab
20171201,0.0,25.99,11.42,Punjab
20171202,0.0,25.32,11.09,Punjab
20171203,0.0,24.67,9.7,Punjab
20171204,0.0,23.9,11.07,Punjab
20171205,0.0,25.0,9.84,Punjab
20171206,0.0,25.27,8.61,Punjab
20171207,0.02,25.47,7.29,Punjab
20171208,0.0,25.55,9.21,Punjab
20171209,0.0,25.08,10.41,Punjab
20171210,0.0,24.7,10.55,Punjab
20171211,13.6,15.44,10.9,Punjab
20171212,4.71,18.98,11.31,Punjab
20171213,0.35,19.14,8.44,Punjab
20171214,0.7,19.26,6.0,Punjab
20171215,0.0,19.74,4.76,Punjab
20171216,0.0,21.6,2.95,Punjab
20171217,0.0,23.11,3.5,Punjab
20171218,0.0,25.32,6.02,Punjab
20171219,0.0,26.37,6.63,Punjab
20171220,0.0,24.75,8.97,Punjab
20171221,0.0,26.54,10.29,Punjab
20171222,0.0,25.41,8.3,Punjab
20171223,0.0,24.3,6.51,Punjab
20171224,0.0,22.47,9.78,Punjab
20171225,0.0,22.48,7.67,Punjab
20171226,0.0,23.43,7.33,Punjab
20171227,0.0,23.45,11.38,Punjab
20171228,0.0,24.17,10.48,Punjab
20171229,0.0,24.22,7.57,Punjab
20171230,0.0,22.52,8.22,Punjab
20171231,0.0,21.56,8.86,Punjab
20180101,0.0,19.61,7.55,Punjab
20180102,0.0,20.59,6.49,Punjab
20180103,0.0,19.87,6.36,Punjab
20180104,0.0,20.97,6.81,Punjab
20180105,0.0,20.85,5.22,Punjab
20180106,0.0,20.65,5.47,Punjab
20180107,0.0,20.89,4.05,Punjab
20180108,0.0,20.96,4.0,Punjab
20180109,0.0,22.69,5.73,Punjab
20180110,0.0,23.46,3.66,Punjab
20180111,0.0,21.5,4.84,Punjab
20180112,0.0,21.85,8.59,Punjab
20180113,0.0,22.52,8.79,Punjab
20180114,0.0,23.16,8.47,Punjab
20180115,0.0,23.16,5.26,Punjab
20180116,0.0,25.17,3.37,Punjab
20180117,0.0,23.58,6.08,Punjab
20180118,0.0,25.51,9.86,Punjab
20180119,0.0,23.79,8.05,Punjab
20180120,0.0,24.85,4.4,Punjab
20180121,0.0,23.45,5.49,Punjab
20180122,0.0,22.52,6.26,Punjab
20180123,16.84,11.17,5.99,Punjab
20180124,0.22,18.48,6.12,Punjab
20180125,0.0,19.61,3.71,Punjab
20180126,0.0,20.95,7.63,Punjab
20180127,0.0,20.81,7.1,Punjab
20180128,0.0,22.36,7.31,Punjab
20180129,0.0,24.05,8.09,Punjab
20180130,0.0,26.55,8.93,Punjab
20180131,0.0,24.43,9.25,Punjab
20180201,0.0,27.08,12.22,Punjab
20180202,0.0,24.78,8.68,Punjab
20180203,0.0,24.41,7.41,Punjab
20180204,0.0,24.46,5.24,Punjab
20180205,0.0,24.71,7.42,Punjab
20180206,0.0,24.53,4.17,Punjab
20180207,0.0,23.87,5.68,Punjab
20180208,0.0,23.71,7.25,Punjab
20180209,0.0,23.85,6.14,Punjab
20180210,0.0,25.44,9.7,Punjab
20180211,0.78,20.02,9.08,Punjab
20180212,17.41,16.15,9.85,Punjab
20180213,0.73,22.1,7.54,Punjab
20180214,0.0,23.54,6.41,Punjab
20180215,0.0,24.96,8.26,Punjab
20180216,0.0,26.02,9.04,Punjab
20180217,0.0,28.71,11.56,Punjab
20180218,0.0,27.38,8.48,Punjab
20180219,0.0,28.24,13.07,Punjab
20180220,0.0,29.49,13.28,Punjab
20180221,0.14,30.12,14.57,Punjab
20180222,0.0,29.14,14.23,Punjab
20180223,0.13,30.77,13.97,Punjab
20180224,3.59,28.73,15.22,Punjab
20180225,0.57,28.68,13.91,Punjab
20180226,0.0,28.88,11.13,Punjab
20180227,0.0,30.89,14.79,Punjab
20180228,0.0,28.89,15.72,Punjab
20180301,0.12,27.99,16.29,Punjab
20180302,0.16,30.98,16.98,Punjab
20180303,1.23,23.25,15.38,Punjab
20180304,0.07,26.63,15.18,Punjab
20180305,0.0,28.98,12.78,Punjab
20180306,0.0,29.23,11.62,Punjab
20180307,0.0,30.9,11.23,Punjab
20180308,0.0,31.47,14.94,Punjab
20180309,0.0,31.44,15.02,Punjab
20180310,0.0,31.32,14.19,Punjab
20180311,0.0,31.86,14.0,Punjab
20180312,0.0,33.9,16.53,Punjab
20180313,0.0,35.07,18.43,Punjab
20180314,0.0,34.85,15.94,Punjab
20180315,0.04,32.93,16.07,Punjab
20180316,0.36,31.2,17.32,Punjab
20180317,0.0,31.05,13.26,Punjab
20180318,0.0,32.68,14.46,Punjab
20180319,0.0,34.69,16.64,Punjab
20180320,0.77,35.85,16.89,Punjab
20180321,3.32,30.32,17.74,Punjab
20180322,1.32,30.07,16.14,Punjab
20180323,0.0,31.36,14.83,Punjab
20180324,0.0,33.32,15.29,Punjab
20180325,0.0,34.75,15.77,Punjab
20180326,0.0,35.82,15.6,Punjab
20180327,0.0,37.56,19.2,Punjab
20180328,0.0,37.59,20.78,Punjab
20180329,0.0,38.01,16.25,Punjab
20180330,0.0,38.44,16.27,Punjab
20180331,0.0,38.91,16.11,Punjab
20180401,0.0,35.81,15.86,Punjab
20180402,0.0,36.32,17.56,Punjab
20180403,0.08,36.06,21.02,Punjab
20180404,0.06,38.75,22.61,Punjab
20180405,0.02,38.57,22.68,Punjab
20180406,0.12,38.97,24.28,Punjab
20180407,0.14,37.4,21.61,Punjab
20180408,3.56,36.38,21.66,Punjab
20180409,2.62,35.75,21.06,Punjab
20180410,8.14,30.49,21.73,Punjab
20180411,2.08,32.93,21.16,Punjab
20180412,0.01,33.79,18.1,Punjab
20180413,0.0,35.77,16.87,Punjab
20180414,0.0,37.2,20.33,Punjab
20180415,0.0,38.14,21.13,Punjab
20180416,0.45,38.7,24.26,Punjab
20180417,0.08,38.38,22.58,Punjab
20180418,0.01,38.46,20.98,Punjab
20180419,0.02,38.71,23.76,Punjab
20180420,1.43,38.26,19.14,Punjab
20180421,0.0,34.19,17.1,Punjab
20180422,0.0,35.13,15.68,Punjab
20180423,0.0,38.78,17.94,Punjab
20180424,0.0,41.53,19.72,Punjab
20180425,0.0,42.5,22.13,Punjab
20180426,0.0,42.88,25.2,Punjab
20180427,0.04,41.76,25.4,Punjab
20180428,0.04,42.11,25.69,Punjab
20180429,0.41,42.93,25.54,Punjab
20180430,0.0,43.9,24.42,Punjab
20180501,0.0,43.76,26.17,Punjab
20180502,0.82,42.37,25.5,Punjab
20180503,1.27,40.37,25.87,Punjab
20180504,0.0,39.51,26.39,Punjab
20180505,0.05,41.6,27.24,Punjab
20180506,0.3,39.92,25.72,Punjab
20180507,1.49,38.82,26.45,Punjab
20180508,2.52,35.71,22.3,Punjab
20180509,0.04,37.66,22.98,Punjab
20180510,0.0,40.56,24.03,Punjab
20180511,0.0,44.14,24.27,Punjab
20180512,0.29,44.79,29.84,Punjab
20180513,1.82,43.17,28.63,Punjab
20180514,1.16,38.94,24.72,Punjab
20180515,0.0,40.09,25.47,Punjab
20180516,0.19,41.0,27.44,Punjab
20180517,0.0,42.06,25.22,Punjab
20180518,0.0,40.69,27.8,Punjab
20180519,0.0,42.07,25.9,Punjab
20180520,0.04,42.41,26.28,Punjab
20180521,0.0,42.78,26.34,Punjab
20180522,0.0,43.91,27.29,Punjab
20180523,0.0,43.97,27.37,Punjab
20180524,0.0,43.88,25.52,Punjab
20180525,0.0,45.16,26.01,Punjab
20180526,0.0,45.72,27.09,Punjab
20180527,0.0,45.56,28.38,Punjab
20180528,0.0,45.92,28.29,Punjab
20180529,0.0,46.37,29.72,Punjab
20180530,0.0,44.64,29.05,Punjab
20180531,0.0,45.17,29.51,Punjab
20180601,0.01,45.82,28.86,Punjab
20180602,2.58,42.53,28.04,Punjab
20180603,0.0,43.61,27.44,Punjab
20180604,0.0,43.59,28.86,Punjab
20180605,6.6,42.77,32.07,Punjab
20180606,9.21,40.09,30.2,Punjab
20180607,0.0,42.71,30.58,Punjab
20180608,8.05,42.53,31.0,Punjab
20180609,15.03,38.71,28.05,Punjab
20180610,0.72,41.06,29.06,Punjab
20180611,0.18,42.85,29.9,Punjab
20180612,0.0,45.29,28.92,Punjab
20180613,0.07,45.27,28.77,Punjab
20180614,0.18,44.18,30.87,Punjab
20180615,1.42,42.21,31.45,Punjab
20180616,12.77,38.49,31.0,Punjab
20180617,15.69,35.5,27.98,Punjab
20180618,0.98,37.86,27.25,Punjab
20180619,0.0,40.28,26.79,Punjab
20180620,0.05,42.18,28.66,Punjab
20180621,0.03,42.81,29.82,Punjab
20180622,0.0,43.84,28.48,Punjab
20180623,0.07,43.49,29.98,Punjab
20180624,0.0,43.68,29.27,Punjab
20180625,0.74,44.49,29.89,Punjab
20180626,1.54,42.67,29.72,Punjab
20180627,18.53,35.72,28.81,Punjab
20180628,44.92,31.28,26.97,Punjab
20180629,22.45,35.58,26.44,Punjab
20180630,1.23,37.61,27.37,Punjab
20180701,0.86,38.58,28.49,Punjab
20180702,23.92,38.59,28.6,Punjab
20180703,28.57,35.26,27.44,Punjab
20180704,4.26,34.45,27.69,Punjab
20180705,0.2,35.47,26.31,Punjab
20180706,0.0,37.47,26.31,Punjab
20180707,0.0,39.14,25.82,Punjab
20180708,0.0,40.16,27.71,Punjab
20180709,0.53,40.66,27.91,Punjab
20180710,2.97,39.57,27.88,Punjab
20180711,13.25,37.64,27.74,Punjab
20180712,12.34,38.2,28.11,Punjab
20180713,23.64,35.28,27.17,Punjab
20180714,5.15,36.34,26.49,Punjab
20180715,6.55,36.15,27.0,Punjab
20180716,50.63,32.72,27.04,Punjab
20180717,23.81,32.58,26.43,Punjab
20180718,4.35,33.95,26.4,Punjab
20180719,2.93,33.95,26.46,Punjab
20180720,2.82,34.32,27.56,Punjab
20180721,9.04,34.54,27.09,Punjab
20180722,2.76,33.28,26.47,Punjab
20180723,8.81,32.58,26.4,Punjab
20180724,3.13,33.98,26.53,Punjab
20180725,18.2,34.97,27.9,Punjab
20180726,28.89,33.45,26.4,Punjab
20180727,7.49,33.87,25.7,Punjab
20180728,7.28,32.93,25.82,Punjab
20180729,1.37,34.42,25.54,Punjab
20180730,1.92,34.89,26.28,Punjab
20180731,4.24,35.88,26.21,Punjab
20180801,1.46,35.87,24.78,Punjab
20180802,0.24,36.41,25.67,Punjab
20180803,0.43,36.79,24.56,Punjab
20180804,2.53,36.19,25.73,Punjab
20180805,5.02,36.61,26.19,Punjab
20180806,8.99,30.52,25.63,Punjab
20180807,19.23,30.27,24.23,Punjab
20180808,5.98,32.62,25.44,Punjab
20180809,5.73,34.36,25.91,Punjab
20180810,0.77,35.44,26.0,Punjab
20180811,1.16,36.5,26.73,Punjab
20180812,20.0,35.09,26.51,Punjab
20180813,12.57,32.32,25.47,Punjab
20180814,3.35,33.36,25.03,Punjab
20180815,0.41,34.87,26.88,Punjab
20180816,0.0,35.08,25.74,Punjab
20180817,7.25,35.14,26.1,Punjab
20180818,7.07,33.51,25.98,Punjab
20180819,1.23,35.45,26.26,Punjab
20180820,1.48,36.64,26.38,Punjab
20180821,4.68,34.26,25.89,Punjab
20180822,4.95,35.41,26.44,Punjab
20180823,8.74,35.91,26.37,Punjab
20180824,2.85,36.79,25.47,Punjab
20180825,0.51,37.16,25.92,Punjab
20180826,0.51,36.19,25.9,Punjab
20180827,0.66,36.73,26.41,Punjab
20180828,0.01,34.31,26.24,Punjab
20180829,7.2,35.33,25.68,Punjab
20180830,7.92,36.58,24.76,Punjab
20180831,0.55,38.14,26.19,Punjab
20180901,5.78,36.26,26.69,Punjab
20180902,5.33,34.61,25.52,Punjab
20180903,6.76,32.24,24.12,Punjab
20180904,1.31,35.33,24.38,Punjab
20180905,1.28,36.38,24.77,Punjab
20180906,2.43,36.55,25.6,Punjab
20180907,8.09,34.54,25.83,Punjab
20180908,2.27,33.46,25.37,Punjab
20180909,6.33,33.03,25.08,Punjab
20180910,4.95,34.02,24.53,Punjab
20180911,1.59,36.05,25.04,Punjab
20180912,6.19,36.21,25.45,Punjab
20180913,8.35,35.8,23.58,Punjab
20180914,0.75,35.17,22.84,Punjab
20180915,0.0,34.89,23.54,Punjab
20180916,0.0,33.77,22.39,Punjab
20180917,0.0,34.8,23.2,Punjab
20180918,0.0,34.97,22.2,Punjab
20180919,0.96,35.73,21.64,Punjab
20180920,0.0,36.53,22.86,Punjab
20180921,2.86,35.18,23.73,Punjab
20180922,23.63,29.28,21.91,Punjab
20180923,65.82,25.89,21.93,Punjab
20180924,72.94,25.7,20.54,Punjab
20180925,5.84,29.45,21.16,Punjab
20180926,0.0,31.0,20.28,Punjab
20180927,0.0,32.14,19.89,Punjab
20180928,4.67,31.96,19.8,Punjab
20180929,0.72,31.32,21.7,Punjab
20180930,0.0,31.6,20.43,Punjab
20181001,0.0,32.85,21.37,Punjab
20181002,0.0,31.66,20.82,Punjab
20181003,0.0,32.89,20.4,Punjab
20181004,1.54,31.5,19.83,Punjab
20181005,0.0,31.63,20.42,Punjab
20181006,0.0,31.6,20.07,Punjab
20181007,0.0,31.25,19.88,Punjab
20181008,0.0,31.88,18.84,Punjab
20181009,0.02,30.76,18.97,Punjab
20181010,3.81,29.11,19.47,Punjab
20181011,1.57,28.97,19.83,Punjab
20181012,0.0,29.66,17.92,Punjab
20181013,0.0,29.63,18.61,Punjab
20181014,0.0,29.8,17.97,Punjab
20181015,0.0,30.41,17.49,Punjab
20181016,0.0,31.15,16.28,Punjab
20181017,0.0,31.29,17.12,Punjab
20181018,0.0,30.93,17.49,Punjab
20181019,0.0,30.59,18.23,Punjab
20181020,0.0,30.33,18.21,Punjab
20181021,0.0,30.25,17.5,Punjab
20181022,0.0,30.32,16.39,Punjab
20181023,0.0,29.56,16.59,Punjab
20181024,0.0,30.1,16.91,Punjab
20181025,0.0,29.8,15.34,Punjab
20181026,0.0,29.89,16.14,Punjab
20181027,0.0,29.67,17.4,Punjab
20181028,0.0,29.62,15.85,Punjab
20181029,0.0,30.02,16.87,Punjab
20181030,0.0,29.45,16.48,Punjab
20181031,0.0,29.99,15.52,Punjab
20181101,0.07,26.27,17.4,Punjab
20181102,0.16,29.02,16.23,Punjab
20181103,1.62,25.94,17.33,Punjab
20181104,0.08,25.52,14.01,Punjab
20181105,0.0,25.59,12.4,Punjab
20181106,0.0,26.35,10.87,Punjab
20181107,0.0,26.82,9.86,Punjab
20181108,0.0,26.93,10.68,Punjab
20181109,0.0,26.63,14.16,Punjab
20181110,0.0,26.41,12.53,Punjab
20181111,0.0,23.88,14.27,Punjab
20181112,0.0,28.03,15.79,Punjab
20181113,0.03,27.09,15.87,Punjab
20181114,4.32,25.81,14.23,Punjab
20181115,0.06,25.7,13.45,Punjab
20181116,0.0,26.37,10.29,Punjab
20181117,0.0,26.78,11.08,Punjab
20181118,0.0,27.25,12.39,Punjab
20181119,0.0,27.46,14.98,Punjab
20181120,0.0,27.28,13.89,Punjab
20181121,0.0,27.16,11.15,Punjab
20181122,0.0,26.24,12.39,Punjab
20181123,0.0,26.7,11.42,Punjab
20181124,0.0,26.65,8.71,Punjab
20181125,0.0,27.3,12.33,Punjab
20181126,0.0,26.93,12.79,Punjab
20181127,0.0,22.76,12.54,Punjab
20181128,0.0,26.29,12.21,Punjab
20181129,0.0,23.73,12.2,Punjab
20181130,0.0,25.6,11.26,Punjab
20181201,0.0,25.48,11.05,Punjab
20181202,0.0,25.32,9.69,Punjab
20181203,0.0,23.86,11.59,Punjab
20181204,0.0,23.97,11.72,Punjab
20181205,0.0,23.21,11.55,Punjab
20181206,0.0,23.45,10.09,Punjab
20181207,0.0,22.48,10.52,Punjab
20181208,0.0,21.99,10.67,Punjab
20181209,0.0,22.81,11.08,Punjab
20181210,0.42,22.19,9.45,Punjab
20181211,0.33,23.22,9.4,Punjab
20181212,5.44,18.01,10.79,Punjab
20181213,0.12,18.17,9.39,Punjab
20181214,0.0,20.32,7.71,Punjab
20181215,0.0,21.4,5.44,Punjab
20181216,0.0,21.39,5.06,Punjab
20181217,0.0,21.55,4.98,Punjab
20181218,0.0,21.85,5.63,Punjab
20181219,0.0,21.75,7.42,Punjab
20181220,0.0,21.39,7.91,Punjab
20181221,0.0,20.81,4.81,Punjab
20181222,0.0,20.94,5.37,Punjab
20181223,0.0,18.79,4.23,Punjab
20181224,0.0,18.5,4.83,Punjab
20181225,0.0,19.54,2.19,Punjab
20181226,0.0,18.17,5.11,Punjab
20181227,0.0,18.36,4.7,Punjab
20181228,0.0,17.38,1.1,Punjab
20181229,0.0,18.54,3.26,Punjab
20181230,0.0,19.06,6.56,Punjab
20181231,0.0,19.19,4.91,Punjab
20190101,0.0,15.75,5.11,Punjab
20190102,0.04,19.48,6.77,Punjab
20190103,0.0,19.23,5.22,Punjab
20190104,0.01,19.53,4.78,Punjab
20190105,0.45,18.71,7.59,Punjab
20190106,1.5,13.6,6.87,Punjab
20190107,0.0,19.19,4.93,Punjab
20190108,0.0,20.74,6.85,Punjab
20190109,0.0,21.23,4.93,Punjab
20190110,0.0,20.28,4.66,Punjab
20190111,0.04,20.93,7.86,Punjab
20190112,0.37,18.93,8.17,Punjab
20190113,0.7,19.97,6.93,Punjab
20190114,0.0,20.47,2.57,Punjab
20190115,0.0,19.53,0.72,Punjab
20190116,0.0,21.52,7.46,Punjab
20190117,0.0,20.94,4.62,Punjab
20190118,0.0,21.49,5.87,Punjab
20190119,0.0,19.47,8.67,Punjab
20190120,0.96,20.67,11.11,Punjab
20190121,12.66,18.57,11.08,Punjab
20190122,23.53,14.22,8.49,Punjab
20190123,0.2,18.05,6.31,Punjab
20190124,0.27,18.4,5.86,Punjab
20190125,0.31,16.92,2.93,Punjab
20190126,0.01,17.52,2.94,Punjab
20190127,0.0,17.59,3.64,Punjab
20190128,0.01,18.86,1.43,Punjab
20190129,0.0,20.38,0.81,Punjab
20190130,0.35,17.19,5.43,Punjab
20190131,1.34,17.99,7.04,Punjab
20190201,1.02,18.39,5.37,Punjab
20190202,0.21,20.75,6.62,Punjab
20190203,0.0,21.8,6.3,Punjab
20190204,0.0,22.98,7.53,Punjab
20190205,0.0,23.64,9.32,Punjab
20190206,0.7,22.71,10.53,Punjab
20190207,32.77,18.29,9.31,Punjab
20190208,0.45,18.77,6.09,Punjab
20190209,0.13,19.53,2.86,Punjab
20190210,0.0,17.5,5.64,Punjab
20190211,0.0,21.39,6.43,Punjab
20190212,0.0,20.62,10.06,Punjab
20190213,0.0,22.59,11.97,Punjab
20190214,11.17,20.4,11.5,Punjab
20190215,7.11,19.37,8.9,Punjab
20190216,0.01,20.77,8.65,Punjab
20190217,0.0,21.13,6.75,Punjab
20190218,5.0,23.09,7.78,Punjab
20190219,0.14,21.5,7.33,Punjab
20190220,10.25,19.75,11.62,Punjab
20190221,8.82,20.4,12.22,Punjab
20190222,0.12,21.46,8.81,Punjab
20190223,0.0,21.44,5.79,Punjab
20190224,0.0,22.09,7.45,Punjab
20190225,0.01,21.62,8.33,Punjab
20190226,1.73,21.97,8.86,Punjab
20190227,2.83,18.63,6.52,Punjab
20190228,0.0,20.43,6.85,Punjab
20190301,0.0,22.41,8.62,Punjab
20190302,4.77,17.83,10.7,Punjab
20190303,3.63,21.71,9.82,Punjab
20190304,0.56,21.76,11.21,Punjab
20190305,0.02,23.54,9.45,Punjab
20190306,0.0,23.94,8.96,Punjab
20190307,0.0,25.02,10.88,Punjab
20190308,0.13,22.84,12.42,Punjab
20190309,0.0,24.26,9.42,Punjab
20190310,0.0,26.0,10.73,Punjab
20190311,3.79,23.82,11.49,Punjab
20190312,0.0,24.29,10.3,Punjab
20190313,0.13,23.41,11.92,Punjab
20190314,1.15,24.79,11.19,Punjab
20190315,0.51,25.14,10.77,Punjab
20190316,0.04,27.36,9.4,Punjab
20190317,0.0,28.25,11.54,Punjab
20190318,0.12,28.95,13.55,Punjab
20190319,0.04,29.06,14.54,Punjab
20190320,0.23,29.38,15.38,Punjab
20190321,0.01,28.48,13.26,Punjab
20190322,0.01,29.4,12.09,Punjab
20190323,0.0,25.6,13.1,Punjab
20190324,0.0,27.96,13.8,Punjab
20190325,0.25,27.01,13.88,Punjab
20190326,0.0,32.1,13.17,Punjab
20190327,0.0,33.56,16.0,Punjab
20190328,0.0,35.02,20.15,Punjab
20190329,0.0,35.95,20.21,Punjab
20190330,0.0,36.82,20.11,Punjab
20190331,0.0,34.61,15.14,Punjab
20190401,0.0,35.2,14.51,Punjab
20190402,0.0,36.42,17.68,Punjab
20190403,0.0,37.35,18.27,Punjab
20190404,0.0,38.61,20.05,Punjab
20190405,0.0,36.5,22.39,Punjab
20190406,0.0,38.44,22.5,Punjab
20190407,0.0,37.86,22.54,Punjab
20190408,0.17,35.61,20.27,Punjab
20190409,0.82,37.6,19.17,Punjab
20190410,0.04,38.35,21.83,Punjab
20190411,0.01,38.3,22.37,Punjab
20190412,0.02,36.7,22.76,Punjab
20190413,0.07,36.4,22.55,Punjab
20190414,0.0,37.72,22.06,Punjab
20190415,0.02,38.89,22.72,Punjab
20190416,10.27,30.54,21.07,Punjab
20190417,10.27,22.52,17.31,Punjab
20190418,0.44,29.38,15.64,Punjab
20190419,0.0,32.91,17.37,Punjab
20190420,0.0,35.04,18.98,Punjab
20190421,0.0,37.53,20.9,Punjab
20190422,0.0,39.2,23.36,Punjab
20190423,0.0,41.98,22.82,Punjab
20190424,0.03,40.98,24.66,Punjab
20190425,4.53,39.26,24.28,Punjab
20190426,0.0,40.23,22.73,Punjab
20190427,0.0,39.97,24.03,Punjab
20190428,0.0,40.13,22.21,Punjab
20190429,0.0,41.26,22.54,Punjab
20190430,0.0,41.7,23.48,Punjab
20190501,0.57,39.93,23.56,Punjab
20190502,0.01,39.92,23.53,Punjab
20190503,7.1,37.86,21.58,Punjab
20190504,0.0,38.36,22.22,Punjab
20190505,0.0,40.67,21.17,Punjab
20190506,0.0,41.27,24.15,Punjab
20190507,0.0,41.84,23.77,Punjab
20190508,0.0,42.93,24.62,Punjab
20190509,0.0,42.82,26.62,Punjab
20190510,0.51,42.57,27.03,Punjab
20190511,1.15,40.04,27.22,Punjab
20190512,0.04,39.26,24.09,Punjab
20190513,1.81,40.82,27.74,Punjab
20190514,1.72,37.82,26.3,Punjab
20190515,1.32,38.77,25.92,Punjab
20190516,0.42,34.47,25.33,Punjab
20190517,7.07,37.33,23.88,Punjab
20190518,0.04,36.5,23.09,Punjab
20190519,0.0,39.29,24.2,Punjab
20190520,0.0,40.97,24.79,Punjab
20190521,0.0,41.63,25.19,Punjab
20190522,0.0,42.96,26.08,Punjab
20190523,3.18,41.51,28.98,Punjab
20190524,3.14,36.17,25.71,Punjab
20190525,0.43,36.94,24.57,Punjab
20190526,0.0,41.31,23.26,Punjab
20190527,0.01,42.41,25.49,Punjab
20190528,0.0,44.34,24.54,Punjab
20190529,0.0,45.94,26.72,Punjab
20190530,0.0,46.46,30.08,Punjab
20190531,0.0,47.41,27.76,Punjab
20190601,0.0,47.69,29.7,Punjab
20190602,0.07,47.31,30.48,Punjab
20190603,0.35,47.11,30.35,Punjab
20190604,0.56,45.6,28.68,Punjab
20190605,0.07,46.06,29.3,Punjab
20190606,0.18,45.63,31.77,Punjab
20190607,0.44,43.9,29.35,Punjab
20190608,0.0,45.68,30.59,Punjab
20190609,0.0,47.29,31.23,Punjab
20190610,0.0,47.9,30.96,Punjab
20190611,0.07,48.14,31.38,Punjab
20190612,1.98,44.39,32.33,Punjab
20190613,0.0,45.32,29.74,Punjab
20190614,0.0,45.74,27.6,Punjab
20190615,0.18,45.79,29.25,Punjab
20190616,3.47,41.38,30.07,Punjab
20190617,0.05,43.15,29.47,Punjab
20190618,11.87,35.22,28.17,Punjab
20190619,0.04,39.54,27.67,Punjab
20190620,6.4,39.28,27.68,Punjab
20190621,15.54,39.38,27.09,Punjab
20190622,0.0,42.27,27.81,Punjab
20190623,0.0,42.36,29.18,Punjab
20190624,1.03,39.75,28.74,Punjab
20190625,2.85,39.38,29.16,Punjab
20190626,0.0,43.41,29.71,Punjab
20190627,0.14,43.19,30.64,Punjab
20190628,0.03,44.01,29.91,Punjab
20190629,0.0,44.45,30.91,Punjab
20190630,0.16,44.94,30.83,Punjab
20190701,0.19,44.26,31.24,Punjab
20190702,0.01,44.32,31.41,Punjab
20190703,2.12,44.78,31.01,Punjab
20190704,8.16,41.96,30.97,Punjab
20190705,3.01,41.77,29.79,Punjab
20190706,2.08,42.33,30.17,Punjab
20190707,2.39,41.19,30.96,Punjab
20190708,3.19,42.12,30.5,Punjab
20190709,18.44,39.35,30.97,Punjab
20190710,1.66,41.62,29.41,Punjab
20190711,8.2,40.61,30.09,Punjab
20190712,38.61,37.23,30.8,Punjab
20190713,9.2,39.99,28.77,Punjab
20190714,23.57,35.26,27.84,Punjab
20190715,19.34,35.73,25.83,Punjab
20190716,22.73,33.6,26.17,Punjab
20190717,2.24,32.6,25.44,Punjab
20190718,3.04,34.39,25.63,Punjab
20190719,1.05,35.05,26.17,Punjab
20190720,2.32,35.97,26.59,Punjab
20190721,2.62,36.52,26.72,Punjab
20190722,1.66,37.18,27.24,Punjab
20190723,0.44,39.17,28.58,Punjab
20190724,2.47,40.29,28.73,Punjab
20190725,25.94,34.02,27.56,Punjab
20190726,8.93,33.0,26.56,Punjab
20190727,7.3,33.59,25.96,Punjab
20190728,4.93,33.98,25.93,Punjab
20190729,5.85,32.52,26.5,Punjab
20190730,0.51,35.89,27.07,Punjab
20190731,4.35,34.66,26.69,Punjab
20190801,43.59,33.15,25.71,Punjab
20190802,19.99,32.86,26.38,Punjab
20190803,1.2,32.94,26.55,Punjab
20190804,1.24,35.1,26.63,Punjab
20190805,0.73,35.73,26.59,Punjab
20190806,5.5,35.61,27.58,Punjab
20190807,11.56,31.56,26.31,Punjab
20190808,0.49,33.69,26.13,Punjab
20190809,11.16,34.74,26.19,Punjab
20190810,3.8,33.85,26.48,Punjab
20190811,2.03,34.34,26.09,Punjab
20190812,30.78,33.76,27.57,Punjab
20190813,9.55,34.6,27.09,Punjab
20190814,0.83,33.95,26.78,Punjab
20190815,4.03,33.58,26.08,Punjab
20190816,10.1,32.33,25.97,Punjab
20190817,57.34,29.46,24.51,Punjab
20190818,46.42,30.7,23.96,Punjab
20190819,1.23,32.32,24.05,Punjab
20190820,0.0,32.27,24.22,Punjab
20190821,0.19,33.79,24.26,Punjab
20190822,0.11,32.9,23.27,Punjab
20190823,6.93,33.34,23.53,Punjab
20190824,2.72,34.14,24.87,Punjab
20190825,5.18,32.16,24.07,Punjab
20190826,0.56,32.97,24.77,Punjab
20190827,0.01,33.67,25.9,Punjab
20190828,1.11,34.53,26.36,Punjab
20190829,13.39,34.41,26.14,Punjab
20190830,2.13,33.89,25.84,Punjab
20190831,1.24,34.61,26.69,Punjab
20190901,2.39,33.3,26.45,Punjab
20190902,0.18,33.43,25.29,Punjab
20190903,0.95,34.84,25.9,Punjab
20190904,34.13,33.97,25.35,Punjab
20190905,10.5,33.28,25.68,Punjab
20190906,0.31,34.03,25.83,Punjab
20190907,0.05,34.3,26.02,Punjab
20190908,0.0,33.52,24.79,Punjab
20190909,0.0,35.39,25.18,Punjab
20190910,0.0,34.65,23.62,Punjab
20190911,0.0,35.69,23.9,Punjab
20190912,1.58,36.46,23.9,Punjab
20190913,0.29,34.78,24.44,Punjab
20190914,1.36,35.52,25.33,Punjab
20190915,3.52,34.54,24.23,Punjab
20190916,0.25,34.77,23.88,Punjab
20190917,0.2,35.25,24.49,Punjab
20190918,0.36,34.9,23.08,Punjab
20190919,1.34,31.46,22.82,Punjab
20190920,0.1,33.05,22.81,Punjab
20190921,0.0,33.76,23.23,Punjab
20190922,1.2,32.66,22.98,Punjab
20190923,0.07,33.31,23.03,Punjab
20190924,0.0,33.52,22.92,Punjab
20190925,0.15,33.59,23.73,Punjab
20190926,6.74,32.27,23.74,Punjab
20190927,5.01,33.63,23.51,Punjab
20190928,40.05,29.76,22.98,Punjab
20190929,12.21,28.59,21.59,Punjab
20190930,2.72,29.8,21.06,Punjab
20191001,0.99,29.49,21.68,Punjab
20191002,0.02,30.09,21.2,Punjab
20191003,2.79,29.45,21.67,Punjab
20191004,0.36,25.93,18.81,Punjab
20191005,0.0,29.53,16.9,Punjab
20191006,0.03,28.68,17.73,Punjab
20191007,0.06,30.73,18.93,Punjab
20191008,0.07,31.19,18.65,Punjab
20191009,0.31,30.65,18.24,Punjab
20191010,0.0,30.53,18.61,Punjab
20191011,0.0,31.42,19.22,Punjab
20191012,0.0,31.35,18.82,Punjab
20191013,0.0,31.88,19.55,Punjab
20191014,0.0,32.64,19.87,Punjab
20191015,0.12,32.1,19.18,Punjab
20191016,0.05,31.51,18.5,Punjab
20191017,0.49,30.86,18.31,Punjab
20191018,0.62,30.82,18.63,Punjab
20191019,0.32,31.78,17.46,Punjab
20191020,0.0,29.53,17.66,Punjab
20191021,0.0,29.88,17.49,Punjab
20191022,0.0,31.24,15.8,Punjab
20191023,0.0,32.14,18.83,Punjab
20191024,0.0,31.04,16.54,Punjab
20191025,0.0,29.77,15.7,Punjab
20191026,0.0,29.97,15.77,Punjab
20191027,0.0,30.98,16.94,Punjab
20191028,0.0,30.88,18.35,Punjab
20191029,0.0,30.85,17.69,Punjab
20191030,0.0,30.98,19.18,Punjab
20191031,0.0,31.1,18.63,Punjab
20191101,0.0,31.27,18.58,Punjab
20191102,0.0,30.08,19.03,Punjab
20191103,0.01,23.06,17.16,Punjab
20191104,0.0,28.8,14.77,Punjab
20191105,0.0,30.35,16.07,Punjab
20191106,0.0,29.68,15.64,Punjab
20191107,9.01,25.74,16.61,Punjab
20191108,1.52,28.44,14.31,Punjab
20191109,0.0,28.17,13.62,Punjab
20191110,0.0,27.01,13.37,Punjab
20191111,0.0,24.01,14.74,Punjab
20191112,0.0,24.91,13.89,Punjab
20191113,0.0,25.79,14.5,Punjab
20191114,0.09,25.77,16.59,Punjab
20191115,0.09,23.66,13.7,Punjab
20191116,0.54,24.71,13.89,Punjab
20191117,0.0,26.79,12.16,Punjab
20191118,0.0,26.4,11.34,Punjab
20191119,0.0,27.22,14.09,Punjab
20191120,0.0,25.85,14.89,Punjab
20191121,0.0,23.21,13.03,Punjab
20191122,0.12,22.27,13.1,Punjab
20191123,0.22,25.54,14.92,Punjab
20191124,0.0,26.0,14.23,Punjab
20191125,0.0,25.05,13.39,Punjab
20191126,6.24,23.3,13.25,Punjab
20191127,4.78,20.37,11.02,Punjab
20191128,4.23,23.18,12.9,Punjab
20191129,0.96,22.72,11.58,Punjab
20191130,0.0,22.08,10.05,Punjab
20191201,0.0,22.75,11.31,Punjab
20191202,0.0,22.8,10.5,Punjab
20191203,0.0,24.09,9.46,Punjab
20191204,0.0,23.82,9.35,Punjab
20191205,0.0,23.05,9.98,Punjab
20191206,0.0,23.53,9.52,Punjab
20191207,0.0,24.48,9.68,Punjab
20191208,0.0,23.35,10.92,Punjab
20191209,0.0,21.56,10.01,Punjab
20191210,0.0,21.86,9.69,Punjab
20191211,0.0,21.47,8.89,Punjab
20191212,2.7,14.76,11.03,Punjab
20191213,32.19,15.64,10.29,Punjab
20191214,0.52,18.16,8.81,Punjab
20191215,0.0,18.28,6.76,Punjab
20191216,0.0,17.94,4.96,Punjab
20191217,0.0,18.23,4.84,Punjab
20191218,0.0,18.04,4.05,Punjab
20191219,0.0,17.69,7.46,Punjab
20191220,0.0,20.94,7.86,Punjab
20191221,0.03,19.54,9.01,Punjab
20191222,0.0,19.39,4.99,Punjab
20191223,0.0,19.15,3.72,Punjab
20191224,0.0,17.43,4.16,Punjab
20191225,0.0,17.73,2.42,Punjab
20191226,0.0,17.37,2.28,Punjab
20191227,0.0,15.76,2.66,Punjab
20191228,0.0,15.29,0.46,Punjab
20191229,0.0,15.96,1.12,Punjab
20191230,0.0,16.95,1.7,Punjab
20191231,0.0,14.5,0.99,Punjab
20200101,0.0,18.39,2.41,Punjab
20200102,0.0,18.81,6.89,Punjab
20200103,0.0,21.07,6.2,Punjab
20200104,0.35,18.64,8.75,Punjab
20200105,0.09,17.81,6.36,Punjab
20200106,7.26,12.37,9.0,Punjab
20200107,8.45,14.45,9.02,Punjab
20200108,4.31,15.98,5.81,Punjab
20200109,0.0,15.93,2.22,Punjab
20200110,0.0,17.27,0.73,Punjab
20200111,0.0,18.54,4.09,Punjab
20200112,0.02,21.1,7.16,Punjab
20200113,23.28,13.54,7.93,Punjab
20200114,0.03,15.12,6.27,Punjab
20200115,0.0,16.09,4.39,Punjab
20200116,0.24,17.11,4.44,Punjab
20200117,0.02,17.73,6.62,Punjab
20200118,0.29,17.58,6.77,Punjab
20200119,0.0,17.37,4.94,Punjab
20200120,0.02,15.49,5.47,Punjab
20200121,0.13,17.36,5.61,Punjab
20200122,0.0,18.51,5.67,Punjab
20200123,0.0,18.17,2.87,Punjab
20200124,0.0,19.8,1.9,Punjab
20200125,0.0,20.08,6.97,Punjab
20200126,0.0,20.74,9.36,Punjab
20200127,1.63,20.25,8.03,Punjab
20200128,10.95,14.14,9.43,Punjab
20200129,0.52,17.45,7.45,Punjab
20200130,0.0,18.01,5.86,Punjab
20200131,0.0,17.62,4.78,Punjab
20200201,0.03,17.55,5.11,Punjab
20200202,0.0,18.4,4.16,Punjab
20200203,0.0,19.28,4.22,Punjab
20200204,0.0,17.55,3.33,Punjab
20200205,0.0,17.54,3.33,Punjab
20200206,0.0,18.5,5.61,Punjab
20200207,0.0,18.34,5.61,Punjab
20200208,0.0,19.67,6.07,Punjab
20200209,0.0,20.88,6.09,Punjab
20200210,0.0,21.16,6.04,Punjab
20200211,0.0,21.8,8.89,Punjab
20200212,0.0,24.24,8.36,Punjab
20200213,0.0,27.21,9.74,Punjab
20200214,0.0,24.38,9.55,Punjab
20200215,0.0,25.59,5.87,Punjab
20200216,0.0,26.71,10.4,Punjab
20200217,0.0,25.52,10.78,Punjab
20200218,0.0,25.65,9.31,Punjab
20200219,0.0,24.42,9.68,Punjab
20200220,1.67,25.46,12.15,Punjab
20200221,0.52,20.88,11.4,Punjab
20200222,0.0,24.16,9.5,Punjab
20200223,0.01,25.21,11.28,Punjab
20200224,0.15,25.4,12.33,Punjab
20200225,0.0,25.67,12.74,Punjab
20200226,0.0,26.92,11.47,Punjab
20200227,0.0,24.94,13.12,Punjab
20200228,2.7,26.13,11.96,Punjab
20200229,6.41,24.01,14.32,Punjab
20200301,0.18,25.57,13.55,Punjab
20200302,0.0,26.86,12.96,Punjab
20200303,0.0,26.73,13.25,Punjab
20200304,0.21,27.43,12.38,Punjab
20200305,5.19,23.55,12.71,Punjab
20200306,23.37,18.53,12.8,Punjab
20200307,3.85,19.72,11.46,Punjab
20200308,0.09,24.43,9.09,Punjab
20200309,0.0,25.09,9.09,Punjab
20200310,0.0,25.66,10.23,Punjab
20200311,15.76,24.97,11.53,Punjab
20200312,7.91,23.67,12.91,Punjab
20200313,5.23,24.35,10.87,Punjab
20200314,10.8,22.6,9.07,Punjab
20200315,0.73,23.98,10.1,Punjab
20200316,0.0,25.68,11.32,Punjab
20200317,0.0,27.6,11.41,Punjab
20200318,0.05,25.47,14.04,Punjab
20200319,0.11,27.28,16.22,Punjab
20200320,0.0,29.48,14.91,Punjab
20200321,1.54,26.64,16.54,Punjab
20200322,0.0,28.66,15.48,Punjab
20200323,0.04,27.31,15.78,Punjab
20200324,4.1,28.0,17.65,Punjab
20200325,0.01,29.18,17.26,Punjab
20200326,0.04,28.47,17.06,Punjab
20200327,18.53,21.94,16.56,Punjab
20200328,0.75,27.67,13.86,Punjab
20200329,0.0,28.34,13.33,Punjab
20200330,0.0,27.03,13.83,Punjab
20200331,1.91,24.55,13.83,Punjab
20200401,0.0,29.95,15.37,Punjab
20200402,0.04,27.61,14.93,Punjab
20200403,0.0,29.5,12.6,Punjab
20200404,0.0,31.26,14.71,Punjab
20200405,1.96,28.37,16.09,Punjab
20200406,0.0,31.99,17.37,Punjab
20200407,0.55,28.54,17.01,Punjab
20200408,0.03,29.7,14.96,Punjab
20200409,0.0,33.09,15.62,Punjab
20200410,0.0,34.66,19.77,Punjab
20200411,0.0,34.69,19.6,Punjab
20200412,0.0,35.35,17.7,Punjab
20200413,0.0,35.49,22.37,Punjab
20200414,0.0,37.4,23.06,Punjab
20200415,0.0,38.88,20.92,Punjab
20200416,0.01,37.27,20.41,Punjab
20200417,7.25,27.64,20.72,Punjab
20200418,2.28,34.35,18.44,Punjab
20200419,0.4,33.25,18.31,Punjab
20200420,3.19,28.44,19.21,Punjab
20200421,1.42,31.89,17.58,Punjab
20200422,0.0,34.67,19.88,Punjab
20200423,0.0,36.15,21.45,Punjab
20200424,0.11,37.22,20.96,Punjab
20200425,1.75,31.99,24.23,Punjab
20200426,2.38,30.19,23.07,Punjab
20200427,3.66,31.83,20.78,Punjab
20200428,0.0,33.77,19.59,Punjab
20200429,0.0,36.78,22.15,Punjab
20200430,0.31,37.87,24.13,Punjab
20200501,0.0,39.1,24.17,Punjab
20200502,1.39,38.11,25.08,Punjab
20200503,3.52,37.39,23.78,Punjab
20200504,2.7,35.5,23.46,Punjab
20200505,0.05,36.64,24.49,Punjab
20200506,0.25,37.2,22.02,Punjab
20200507,0.28,36.88,20.5,Punjab
20200508,0.0,38.95,23.63,Punjab
20200509,0.01,40.8,23.81,Punjab
20200510,0.42,37.99,25.54,Punjab
20200511,7.18,37.49,22.88,Punjab
20200512,0.62,37.27,22.97,Punjab
20200513,0.89,36.11,25.12,Punjab
20200514,8.33,35.79,24.33,Punjab
20200515,0.14,37.97,22.81,Punjab
20200516,0.0,38.98,21.69,Punjab
20200517,0.0,36.77,23.77,Punjab
20200518,0.0,39.9,23.43,Punjab
20200519,0.0,38.82,23.33,Punjab
20200520,0.0,39.55,21.78,Punjab
20200521,0.0,42.71,21.37,Punjab
20200522,0.0,43.59,25.86,Punjab
20200523,0.0,44.97,27.68,Punjab
20200524,0.22,43.5,27.32,Punjab
20200525,0.0,44.35,27.33,Punjab
20200526,0.0,45.43,28.9,Punjab
20200527,0.3,45.77,28.19,Punjab
20200528,0.68,42.4,27.85,Punjab
20200529,2.6,39.22,26.33,Punjab
20200530,25.05,30.82,25.3,Punjab
20200531,6.05,32.78,24.2,Punjab
20200601,0.54,35.0,22.95,Punjab
20200602,4.17,34.58,23.95,Punjab
20200603,1.47,34.98,23.93,Punjab
20200604,0.16,37.99,25.38,Punjab
20200605,4.57,35.26,26.05,Punjab
20200606,16.25,33.01,25.09,Punjab
20200607,0.86,36.69,24.61,Punjab
20200608,0.0,39.1,26.28,Punjab
20200609,0.04,40.9,27.52,Punjab
20200610,0.14,42.7,27.74,Punjab
20200611,0.97,41.78,28.49,Punjab
20200612,0.0,41.92,29.47,Punjab
20200613,1.07,42.35,30.14,Punjab
20200614,0.14,42.42,29.08,Punjab
20200615,0.0,43.59,27.04,Punjab
20200616,0.09,42.94,27.68,Punjab
20200617,0.0,42.6,27.0,Punjab
20200618,0.2,43.9,28.45,Punjab
20200619,0.44,43.67,30.13,Punjab
20200620,5.12,42.72,28.63,Punjab
20200621,2.17,42.04,29.43,Punjab
20200622,8.49,39.43,27.08,Punjab
20200623,0.13,41.18,28.83,Punjab
20200624,3.83,38.74,29.88,Punjab
20200625,1.9,39.34,28.94,Punjab
20200626,0.07,41.21,29.19,Punjab
20200627,0.19,42.71,31.47,Punjab
20200628,0.89,44.43,31.98,Punjab
20200629,1.97,40.88,28.58,Punjab
20200630,0.0,42.11,30.34,Punjab
20200701,0.74,40.72,30.85,Punjab
20200702,2.2,43.17,30.85,Punjab
20200703,0.0,45.16,31.11,Punjab
20200704,4.06,43.55,30.17,Punjab
20200705,24.62,38.17,26.95,Punjab
20200706,0.0,39.48,26.97,Punjab
20200707,13.37,37.14,28.79,Punjab
20200708,24.7,33.91,26.41,Punjab
20200709,9.33,37.42,27.97,Punjab
20200710,0.06,42.09,29.36,Punjab
20200711,1.61,41.27,29.83,Punjab
20200712,29.96,35.43,27.49,Punjab
20200713,0.03,38.38,27.16,Punjab
20200714,6.9,39.27,28.62,Punjab
20200715,0.13,39.26,28.2,Punjab
20200716,3.08,37.01,27.57,Punjab
20200717,1.47,37.8,28.06,Punjab
20200718,10.97,37.23,28.84,Punjab
20200719,10.01,37.85,28.38,Punjab
20200720,1.26,38.34,29.16,Punjab
20200721,15.53,34.55,27.01,Punjab
20200722,1.66,35.05,25.91,Punjab
20200723,0.06,37.72,26.11,Punjab
20200724,0.1,37.48,26.23,Punjab
20200725,1.14,37.23,27.09,Punjab
20200726,4.29,37.24,27.13,Punjab
20200727,0.73,38.89,27.95,Punjab
20200728,8.82,40.02,28.7,Punjab
20200729,12.6,40.2,29.17,Punjab
20200730,10.36,35.16,26.79,Punjab
20200731,19.33,34.75,26.81,Punjab
20200801,5.89,35.93,27.36,Punjab
20200802,16.56,36.66,27.36,Punjab
20200803,4.77,38.66,28.1,Punjab
20200804,6.01,39.53,29.71,Punjab
20200805,3.24,39.13,28.59,Punjab
20200806,3.51,37.11,27.38,Punjab
20200807,0.95,35.51,27.52,Punjab
20200808,8.57,35.95,27.19,Punjab
20200809,17.67,35.87,27.96,Punjab
20200810,16.49,35.88,27.68,Punjab
20200811,11.85,35.06,27.45,Punjab
20200812,19.99,36.4,27.46,Punjab
20200813,12.67,36.85,27.54,Punjab
20200814,3.48,34.77,26.52,Punjab
20200815,4.11,34.73,26.23,Punjab
20200816,1.61,35.76,26.51,Punjab
20200817,2.91,34.04,26.81,Punjab
20200818,9.74,33.94,26.75,Punjab
20200819,7.59,35.83,27.38,Punjab
20200820,18.19,29.91,25.82,Punjab
20200821,9.72,31.84,24.56,Punjab
20200822,4.16,34.19,25.49,Punjab
20200823,0.01,33.74,24.95,Punjab
20200824,0.42,33.44,24.96,Punjab
20200825,1.84,33.55,25.64,Punjab
20200826,4.11,33.49,26.02,Punjab
20200827,19.82,33.39,25.96,Punjab
20200828,11.37,32.49,26.15,Punjab
20200829,1.4,34.09,25.62,Punjab
20200830,4.04,33.06,25.81,Punjab
20200831,1.37,32.33,24.65,Punjab
20200901,0.22,33.79,24.57,Punjab
20200902,1.0,34.05,25.19,Punjab
20200903,8.9,31.86,25.39,Punjab
20200904,5.63,32.96,25.43,Punjab
20200905,0.5,33.2,24.72,Punjab
20200906,2.71,33.35,24.99,Punjab
20200907,0.04,34.74,25.51,Punjab
20200908,0.0,34.72,24.1,Punjab
20200909,0.0,35.37,24.17,Punjab
20200910,0.0,36.11,25.0,Punjab
20200911,0.0,37.31,24.1,Punjab
20200912,0.55,36.42,24.39,Punjab
20200913,0.0,36.27,24.58,Punjab
20200914,0.0,36.21,24.08,Punjab
20200915,0.0,36.46,25.13,Punjab
20200916,0.0,37.73,26.78,Punjab
20200917,0.0,37.96,26.03,Punjab
20200918,0.0,37.79,24.83,Punjab
20200919,0.01,37.77,25.37,Punjab
20200920,0.02,37.41,23.81,Punjab
20200921,0.0,37.07,24.41,Punjab
20200922,0.03,37.28,25.53,Punjab
20200923,0.23,36.88,23.86,Punjab
20200924,0.01,36.97,25.58,Punjab
20200925,0.0,37.42,25.63,Punjab
20200926,0.93,36.97,23.63,Punjab
20200927,0.0,36.75,21.19,Punjab
20200928,0.0,36.21,23.31,Punjab
20200929,0.0,36.8,22.38,Punjab
20200930,0.0,36.86,22.69,Punjab
20201001,0.0,37.13,21.51,Punjab
20201002,0.0,36.44,22.11,Punjab
20201003,0.0,36.43,22.15,Punjab
20201004,0.0,35.53,21.9,Punjab
20201005,0.0,36.26,20.35,Punjab
20201006,0.0,36.43,21.6,Punjab
20201007,0.0,36.12,20.16,Punjab
20201008,0.0,35.86,20.83,Punjab
20201009,0.0,35.79,21.13,Punjab
20201010,0.0,35.81,22.34,Punjab
20201011,0.0,36.46,20.94,Punjab
20201012,0.0,35.6,21.72,Punjab
20201013,0.0,36.26,20.81,Punjab
20201014,0.0,35.83,21.2,Punjab
20201015,0.0,34.83,19.05,Punjab
20201016,0.0,33.72,19.49,Punjab
20201017,0.0,33.65,19.85,Punjab
20201018,0.0,34.13,18.38,Punjab
20201019,0.0,33.97,18.28,Punjab
20201020,0.0,33.88,18.22,Punjab
20201021,0.0,34.29,17.14,Punjab
20201022,0.0,33.23,19.06,Punjab
20201023,0.0,32.25,19.37,Punjab
20201024,0.0,32.17,19.77,Punjab
20201025,0.0,32.43,16.94,Punjab
20201026,0.0,31.22,17.12,Punjab
20201027,0.0,31.03,16.2,Punjab
20201028,0.0,31.31,16.74,Punjab
20201029,0.0,30.93,16.56,Punjab
20201030,0.0,31.59,16.18,Punjab
20201031,0.0,30.65,14.07,Punjab
20201101,0.0,30.22,12.45,Punjab
20201102,0.0,30.0,15.82,Punjab
20201103,0.03,30.22,16.34,Punjab
20201104,0.0,30.43,16.29,Punjab
20201105,0.0,31.1,16.09,Punjab
20201106,0.0,30.44,15.58,Punjab
20201107,0.0,30.31,15.37,Punjab
20201108,0.0,29.77,14.38,Punjab
20201109,0.0,28.73,14.44,Punjab
20201110,0.0,30.18,16.07,Punjab
20201111,0.0,29.02,15.17,Punjab
20201112,0.0,27.85,14.99,Punjab
20201113,0.0,28.45,16.05,Punjab
20201114,0.0,25.07,15.71,Punjab
20201115,8.21,24.88,15.86,Punjab
20201116,5.39,23.62,13.24,Punjab
20201117,0.0,24.54,10.0,Punjab
20201118,0.0,23.93,10.72,Punjab
20201119,0.0,23.11,11.1,Punjab
20201120,0.0,24.15,9.99,Punjab
20201121,0.0,23.72,7.51,Punjab
20201122,0.0,23.06,8.27,Punjab
20201123,0.06,24.06,10.73,Punjab
20201124,0.4,23.07,12.22,Punjab
20201125,5.87,18.49,11.23,Punjab
20201126,0.22,22.36,9.35,Punjab
20201127,0.0,24.25,8.26,Punjab
20201128,0.0,24.42,5.83,Punjab
20201129,0.0,24.01,8.19,Punjab
20201130,0.0,24.65,8.28,Punjab
20201201,0.0,25.62,9.23,Punjab
20201202,0.0,25.98,9.67,Punjab
20201203,0.0,26.51,10.16,Punjab
20201204,0.0,26.24,12.91,Punjab
20201205,0.0,26.4,10.64,Punjab
20201206,0.0,25.39,12.86,Punjab
20201207,0.0,26.1,12.31,Punjab
20201208,0.0,26.25,13.05,Punjab
20201209,0.26,27.04,13.09,Punjab
20201210,0.25,25.64,12.35,Punjab
20201211,3.38,25.95,12.27,Punjab
20201212,5.03,21.96,11.02,Punjab
20201213,0.0,19.9,7.5,Punjab
20201214,0.0,19.87,5.89,Punjab
20201215,0.0,18.33,5.65,Punjab
20201216,0.0,18.4,3.81,Punjab
20201217,0.0,17.64,2.04,Punjab
20201218,0.0,19.28,1.61,Punjab
20201219,0.0,20.54,3.32,Punjab
20201220,0.0,22.39,4.77,Punjab
20201221,0.0,21.33,6.92,Punjab
20201222,0.0,21.99,7.26,Punjab
20201223,0.0,21.57,8.03,Punjab
20201224,0.0,21.13,7.91,Punjab
20201225,0.0,20.88,6.57,Punjab
20201226,0.0,20.76,5.38,Punjab
20201227,3.84,21.27,6.13,Punjab
20201228,0.05,15.42,3.27,Punjab
20201229,0.0,17.52,2.35,Punjab
20201230,0.0,17.99,2.21,Punjab
20201231,0.0,20.3,1.66,Punjab
