date,PRECTOTCORR,T2M_MAX,T2M_MIN,state
19970101,0.0,28.37,9.87,Maharashtra
19970102,0.0,29.0,9.7,Maharashtra
19970103,0.0,29.83,10.56,Maharashtra
19970104,0.0,29.96,11.4,Maharashtra
19970105,0.0,28.51,12.65,Maharashtra
19970106,0.0,28.79,13.62,Maharashtra
19970107,0.0,27.91,12.76,Maharashtra
19970108,0.0,27.44,12.71,Maharashtra
19970109,0.01,28.89,10.9,Maharashtra
19970110,0.0,29.43,11.17,Maharashtra
19970111,0.0,29.14,13.86,Maharashtra
19970112,1.26,29.08,15.3,Maharashtra
19970113,1.9,26.48,15.66,Maharashtra
19970114,8.22,28.3,15.1,Maharashtra
19970115,0.0,27.83,12.43,Maharashtra
19970116,0.05,27.32,11.71,Maharashtra
19970117,0.0,28.63,10.26,Maharashtra
19970118,0.0,29.38,12.52,Maharashtra
19970119,0.0,29.37,12.42,Maharashtra
19970120,0.19,27.72,11.45,Maharashtra
19970121,0.04,26.25,8.59,Maharashtra
19970122,0.0,26.52,7.72,Maharashtra
19970123,0.0,29.53,10.03,Maharashtra
19970124,0.0,29.77,11.6,Maharashtra
19970125,0.0,30.58,12.95,Maharashtra
19970126,0.0,31.41,11.04,Maharashtra
19970127,0.0,32.35,13.05,Maharashtra
19970128,0.0,31.88,13.02,Maharashtra
19970129,0.0,32.16,13.01,Maharashtra
19970130,0.0,31.63,12.93,Maharashtra
19970131,0.0,30.48,12.94,Maharashtra
19970201,0.0,30.32,11.31,Maharashtra
19970202,0.0,30.63,11.68,Maharashtra
19970203,0.0,29.75,13.39,Maharashtra
19970204,0.0,30.8,11.64,Maharashtra
19970205,0.0,31.31,10.61,Maharashtra
19970206,0.0,32.75,14.34,Maharashtra
19970207,0.0,31.4,12.54,Maharashtra
19970208,0.0,32.23,11.98,Maharashtra
19970209,0.0,30.85,13.88,Maharashtra
19970210,0.0,30.26,10.0,Maharashtra
19970211,0.0,31.81,11.99,Maharashtra
19970212,0.0,32.11,10.25,Maharashtra
19970213,0.0,32.46,10.6,Maharashtra
19970214,0.0,33.71,15.01,Maharashtra
19970215,0.0,33.91,13.33,Maharashtra
19970216,0.0,32.58,14.48,Maharashtra
19970217,0.0,33.67,13.41,Maharashtra
19970218,0.0,33.29,12.98,Maharashtra
19970219,0.0,30.87,12.95,Maharashtra
19970220,0.0,32.9,12.87,Maharashtra
19970221,0.0,33.79,12.84,Maharashtra
19970222,0.0,33.68,13.82,Maharashtra
19970223,0.0,33.69,13.91,Maharashtra
19970224,0.0,34.96,17.62,Maharashtra
19970225,0.0,36.1,19.5,Maharashtra
19970226,0.0,36.32,17.45,Maharashtra
19970227,0.0,36.4,17.81,Maharashtra
19970228,0.0,37.18,17.85,Maharashtra
19970301,0.0,36.74,16.11,Maharashtra
19970302,0.0,37.03,18.28,Maharashtra
19970303,0.0,36.23,17.54,Maharashtra
19970304,0.0,36.55,19.31,Maharashtra
19970305,0.0,34.94,18.32,Maharashtra
19970306,0.0,36.28,17.65,Maharashtra
19970307,0.0,36.79,17.8,Maharashtra
19970308,0.0,37.47,19.46,Maharashtra
19970309,0.0,37.71,20.52,Maharashtra
19970310,0.0,38.48,20.36,Maharashtra
19970311,0.0,38.93,19.94,Maharashtra
19970312,0.0,38.4,20.39,Maharashtra
19970313,0.0,36.81,19.9,Maharashtra
19970314,0.0,38.12,18.49,Maharashtra
19970315,0.0,37.71,20.04,Maharashtra
19970316,0.0,39.01,20.92,Maharashtra
19970317,0.0,38.34,22.07,Maharashtra
19970318,0.0,37.36,20.45,Maharashtra
19970319,0.0,37.06,21.2,Maharashtra
19970320,0.0,38.18,20.0,Maharashtra
19970321,0.0,34.35,21.12,Maharashtra
19970322,0.0,34.35,19.51,Maharashtra
19970323,0.0,35.29,16.36,Maharashtra
19970324,0.0,35.21,17.78,Maharashtra
19970325,0.0,35.36,17.97,Maharashtra
19970326,0.0,36.81,20.4,Maharashtra
19970327,0.0,37.8,22.37,Maharashtra
19970328,0.1,34.98,25.64,Maharashtra
19970329,0.6,37.87,22.09,Maharashtra
19970330,0.0,38.17,19.07,Maharashtra
19970331,0.04,38.79,17.36,Maharashtra
19970401,0.0,37.29,18.82,Maharashtra
19970402,0.01,35.06,18.99,Maharashtra
19970403,0.01,32.34,19.62,Maharashtra
19970404,0.78,34.84,18.07,Maharashtra
19970405,0.44,36.28,18.55,Maharashtra
19970406,0.04,36.62,18.59,Maharashtra
19970407,0.15,38.13,20.0,Maharashtra
19970408,0.0,38.83,19.01,Maharashtra
19970409,0.0,38.18,20.13,Maharashtra
19970410,0.0,37.18,17.39,Maharashtra
19970411,0.0,38.37,20.99,Maharashtra
19970412,0.0,37.65,21.02,Maharashtra
19970413,0.0,38.37,21.07,Maharashtra
19970414,0.0,38.69,20.27,Maharashtra
19970415,0.0,37.59,19.79,Maharashtra
19970416,0.0,37.88,20.15,Maharashtra
19970417,0.0,37.97,19.77,Maharashtra
19970418,0.0,38.43,20.51,Maharashtra
19970419,0.0,37.49,21.58,Maharashtra
19970420,0.0,38.31,22.11,Maharashtra
19970421,0.0,38.47,23.45,Maharashtra
19970422,0.22,36.4,24.27,Maharashtra
19970423,0.0,38.71,25.14,Maharashtra
19970424,0.0,41.53,23.23,Maharashtra
19970425,0.0,41.89,24.13,Maharashtra
19970426,0.0,39.52,26.87,Maharashtra
19970427,0.0,35.44,25.62,Maharashtra
19970428,0.17,29.41,22.54,Maharashtra
19970429,0.09,31.04,22.11,Maharashtra
19970430,2.03,34.28,22.24,Maharashtra
19970501,2.1,34.47,22.72,Maharashtra
19970502,0.0,35.62,23.57,Maharashtra
19970503,0.0,38.62,23.85,Maharashtra
19970504,0.0,37.8,21.91,Maharashtra
19970505,0.0,37.66,23.33,Maharashtra
19970506,0.02,38.18,23.49,Maharashtra
19970507,0.0,39.17,22.33,Maharashtra
19970508,0.0,39.61,23.56,Maharashtra
19970509,0.0,40.15,26.57,Maharashtra
19970510,0.0,40.81,26.31,Maharashtra
19970511,0.0,41.45,23.22,Maharashtra
19970512,0.0,40.97,22.68,Maharashtra
19970513,0.0,41.42,23.73,Maharashtra
19970514,0.0,41.32,22.79,Maharashtra
19970515,0.0,41.99,23.81,Maharashtra
19970516,0.0,41.36,24.15,Maharashtra
19970517,0.0,40.7,23.46,Maharashtra
19970518,0.0,42.16,22.6,Maharashtra
19970519,0.0,41.36,23.48,Maharashtra
19970520,0.0,41.88,23.79,Maharashtra
19970521,0.0,39.83,21.99,Maharashtra
19970522,0.0,40.28,22.02,Maharashtra
19970523,0.0,40.46,24.1,Maharashtra
19970524,0.0,40.65,24.89,Maharashtra
19970525,0.0,41.61,23.83,Maharashtra
19970526,0.0,41.87,23.6,Maharashtra
19970527,0.0,42.19,23.32,Maharashtra
19970528,0.0,42.35,23.16,Maharashtra
19970529,0.0,40.74,22.1,Maharashtra
19970530,0.0,40.1,22.35,Maharashtra
19970531,0.0,39.1,21.94,Maharashtra
19970601,0.04,33.76,23.37,Maharashtra
19970602,6.17,36.35,21.88,Maharashtra
19970603,2.44,33.37,23.08,Maharashtra
19970604,1.28,35.33,21.73,Maharashtra
19970605,0.04,37.64,22.84,Maharashtra
19970606,0.3,38.02,23.54,Maharashtra
19970607,0.41,36.68,24.64,Maharashtra
19970608,0.13,37.94,25.0,Maharashtra
19970609,0.0,38.57,24.98,Maharashtra
19970610,0.29,37.36,24.68,Maharashtra
19970611,1.49,35.43,24.17,Maharashtra
19970612,1.34,35.54,25.05,Maharashtra
19970613,1.06,36.83,25.44,Maharashtra
19970614,0.86,37.82,25.75,Maharashtra
19970615,2.43,36.92,25.39,Maharashtra
19970616,0.24,35.06,25.17,Maharashtra
19970617,0.78,34.7,23.54,Maharashtra
19970618,6.05,30.89,24.27,Maharashtra
19970619,2.64,33.03,23.64,Maharashtra
19970620,9.74,28.52,23.29,Maharashtra
19970621,1.71,29.71,23.07,Maharashtra
19970622,1.52,33.36,23.35,Maharashtra
19970623,0.82,33.37,22.35,Maharashtra
19970624,14.12,31.51,22.84,Maharashtra
19970625,9.4,33.16,22.79,Maharashtra
19970626,1.1,32.65,23.42,Maharashtra
19970627,0.1,32.69,23.34,Maharashtra
19970628,1.63,31.62,22.56,Maharashtra
19970629,8.06,29.95,22.55,Maharashtra
19970630,0.22,33.22,23.02,Maharashtra
19970701,6.02,33.67,23.17,Maharashtra
19970702,10.74,31.82,22.89,Maharashtra
19970703,5.25,32.61,22.77,Maharashtra
19970704,1.07,30.8,22.31,Maharashtra
19970705,10.56,29.77,21.53,Maharashtra
19970706,8.85,29.32,21.6,Maharashtra
19970707,5.93,28.04,21.93,Maharashtra
19970708,9.35,31.27,23.04,Maharashtra
19970709,30.18,30.86,22.27,Maharashtra
19970710,1.75,30.9,22.41,Maharashtra
19970711,0.77,30.87,22.95,Maharashtra
19970712,0.02,33.53,22.65,Maharashtra
19970713,0.73,34.06,22.78,Maharashtra
19970714,0.03,33.47,22.69,Maharashtra
19970715,0.0,32.69,22.15,Maharashtra
19970716,0.02,31.26,22.13,Maharashtra
19970717,0.01,32.67,22.2,Maharashtra
19970718,0.06,31.52,22.74,Maharashtra
19970719,0.49,29.15,22.46,Maharashtra
19970720,0.03,30.36,21.78,Maharashtra
19970721,0.84,32.43,21.99,Maharashtra
19970722,0.63,32.9,22.37,Maharashtra
19970723,0.56,33.66,22.58,Maharashtra
19970724,1.02,28.8,23.09,Maharashtra
19970725,0.4,28.76,23.2,Maharashtra
19970726,10.14,28.46,22.97,Maharashtra
19970727,16.17,31.56,22.43,Maharashtra
19970728,4.38,31.4,22.33,Maharashtra
19970729,6.06,30.67,22.05,Maharashtra
19970730,2.96,29.04,22.65,Maharashtra
19970731,17.96,28.85,22.59,Maharashtra
19970801,25.22,27.55,22.39,Maharashtra
19970802,1.71,31.55,22.21,Maharashtra
19970803,0.77,31.63,21.77,Maharashtra
19970804,0.11,31.45,21.67,Maharashtra
19970805,7.11,31.22,21.63,Maharashtra
19970806,1.01,31.59,21.4,Maharashtra
19970807,0.67,29.58,21.46,Maharashtra
19970808,1.76,31.83,21.13,Maharashtra
19970809,3.91,32.03,21.1,Maharashtra
19970810,0.49,31.75,22.03,Maharashtra
19970811,0.1,29.42,22.13,Maharashtra
19970812,0.08,31.22,21.79,Maharashtra
19970813,0.68,31.78,21.84,Maharashtra
19970814,0.45,33.27,21.58,Maharashtra
19970815,0.14,33.15,21.74,Maharashtra
19970816,6.28,32.58,21.83,Maharashtra
19970817,0.22,32.82,21.48,Maharashtra
19970818,0.05,32.82,21.18,Maharashtra
19970819,0.06,31.89,21.84,Maharashtra
19970820,0.11,29.32,21.72,Maharashtra
19970821,0.62,29.62,21.9,Maharashtra
19970822,5.31,26.79,22.09,Maharashtra
19970823,60.31,25.85,22.43,Maharashtra
19970824,10.52,29.18,22.17,Maharashtra
19970825,4.5,30.32,22.06,Maharashtra
19970826,6.7,30.29,22.33,Maharashtra
19970827,5.51,28.74,21.94,Maharashtra
19970828,0.5,27.38,21.71,Maharashtra
19970829,0.5,28.61,20.65,Maharashtra
19970830,1.09,30.32,20.55,Maharashtra
19970831,0.56,30.15,21.11,Maharashtra
19970901,0.03,30.46,21.03,Maharashtra
19970902,0.0,28.3,21.1,Maharashtra
19970903,0.85,30.28,21.22,Maharashtra
19970904,0.07,30.2,21.25,Maharashtra
19970905,0.16,32.25,20.13,Maharashtra
19970906,0.05,31.58,21.19,Maharashtra
19970907,0.0,29.98,21.51,Maharashtra
19970908,3.48,32.0,21.01,Maharashtra
19970909,22.14,26.68,21.2,Maharashtra
19970910,11.67,30.53,20.5,Maharashtra
19970911,0.49,30.66,21.17,Maharashtra
19970912,0.33,30.99,21.12,Maharashtra
19970913,0.02,31.33,20.01,Maharashtra
19970914,5.88,30.88,20.81,Maharashtra
19970915,0.63,31.08,21.28,Maharashtra
19970916,1.29,28.52,22.39,Maharashtra
19970917,0.83,28.86,21.61,Maharashtra
19970918,0.23,29.41,21.93,Maharashtra
19970919,0.11,28.92,21.16,Maharashtra
19970920,0.36,30.47,21.09,Maharashtra
19970921,44.33,25.0,21.54,Maharashtra
19970922,12.52,28.99,21.71,Maharashtra
19970923,6.69,30.24,21.41,Maharashtra
19970924,7.05,30.44,21.28,Maharashtra
19970925,5.42,30.93,21.88,Maharashtra
19970926,2.84,26.45,21.84,Maharashtra
19970927,2.81,28.17,20.9,Maharashtra
19970928,0.83,27.65,20.95,Maharashtra
19970929,0.0,30.07,19.33,Maharashtra
19970930,0.02,29.77,18.84,Maharashtra
19971001,0.0,30.51,18.53,Maharashtra
19971002,0.0,30.96,17.23,Maharashtra
19971003,0.0,31.41,17.73,Maharashtra
19971004,0.0,31.61,18.2,Maharashtra
19971005,0.05,31.32,18.33,Maharashtra
19971006,0.04,30.66,19.35,Maharashtra
19971007,0.0,31.69,18.23,Maharashtra
19971008,0.0,32.44,19.07,Maharashtra
19971009,0.0,33.12,19.34,Maharashtra
19971010,0.0,32.89,18.07,Maharashtra
19971011,0.0,33.39,18.15,Maharashtra
19971012,0.11,33.65,18.24,Maharashtra
19971013,0.0,33.77,18.45,Maharashtra
19971014,1.98,28.64,19.93,Maharashtra
19971015,0.01,32.58,20.3,Maharashtra
19971016,0.0,31.93,19.87,Maharashtra
19971017,0.44,29.59,21.29,Maharashtra
19971018,0.01,28.84,21.16,Maharashtra
19971019,0.81,30.95,21.49,Maharashtra
19971020,1.36,32.94,19.59,Maharashtra
19971021,0.12,32.62,19.25,Maharashtra
19971022,1.06,31.25,19.6,Maharashtra
19971023,0.18,32.68,19.42,Maharashtra
19971024,0.0,32.85,17.48,Maharashtra
19971025,1.04,31.79,19.89,Maharashtra
19971026,1.69,27.0,20.86,Maharashtra
19971027,1.19,26.86,20.07,Maharashtra
19971028,13.73,29.59,19.05,Maharashtra
19971029,2.4,31.04,19.63,Maharashtra
19971030,0.01,30.99,19.75,Maharashtra
19971031,0.17,29.59,20.34,Maharashtra
19971101,0.47,31.9,19.69,Maharashtra
19971102,0.34,32.33,19.34,Maharashtra
19971103,0.04,32.79,19.41,Maharashtra
19971104,0.09,33.01,19.22,Maharashtra
19971105,0.0,32.02,19.1,Maharashtra
19971106,0.0,31.69,19.05,Maharashtra
19971107,0.0,31.98,18.34,Maharashtra
19971108,0.0,31.16,18.52,Maharashtra
19971109,0.0,32.43,17.74,Maharashtra
19971110,4.95,31.2,20.48,Maharashtra
19971111,6.64,30.64,21.49,Maharashtra
19971112,4.34,28.37,18.67,Maharashtra
19971113,1.5,29.76,18.91,Maharashtra
19971114,0.33,29.31,19.44,Maharashtra
19971115,3.21,27.11,20.33,Maharashtra
19971116,0.57,29.1,19.65,Maharashtra
19971117,0.14,30.21,18.37,Maharashtra
19971118,1.19,31.4,18.53,Maharashtra
19971119,0.17,31.48,18.93,Maharashtra
19971120,0.02,31.3,16.95,Maharashtra
19971121,8.97,29.91,17.72,Maharashtra
19971122,1.98,28.25,18.83,Maharashtra
19971123,5.3,30.68,18.54,Maharashtra
19971124,4.34,30.39,18.99,Maharashtra
19971125,0.69,29.92,19.42,Maharashtra
19971126,0.0,30.34,18.03,Maharashtra
19971127,18.83,23.89,19.34,Maharashtra
19971128,15.2,24.11,18.17,Maharashtra
19971129,5.8,28.15,19.92,Maharashtra
19971130,3.42,28.43,19.67,Maharashtra
19971201,0.43,28.47,18.71,Maharashtra
19971202,11.98,28.56,18.25,Maharashtra
19971203,1.2,28.55,18.06,Maharashtra
19971204,0.01,28.51,16.72,Maharashtra
19971205,0.02,28.14,16.17,Maharashtra
19971206,0.04,28.45,18.08,Maharashtra
19971207,1.32,27.35,17.44,Maharashtra
19971208,22.79,22.49,18.37,Maharashtra
19971209,8.37,25.28,13.44,Maharashtra
19971210,0.06,23.96,11.03,Maharashtra
19971211,0.0,24.55,9.93,Maharashtra
19971212,0.05,26.76,10.95,Maharashtra
19971213,0.04,26.61,15.43,Maharashtra
19971214,0.0,26.3,11.75,Maharashtra
19971215,0.0,26.0,11.7,Maharashtra
19971216,3.75,26.28,14.19,Maharashtra
19971217,0.33,27.06,15.6,Maharashtra
19971218,0.03,28.5,15.57,Maharashtra
19971219,0.03,27.61,15.04,Maharashtra
19971220,0.06,28.27,16.35,Maharashtra
19971221,0.0,27.56,16.97,Maharashtra
19971222,0.0,28.26,16.21,Maharashtra
19971223,0.0,27.21,13.62,Maharashtra
19971224,0.0,28.18,13.27,Maharashtra
19971225,0.0,28.21,15.03,Maharashtra
19971226,0.0,28.25,15.91,Maharashtra
19971227,0.04,27.66,16.58,Maharashtra
19971228,0.01,28.48,16.14,Maharashtra
19971229,0.0,28.94,17.09,Maharashtra
19971230,0.0,28.81,14.76,Maharashtra
19971231,0.06,27.93,16.21,Maharashtra
19980101,0.03,27.04,16.53,Maharashtra
19980102,0.01,28.9,16.61,Maharashtra
19980103,0.01,29.04,16.05,Maharashtra
19980104,0.0,29.01,15.04,Maharashtra
19980105,0.0,29.06,12.78,Maharashtra
19980106,0.0,29.21,12.87,Maharashtra
19980107,0.0,28.56,12.9,Maharashtra
19980108,0.0,28.6,12.25,Maharashtra
19980109,0.0,29.01,13.07,Maharashtra
19980110,0.0,29.03,13.43,Maharashtra
19980111,0.0,29.42,13.51,Maharashtra
19980112,0.0,30.79,13.85,Maharashtra
19980113,0.0,30.93,15.26,Maharashtra
19980114,0.0,32.35,15.3,Maharashtra
19980115,0.0,31.28,15.53,Maharashtra
19980116,0.0,29.58,12.86,Maharashtra
19980117,0.0,29.13,11.94,Maharashtra
19980118,0.0,27.09,9.47,Maharashtra
19980119,0.0,28.37,9.78,Maharashtra
19980120,0.0,28.08,12.73,Maharashtra
19980121,0.57,27.7,11.6,Maharashtra
19980122,0.0,28.38,11.61,Maharashtra
19980123,0.0,29.57,11.5,Maharashtra
19980124,0.0,30.71,12.62,Maharashtra
19980125,0.0,31.14,15.57,Maharashtra
19980126,0.0,31.3,15.89,Maharashtra
19980127,0.0,31.51,15.41,Maharashtra
19980128,0.0,31.37,13.33,Maharashtra
19980129,0.0,31.12,12.81,Maharashtra
19980130,0.0,32.36,14.83,Maharashtra
19980131,0.0,33.32,18.97,Maharashtra
19980201,0.0,33.52,17.47,Maharashtra
19980202,0.01,34.61,20.32,Maharashtra
19980203,0.0,33.09,17.06,Maharashtra
19980204,0.0,33.46,15.82,Maharashtra
19980205,0.0,32.0,13.95,Maharashtra
19980206,0.01,31.93,14.35,Maharashtra
19980207,0.0,30.67,14.1,Maharashtra
19980208,0.0,30.33,15.27,Maharashtra
19980209,0.0,31.29,14.65,Maharashtra
19980210,0.0,32.12,13.79,Maharashtra
19980211,0.0,32.46,13.09,Maharashtra
19980212,0.0,31.86,13.73,Maharashtra
19980213,0.0,32.71,13.41,Maharashtra
19980214,0.0,33.34,13.77,Maharashtra
19980215,0.0,33.0,15.47,Maharashtra
19980216,0.0,32.34,16.47,Maharashtra
19980217,0.0,31.34,12.98,Maharashtra
19980218,0.0,30.37,13.37,Maharashtra
19980219,0.13,30.63,12.51,Maharashtra
19980220,0.15,31.15,13.23,Maharashtra
19980221,0.0,31.24,12.17,Maharashtra
19980222,0.0,31.77,12.07,Maharashtra
19980223,0.0,34.77,13.92,Maharashtra
19980224,0.0,34.91,15.91,Maharashtra
19980225,0.0,31.56,16.13,Maharashtra
19980226,0.0,30.65,11.51,Maharashtra
19980227,0.0,33.17,12.42,Maharashtra
19980228,0.0,34.82,12.87,Maharashtra
19980301,0.0,34.28,14.36,Maharashtra
19980302,0.0,34.61,15.58,Maharashtra
19980303,0.0,36.38,18.29,Maharashtra
19980304,1.0,36.7,20.92,Maharashtra
19980305,0.16,34.15,22.97,Maharashtra
19980306,0.0,34.52,18.06,Maharashtra
19980307,0.0,34.24,15.2,Maharashtra
19980308,0.0,36.31,14.41,Maharashtra
19980309,0.0,36.84,15.9,Maharashtra
19980310,0.0,37.06,16.72,Maharashtra
19980311,0.0,37.69,18.52,Maharashtra
19980312,0.0,34.08,16.98,Maharashtra
19980313,0.0,32.24,15.39,Maharashtra
19980314,0.0,34.86,15.69,Maharashtra
19980315,0.57,36.93,16.17,Maharashtra
19980316,0.32,33.57,16.31,Maharashtra
19980317,0.4,34.72,19.79,Maharashtra
19980318,0.01,35.67,16.57,Maharashtra
19980319,0.0,37.37,18.64,Maharashtra
19980320,0.0,38.92,19.64,Maharashtra
19980321,0.0,39.94,21.27,Maharashtra
19980322,0.0,41.09,20.78,Maharashtra
19980323,0.0,39.65,22.84,Maharashtra
19980324,0.0,38.36,21.01,Maharashtra
19980325,0.0,37.28,18.05,Maharashtra
19980326,0.0,38.15,17.05,Maharashtra
19980327,0.0,39.31,17.75,Maharashtra
19980328,0.0,39.74,20.04,Maharashtra
19980329,0.0,39.36,20.9,Maharashtra
19980330,0.0,37.7,21.47,Maharashtra
19980331,0.0,39.39,21.01,Maharashtra
19980401,0.0,40.31,21.09,Maharashtra
19980402,0.0,41.14,23.62,Maharashtra
19980403,0.0,41.46,21.93,Maharashtra
19980404,0.0,41.58,23.44,Maharashtra
19980405,0.0,42.29,23.26,Maharashtra
19980406,0.0,42.14,25.33,Maharashtra
19980407,0.0,41.78,24.33,Maharashtra
19980408,0.0,39.96,23.76,Maharashtra
19980409,0.0,39.38,21.25,Maharashtra
19980410,0.0,39.62,20.91,Maharashtra
19980411,0.0,40.73,20.93,Maharashtra
19980412,0.0,41.58,22.14,Maharashtra
19980413,0.01,40.16,26.24,Maharashtra
19980414,0.0,39.5,25.07,Maharashtra
19980415,0.0,41.26,23.42,Maharashtra
19980416,0.0,39.61,23.82,Maharashtra
19980417,0.0,39.55,24.48,Maharashtra
19980418,0.0,41.53,24.2,Maharashtra
19980419,0.0,42.2,24.22,Maharashtra
19980420,0.0,41.94,22.78,Maharashtra
19980421,0.0,40.77,23.85,Maharashtra
19980422,0.0,40.11,24.17,Maharashtra
19980423,0.0,40.59,24.42,Maharashtra
19980424,0.0,40.87,23.76,Maharashtra
19980425,0.0,41.42,24.49,Maharashtra
19980426,0.0,40.56,25.6,Maharashtra
19980427,0.01,39.89,24.94,Maharashtra
19980428,0.1,39.95,24.51,Maharashtra
19980429,0.14,41.46,27.59,Maharashtra
19980430,0.01,41.01,26.97,Maharashtra
19980501,0.01,41.39,26.03,Maharashtra
19980502,0.01,42.17,25.92,Maharashtra
19980503,6.67,42.12,28.64,Maharashtra
19980504,1.45,41.81,27.56,Maharashtra
19980505,0.01,42.39,26.7,Maharashtra
19980506,0.0,42.83,26.01,Maharashtra
19980507,0.11,43.09,26.73,Maharashtra
19980508,0.11,42.95,28.94,Maharashtra
19980509,0.0,41.91,28.34,Maharashtra
19980510,0.0,40.64,23.75,Maharashtra
19980511,0.0,41.01,23.18,Maharashtra
19980512,0.02,41.28,23.41,Maharashtra
19980513,0.13,41.3,24.09,Maharashtra
19980514,0.38,39.83,28.02,Maharashtra
19980515,0.01,42.45,28.47,Maharashtra
19980516,0.0,43.37,28.44,Maharashtra
19980517,0.0,43.69,25.78,Maharashtra
19980518,0.0,43.25,26.24,Maharashtra
19980519,0.04,42.19,26.43,Maharashtra
19980520,0.04,42.2,25.37,Maharashtra
19980521,15.18,39.34,26.85,Maharashtra
19980522,2.73,40.48,25.92,Maharashtra
19980523,0.01,40.85,25.38,Maharashtra
19980524,0.0,42.83,24.98,Maharashtra
19980525,0.0,42.88,24.66,Maharashtra
19980526,0.0,42.64,23.66,Maharashtra
19980527,0.0,42.13,23.4,Maharashtra
19980528,0.0,41.39,23.42,Maharashtra
19980529,0.0,41.76,23.58,Maharashtra
19980530,0.0,41.48,24.19,Maharashtra
19980531,0.0,41.34,25.37,Maharashtra
19980601,0.0,42.07,26.11,Maharashtra
19980602,0.0,42.14,26.51,Maharashtra
19980603,0.0,41.03,26.07,Maharashtra
19980604,20.57,38.22,26.0,Maharashtra
19980605,6.0,38.52,24.05,Maharashtra
19980606,2.61,35.05,24.1,Maharashtra
19980607,2.39,36.02,24.16,Maharashtra
19980608,0.08,36.43,24.39,Maharashtra
19980609,0.14,37.45,22.95,Maharashtra
19980610,0.38,36.25,23.52,Maharashtra
19980611,5.01,37.04,23.48,Maharashtra
19980612,0.37,36.18,23.33,Maharashtra
19980613,0.0,36.19,22.54,Maharashtra
19980614,4.16,35.05,24.32,Maharashtra
19980615,51.56,28.52,22.68,Maharashtra
19980616,28.73,28.58,22.72,Maharashtra
19980617,1.05,33.39,23.52,Maharashtra
19980618,0.0,34.42,23.27,Maharashtra
19980619,14.53,33.95,23.84,Maharashtra
19980620,7.96,31.99,23.85,Maharashtra
19980621,0.04,35.54,23.32,Maharashtra
19980622,0.59,34.78,23.12,Maharashtra
19980623,1.05,34.27,23.93,Maharashtra
19980624,17.66,32.67,23.99,Maharashtra
19980625,2.55,34.2,24.07,Maharashtra
19980626,0.85,34.53,24.11,Maharashtra
19980627,3.28,32.33,24.31,Maharashtra
19980628,17.91,30.52,24.05,Maharashtra
19980629,27.16,29.52,23.58,Maharashtra
19980630,2.63,31.63,23.22,Maharashtra
19980701,6.4,32.55,23.96,Maharashtra
19980702,3.93,32.63,23.32,Maharashtra
19980703,3.58,30.87,22.3,Maharashtra
19980704,4.09,28.34,22.37,Maharashtra
19980705,2.5,28.26,22.83,Maharashtra
19980706,3.76,29.53,22.65,Maharashtra
19980707,6.64,28.61,22.77,Maharashtra
19980708,2.1,27.99,22.15,Maharashtra
19980709,1.39,29.77,21.59,Maharashtra
19980710,0.25,28.43,22.84,Maharashtra
19980711,0.09,32.14,22.54,Maharashtra
19980712,0.03,30.58,22.62,Maharashtra
19980713,0.12,32.31,22.39,Maharashtra
19980714,0.06,32.41,22.38,Maharashtra
19980715,0.88,30.5,22.8,Maharashtra
19980716,5.35,31.2,22.38,Maharashtra
19980717,5.46,29.8,22.5,Maharashtra
19980718,0.19,30.89,22.51,Maharashtra
19980719,0.67,30.47,22.45,Maharashtra
19980720,18.34,31.65,23.25,Maharashtra
19980721,2.29,30.94,23.85,Maharashtra
19980722,3.44,30.4,23.83,Maharashtra
19980723,1.75,31.85,23.31,Maharashtra
19980724,0.12,29.88,23.63,Maharashtra
19980725,1.92,31.11,22.6,Maharashtra
19980726,4.51,31.82,23.0,Maharashtra
19980727,31.47,29.82,23.33,Maharashtra
19980728,19.58,28.25,23.08,Maharashtra
19980729,6.9,28.78,22.98,Maharashtra
19980730,7.19,29.63,23.27,Maharashtra
19980731,4.11,29.16,23.27,Maharashtra
19980801,9.5,30.03,23.15,Maharashtra
19980802,35.64,29.79,22.54,Maharashtra
19980803,15.78,28.68,22.75,Maharashtra
19980804,0.64,29.68,22.49,Maharashtra
19980805,2.44,29.81,22.35,Maharashtra
19980806,0.35,28.93,22.37,Maharashtra
19980807,4.48,28.69,22.61,Maharashtra
19980808,7.33,28.52,22.47,Maharashtra
19980809,5.42,30.88,22.83,Maharashtra
19980810,57.59,27.53,22.6,Maharashtra
19980811,29.2,28.25,22.94,Maharashtra
19980812,0.73,28.73,22.67,Maharashtra
19980813,2.49,27.46,22.34,Maharashtra
19980814,3.08,29.18,22.36,Maharashtra
19980815,0.71,29.57,22.36,Maharashtra
19980816,0.63,28.94,22.2,Maharashtra
19980817,3.29,29.89,21.86,Maharashtra
19980818,0.33,30.45,21.53,Maharashtra
19980819,0.13,29.01,22.4,Maharashtra
19980820,0.41,28.54,22.55,Maharashtra
19980821,0.3,29.57,21.94,Maharashtra
19980822,18.49,28.87,22.65,Maharashtra
19980823,8.2,30.33,22.55,Maharashtra
19980824,29.64,29.28,23.38,Maharashtra
19980825,16.22,29.45,23.07,Maharashtra
19980826,5.31,29.97,23.11,Maharashtra
19980827,12.66,26.93,23.39,Maharashtra
19980828,6.02,29.68,23.16,Maharashtra
19980829,4.77,28.36,22.66,Maharashtra
19980830,1.25,29.54,21.73,Maharashtra
19980831,0.53,28.35,21.46,Maharashtra
19980901,0.69,28.43,21.86,Maharashtra
19980902,1.83,27.52,21.83,Maharashtra
19980903,0.41,27.97,21.3,Maharashtra
19980904,0.27,29.61,21.7,Maharashtra
19980905,2.55,26.47,22.08,Maharashtra
19980906,5.14,30.12,22.62,Maharashtra
19980907,4.29,28.66,22.8,Maharashtra
19980908,3.31,28.19,22.78,Maharashtra
19980909,9.14,27.25,23.34,Maharashtra
19980910,3.62,27.09,23.04,Maharashtra
19980911,5.97,28.94,22.86,Maharashtra
19980912,1.11,28.91,22.9,Maharashtra
19980913,5.98,28.83,22.04,Maharashtra
19980914,10.34,27.08,22.3,Maharashtra
19980915,14.11,26.25,21.93,Maharashtra
19980916,2.15,27.23,21.58,Maharashtra
19980917,1.57,28.76,21.2,Maharashtra
19980918,0.1,29.85,20.94,Maharashtra
19980919,0.39,29.8,20.97,Maharashtra
19980920,3.83,28.68,21.76,Maharashtra
19980921,31.84,28.37,21.99,Maharashtra
19980922,8.99,27.51,22.07,Maharashtra
19980923,0.06,28.39,21.28,Maharashtra
19980924,0.0,28.92,22.08,Maharashtra
19980925,1.69,29.39,22.38,Maharashtra
19980926,39.61,28.46,21.99,Maharashtra
19980927,0.63,29.47,20.99,Maharashtra
19980928,0.55,29.28,21.24,Maharashtra
19980929,1.77,29.38,22.16,Maharashtra
19980930,0.37,30.38,21.63,Maharashtra
19981001,20.14,29.63,21.48,Maharashtra
19981002,9.57,28.81,22.12,Maharashtra
19981003,3.5,29.03,21.31,Maharashtra
19981004,2.8,28.81,21.89,Maharashtra
19981005,3.03,29.55,21.31,Maharashtra
19981006,0.2,30.17,20.13,Maharashtra
19981007,19.95,28.45,21.32,Maharashtra
19981008,0.98,29.55,21.17,Maharashtra
19981009,3.4,29.5,21.45,Maharashtra
19981010,0.52,28.06,21.76,Maharashtra
19981011,2.65,29.09,21.42,Maharashtra
19981012,2.82,28.9,22.57,Maharashtra
19981013,17.18,29.35,22.13,Maharashtra
19981014,6.18,29.02,22.27,Maharashtra
19981015,9.95,29.1,22.15,Maharashtra
19981016,2.27,28.36,21.59,Maharashtra
19981017,0.52,28.85,20.44,Maharashtra
19981018,0.01,26.82,18.08,Maharashtra
19981019,0.11,26.47,17.75,Maharashtra
19981020,0.03,26.79,16.89,Maharashtra
19981021,0.02,26.99,16.38,Maharashtra
19981022,0.52,26.49,17.05,Maharashtra
19981023,2.19,25.64,19.11,Maharashtra
19981024,0.18,28.01,18.65,Maharashtra
19981025,0.34,28.71,17.75,Maharashtra
19981026,1.13,28.98,18.67,Maharashtra
19981027,0.0,29.41,19.14,Maharashtra
19981028,1.16,28.86,19.5,Maharashtra
19981029,0.43,27.87,18.2,Maharashtra
19981030,0.0,26.75,16.04,Maharashtra
19981031,0.51,23.78,15.65,Maharashtra
19981101,1.67,26.52,18.23,Maharashtra
19981102,0.12,29.01,20.35,Maharashtra
19981103,0.03,28.97,20.4,Maharashtra
19981104,0.16,28.4,20.38,Maharashtra
19981105,0.03,29.13,19.78,Maharashtra
19981106,0.03,28.15,17.44,Maharashtra
19981107,2.07,28.19,17.18,Maharashtra
19981108,11.5,26.99,20.54,Maharashtra
19981109,7.71,24.84,19.33,Maharashtra
19981110,10.81,27.01,18.35,Maharashtra
19981111,1.24,27.54,16.46,Maharashtra
19981112,0.0,26.06,13.7,Maharashtra
19981113,0.0,25.4,13.35,Maharashtra
19981114,0.0,25.66,13.71,Maharashtra
19981115,0.0,25.32,16.89,Maharashtra
19981116,0.0,26.19,15.3,Maharashtra
19981117,1.29,26.47,14.18,Maharashtra
19981118,6.95,26.13,15.42,Maharashtra
19981119,0.34,26.66,17.27,Maharashtra
19981120,0.01,26.67,16.71,Maharashtra
19981121,0.0,26.32,14.83,Maharashtra
19981122,0.0,26.28,14.67,Maharashtra
19981123,0.0,26.09,14.66,Maharashtra
19981124,0.0,25.73,13.17,Maharashtra
19981125,0.0,25.66,13.04,Maharashtra
19981126,0.0,26.04,13.74,Maharashtra
19981127,0.0,25.62,12.1,Maharashtra
19981128,0.0,24.69,11.32,Maharashtra
19981129,0.0,25.04,10.26,Maharashtra
19981130,0.0,26.32,12.14,Maharashtra
19981201,0.0,26.73,14.01,Maharashtra
19981202,0.0,26.51,14.61,Maharashtra
19981203,0.0,26.6,14.11,Maharashtra
19981204,0.0,25.68,11.85,Maharashtra
19981205,0.0,26.32,12.31,Maharashtra
19981206,0.0,26.85,12.91,Maharashtra
19981207,0.0,26.9,12.65,Maharashtra
19981208,0.0,26.84,11.76,Maharashtra
19981209,0.0,23.76,12.43,Maharashtra
19981210,0.0,25.42,11.48,Maharashtra
19981211,0.0,24.59,10.86,Maharashtra
19981212,0.0,25.14,10.53,Maharashtra
19981213,0.0,21.37,10.87,Maharashtra
19981214,0.0,23.48,10.12,Maharashtra
19981215,0.0,24.04,10.13,Maharashtra
19981216,0.0,26.17,13.01,Maharashtra
19981217,0.0,26.94,11.75,Maharashtra
19981218,0.0,27.26,12.34,Maharashtra
19981219,0.0,27.0,12.71,Maharashtra
19981220,0.0,26.87,12.55,Maharashtra
19981221,0.0,27.24,10.63,Maharashtra
19981222,0.0,27.24,10.92,Maharashtra
19981223,0.0,27.32,11.97,Maharashtra
19981224,0.0,27.49,10.72,Maharashtra
19981225,0.0,26.5,11.22,Maharashtra
19981226,0.0,25.58,10.1,Maharashtra
19981227,0.0,26.4,9.02,Maharashtra
19981228,0.0,26.62,9.28,Maharashtra
19981229,0.0,27.27,9.88,Maharashtra
19981230,0.0,26.83,11.3,Maharashtra
19981231,0.0,27.53,10.22,Maharashtra
19990101,0.0,27.08,9.48,Maharashtra
19990102,0.0,26.72,9.39,Maharashtra
19990103,0.0,26.61,8.69,Maharashtra
19990104,0.0,27.03,9.13,Maharashtra
19990105,0.0,27.56,9.57,Maharashtra
19990106,0.0,25.45,10.74,Maharashtra
19990107,0.0,24.6,10.55,Maharashtra
19990108,0.0,24.32,6.48,Maharashtra
19990109,0.0,26.72,7.54,Maharashtra
19990110,0.0,26.04,7.97,Maharashtra
19990111,0.0,26.22,7.43,Maharashtra
19990112,0.0,27.95,8.77,Maharashtra
19990113,0.0,27.87,11.29,Maharashtra
19990114,0.0,27.68,10.26,Maharashtra
19990115,0.0,28.17,10.24,Maharashtra
19990116,0.0,29.44,11.25,Maharashtra
19990117,0.0,29.31,13.2,Maharashtra
19990118,0.0,29.14,11.63,Maharashtra
19990119,0.0,29.37,11.05,Maharashtra
19990120,0.0,29.51,10.87,Maharashtra
19990121,0.0,30.33,10.87,Maharashtra
19990122,0.0,30.61,13.18,Maharashtra
19990123,0.0,29.93,11.96,Maharashtra
19990124,0.0,30.94,12.78,Maharashtra
19990125,0.0,30.72,12.37,Maharashtra
19990126,0.0,31.8,14.04,Maharashtra
19990127,0.0,31.57,13.52,Maharashtra
19990128,0.0,30.19,12.04,Maharashtra
19990129,0.0,30.62,10.84,Maharashtra
19990130,0.0,31.66,13.1,Maharashtra
19990131,0.0,30.89,10.99,Maharashtra
19990201,0.0,32.08,11.19,Maharashtra
19990202,0.0,30.25,12.27,Maharashtra
19990203,0.55,32.17,14.79,Maharashtra
19990204,0.86,30.8,16.38,Maharashtra
19990205,0.01,31.58,14.82,Maharashtra
19990206,0.0,33.33,17.96,Maharashtra
19990207,0.21,33.76,19.84,Maharashtra
19990208,8.6,29.8,19.59,Maharashtra
19990209,0.0,30.82,14.03,Maharashtra
19990210,0.0,30.56,12.81,Maharashtra
19990211,0.0,31.95,14.22,Maharashtra
19990212,0.0,33.27,17.51,Maharashtra
19990213,0.0,33.03,17.46,Maharashtra
19990214,0.0,33.38,16.53,Maharashtra
19990215,0.0,34.01,16.37,Maharashtra
19990216,0.02,34.35,16.96,Maharashtra
19990217,0.0,34.31,20.48,Maharashtra
19990218,0.0,34.98,20.47,Maharashtra
19990219,0.0,35.54,18.96,Maharashtra
19990220,0.02,35.58,16.95,Maharashtra
19990221,0.0,35.36,17.32,Maharashtra
19990222,0.0,35.97,17.21,Maharashtra
19990223,0.0,35.99,20.12,Maharashtra
19990224,0.0,36.36,18.47,Maharashtra
19990225,0.0,36.91,18.07,Maharashtra
19990226,0.0,36.43,18.45,Maharashtra
19990227,0.0,37.31,18.9,Maharashtra
19990228,0.0,36.97,19.27,Maharashtra
19990301,0.0,35.94,17.59,Maharashtra
19990302,0.0,36.07,18.59,Maharashtra
19990303,0.0,36.59,17.26,Maharashtra
19990304,0.0,37.54,19.53,Maharashtra
19990305,0.0,37.28,20.26,Maharashtra
19990306,0.0,37.99,19.85,Maharashtra
19990307,0.0,38.26,18.88,Maharashtra
19990308,0.0,38.5,18.96,Maharashtra
19990309,0.0,37.74,20.57,Maharashtra
19990310,0.0,37.85,19.44,Maharashtra
19990311,0.0,37.25,19.21,Maharashtra
19990312,0.0,36.23,18.86,Maharashtra
19990313,0.0,37.11,18.46,Maharashtra
19990314,0.0,38.05,19.49,Maharashtra
19990315,0.0,38.61,20.16,Maharashtra
19990316,0.0,39.38,19.85,Maharashtra
19990317,0.0,38.12,20.37,Maharashtra
19990318,0.0,36.95,19.82,Maharashtra
19990319,0.0,37.91,19.66,Maharashtra
19990320,0.0,36.88,18.99,Maharashtra
19990321,0.0,38.22,17.78,Maharashtra
19990322,0.0,39.02,17.85,Maharashtra
19990323,0.0,39.3,18.55,Maharashtra
19990324,0.0,39.41,18.46,Maharashtra
19990325,0.0,38.63,18.31,Maharashtra
19990326,0.0,38.55,19.66,Maharashtra
19990327,0.0,39.72,19.44,Maharashtra
19990328,0.0,40.36,19.96,Maharashtra
19990329,0.0,41.24,22.64,Maharashtra
19990330,0.0,42.47,20.27,Maharashtra
19990331,0.0,42.14,23.04,Maharashtra
19990401,0.0,40.74,22.2,Maharashtra
19990402,0.0,38.68,22.38,Maharashtra
19990403,0.0,40.47,20.94,Maharashtra
19990404,0.0,41.42,21.26,Maharashtra
19990405,0.0,41.58,21.57,Maharashtra
19990406,0.0,42.03,21.65,Maharashtra
19990407,0.0,42.54,21.51,Maharashtra
19990408,0.0,42.76,23.55,Maharashtra
19990409,0.0,42.17,22.92,Maharashtra
19990410,0.0,42.55,23.96,Maharashtra
19990411,0.0,42.35,24.17,Maharashtra
19990412,0.0,41.71,22.45,Maharashtra
19990413,0.0,40.8,23.15,Maharashtra
19990414,0.0,39.76,22.2,Maharashtra
19990415,0.0,39.76,20.79,Maharashtra
19990416,0.0,40.2,19.92,Maharashtra
19990417,0.0,40.43,20.23,Maharashtra
19990418,0.0,40.45,18.88,Maharashtra
19990419,0.0,40.48,20.87,Maharashtra
19990420,0.0,40.62,21.24,Maharashtra
19990421,0.0,41.97,21.88,Maharashtra
19990422,0.0,42.57,24.32,Maharashtra
19990423,0.0,42.34,25.09,Maharashtra
19990424,0.0,42.33,23.76,Maharashtra
19990425,0.0,42.62,24.25,Maharashtra
19990426,0.0,41.78,23.78,Maharashtra
19990427,0.0,41.45,25.7,Maharashtra
19990428,0.0,41.62,24.77,Maharashtra
19990429,0.0,42.27,24.31,Maharashtra
19990430,0.0,43.13,25.22,Maharashtra
19990501,0.0,43.63,24.8,Maharashtra
19990502,0.0,43.29,23.8,Maharashtra
19990503,0.0,43.07,24.48,Maharashtra
19990504,0.0,42.76,24.3,Maharashtra
19990505,0.0,42.94,25.47,Maharashtra
19990506,0.04,42.78,27.14,Maharashtra
19990507,0.01,41.38,28.28,Maharashtra
19990508,0.0,39.27,25.92,Maharashtra
19990509,0.0,40.9,24.1,Maharashtra
19990510,0.0,40.83,23.93,Maharashtra
19990511,0.0,40.83,24.24,Maharashtra
19990512,3.03,41.38,24.95,Maharashtra
19990513,0.07,41.31,25.44,Maharashtra
19990514,0.0,40.66,24.38,Maharashtra
19990515,0.17,41.01,25.93,Maharashtra
19990516,14.7,41.73,27.09,Maharashtra
19990517,3.4,35.35,25.0,Maharashtra
19990518,2.96,31.92,23.57,Maharashtra
19990519,1.02,32.45,22.44,Maharashtra
19990520,0.11,33.54,22.97,Maharashtra
19990521,0.03,33.95,22.71,Maharashtra
19990522,0.0,35.43,22.87,Maharashtra
19990523,6.1,34.7,23.6,Maharashtra
19990524,1.66,34.04,22.88,Maharashtra
19990525,7.81,33.97,22.72,Maharashtra
19990526,0.26,35.06,21.58,Maharashtra
19990527,0.02,36.36,21.95,Maharashtra
19990528,0.0,37.02,22.89,Maharashtra
19990529,0.0,37.79,22.88,Maharashtra
19990530,0.0,38.07,23.25,Maharashtra
19990531,0.09,34.53,23.73,Maharashtra
19990601,1.57,36.01,23.61,Maharashtra
19990602,0.19,37.42,23.08,Maharashtra
19990603,0.14,38.75,22.41,Maharashtra
19990604,0.02,39.76,22.64,Maharashtra
19990605,0.03,39.38,22.66,Maharashtra
19990606,0.0,39.76,23.52,Maharashtra
19990607,0.0,39.85,23.68,Maharashtra
19990608,0.01,40.47,23.46,Maharashtra
19990609,3.21,38.88,23.91,Maharashtra
19990610,20.01,35.99,24.37,Maharashtra
19990611,58.12,28.76,23.89,Maharashtra
19990612,5.43,30.06,23.45,Maharashtra
19990613,7.45,28.42,22.4,Maharashtra
19990614,17.22,29.69,22.96,Maharashtra
19990615,4.05,30.82,22.47,Maharashtra
19990616,1.55,31.73,21.43,Maharashtra
19990617,4.02,30.56,20.74,Maharashtra
19990618,19.76,28.76,21.48,Maharashtra
19990619,11.35,28.66,22.85,Maharashtra
19990620,1.49,29.94,22.1,Maharashtra
19990621,0.49,28.91,22.58,Maharashtra
19990622,5.19,31.49,22.1,Maharashtra
19990623,16.88,29.18,21.53,Maharashtra
19990624,4.89,29.53,21.46,Maharashtra
19990625,0.47,30.8,22.4,Maharashtra
19990626,0.02,32.69,22.21,Maharashtra
19990627,0.15,32.97,22.34,Maharashtra
19990628,0.58,31.54,22.91,Maharashtra
19990629,0.1,32.06,22.61,Maharashtra
19990630,0.03,32.16,22.22,Maharashtra
19990701,0.06,32.28,21.98,Maharashtra
19990702,0.04,32.63,21.77,Maharashtra
19990703,0.01,33.71,21.74,Maharashtra
19990704,0.02,33.56,21.68,Maharashtra
19990705,0.67,31.57,22.73,Maharashtra
19990706,11.3,31.22,22.92,Maharashtra
19990707,26.15,30.25,22.59,Maharashtra
19990708,3.27,30.88,22.51,Maharashtra
19990709,0.31,32.6,22.47,Maharashtra
19990710,0.88,29.11,23.18,Maharashtra
19990711,1.39,28.53,22.8,Maharashtra
19990712,2.62,30.41,22.14,Maharashtra
19990713,0.17,31.98,22.34,Maharashtra
19990714,1.49,30.21,22.9,Maharashtra
19990715,3.84,29.16,22.76,Maharashtra
19990716,19.75,28.38,22.49,Maharashtra
19990717,1.75,29.52,22.53,Maharashtra
19990718,7.04,29.38,22.41,Maharashtra
19990719,3.88,28.29,22.72,Maharashtra
19990720,3.36,30.16,22.31,Maharashtra
19990721,5.67,30.66,22.02,Maharashtra
19990722,1.17,31.03,21.88,Maharashtra
19990723,2.02,29.22,22.69,Maharashtra
19990724,0.99,29.68,22.58,Maharashtra
19990725,0.36,30.18,22.27,Maharashtra
19990726,0.2,30.0,22.37,Maharashtra
19990727,1.56,27.07,21.69,Maharashtra
19990728,0.25,27.78,21.35,Maharashtra
19990729,0.28,30.82,21.97,Maharashtra
19990730,0.91,32.31,21.79,Maharashtra
19990731,0.29,30.33,22.1,Maharashtra
19990801,4.88,28.98,22.19,Maharashtra
19990802,3.45,28.32,22.14,Maharashtra
19990803,2.75,26.9,21.55,Maharashtra
19990804,5.68,27.76,21.33,Maharashtra
19990805,14.98,27.72,21.5,Maharashtra
19990806,6.61,28.54,21.5,Maharashtra
19990807,2.77,27.55,22.07,Maharashtra
19990808,9.64,26.81,21.39,Maharashtra
19990809,19.31,26.08,21.42,Maharashtra
19990810,0.57,29.36,21.63,Maharashtra
19990811,0.04,31.82,21.27,Maharashtra
19990812,0.42,30.7,21.13,Maharashtra
19990813,2.29,29.65,21.04,Maharashtra
19990814,0.84,30.81,21.23,Maharashtra
19990815,0.04,31.4,21.1,Maharashtra
19990816,0.0,31.27,21.15,Maharashtra
19990817,0.0,31.86,21.62,Maharashtra
19990818,0.06,31.79,21.55,Maharashtra
19990819,0.11,32.14,21.3,Maharashtra
19990820,0.35,29.86,22.82,Maharashtra
19990821,0.09,26.0,21.89,Maharashtra
19990822,0.07,31.72,20.53,Maharashtra
19990823,0.02,31.3,21.5,Maharashtra
19990824,0.0,31.75,21.85,Maharashtra
19990825,0.03,31.08,21.74,Maharashtra
19990826,0.57,30.55,21.82,Maharashtra
19990827,0.21,30.39,21.94,Maharashtra
19990828,0.06,32.88,21.41,Maharashtra
19990829,4.7,31.79,21.2,Maharashtra
19990830,1.63,32.21,21.67,Maharashtra
19990831,0.12,32.91,21.54,Maharashtra
19990901,0.47,33.06,21.63,Maharashtra
19990902,0.21,32.85,21.52,Maharashtra
19990903,0.28,31.0,21.21,Maharashtra
19990904,0.3,32.82,21.53,Maharashtra
19990905,0.21,32.93,21.66,Maharashtra
19990906,3.78,32.77,21.42,Maharashtra
19990907,2.59,30.63,21.48,Maharashtra
19990908,16.19,29.4,21.41,Maharashtra
19990909,3.36,29.01,22.0,Maharashtra
19990910,18.63,29.02,22.15,Maharashtra
19990911,19.79,27.61,22.01,Maharashtra
19990912,6.43,27.58,21.36,Maharashtra
19990913,2.4,28.36,21.57,Maharashtra
19990914,9.96,26.98,21.59,Maharashtra
19990915,1.79,30.27,21.11,Maharashtra
19990916,0.16,29.52,20.58,Maharashtra
19990917,0.24,30.73,20.43,Maharashtra
19990918,0.33,31.05,19.75,Maharashtra
19990919,0.2,31.23,20.71,Maharashtra
19990920,0.75,29.32,21.03,Maharashtra
19990921,14.24,30.03,21.18,Maharashtra
19990922,7.59,29.61,20.96,Maharashtra
19990923,1.89,30.27,21.58,Maharashtra
19990924,3.67,29.61,21.6,Maharashtra
19990925,3.21,28.98,21.96,Maharashtra
19990926,0.44,29.84,21.72,Maharashtra
19990927,3.89,28.99,21.14,Maharashtra
19990928,22.94,28.73,21.88,Maharashtra
19990929,6.47,28.97,21.4,Maharashtra
19990930,4.55,29.14,21.42,Maharashtra
19991001,2.09,30.17,21.15,Maharashtra
19991002,14.68,29.04,21.84,Maharashtra
19991003,8.41,28.78,21.24,Maharashtra
19991004,0.83,27.88,21.42,Maharashtra
19991005,6.51,29.25,20.86,Maharashtra
19991006,5.88,29.48,20.41,Maharashtra
19991007,7.73,29.43,21.48,Maharashtra
19991008,9.71,28.12,22.26,Maharashtra
19991009,6.13,30.38,21.43,Maharashtra
19991010,1.48,30.57,20.83,Maharashtra
19991011,1.07,30.39,19.92,Maharashtra
19991012,5.05,29.36,21.45,Maharashtra
19991013,4.59,27.25,21.44,Maharashtra
19991014,2.97,28.58,20.23,Maharashtra
19991015,0.46,28.16,18.31,Maharashtra
19991016,0.04,29.12,17.37,Maharashtra
19991017,0.0,29.25,16.96,Maharashtra
19991018,0.0,28.65,15.46,Maharashtra
19991019,0.0,29.48,15.73,Maharashtra
19991020,0.0,30.07,15.94,Maharashtra
19991021,0.0,29.71,15.51,Maharashtra
19991022,0.0,28.67,15.46,Maharashtra
19991023,0.0,28.15,14.55,Maharashtra
19991024,0.0,28.22,13.7,Maharashtra
19991025,0.0,29.82,14.96,Maharashtra
19991026,0.94,30.21,19.52,Maharashtra
19991027,0.11,31.16,17.6,Maharashtra
19991028,0.0,30.74,16.81,Maharashtra
19991029,0.0,30.95,15.0,Maharashtra
19991030,0.0,30.72,14.04,Maharashtra
19991031,0.0,30.76,14.0,Maharashtra
19991101,0.0,30.55,16.43,Maharashtra
19991102,0.0,30.71,14.83,Maharashtra
19991103,0.0,30.86,16.02,Maharashtra
19991104,0.0,30.97,15.58,Maharashtra
19991105,0.0,31.73,15.8,Maharashtra
19991106,0.0,31.17,17.45,Maharashtra
19991107,0.0,30.91,19.16,Maharashtra
19991108,0.0,31.26,18.99,Maharashtra
19991109,0.0,31.8,17.02,Maharashtra
19991110,0.0,32.14,15.0,Maharashtra
19991111,0.0,31.21,14.82,Maharashtra
19991112,0.0,31.08,14.59,Maharashtra
19991113,0.0,30.98,15.36,Maharashtra
19991114,0.0,31.11,16.01,Maharashtra
19991115,0.0,30.88,14.2,Maharashtra
19991116,0.0,31.0,14.84,Maharashtra
19991117,0.0,30.6,14.05,Maharashtra
19991118,0.0,29.96,13.24,Maharashtra
19991119,0.0,29.97,12.82,Maharashtra
19991120,0.0,29.73,12.29,Maharashtra
19991121,0.0,28.86,11.39,Maharashtra
19991122,0.0,27.52,11.42,Maharashtra
19991123,0.0,28.09,12.08,Maharashtra
19991124,0.0,28.07,14.48,Maharashtra
19991125,0.0,30.79,15.31,Maharashtra
19991126,0.0,31.28,15.09,Maharashtra
19991127,0.0,31.01,12.95,Maharashtra
19991128,0.0,30.4,11.57,Maharashtra
19991129,0.0,31.04,10.96,Maharashtra
19991130,0.0,31.59,11.48,Maharashtra
19991201,0.0,30.8,11.32,Maharashtra
19991202,0.0,30.41,12.18,Maharashtra
19991203,0.0,29.49,10.83,Maharashtra
19991204,0.0,29.39,10.3,Maharashtra
19991205,0.0,29.63,10.56,Maharashtra
19991206,0.0,30.09,11.18,Maharashtra
19991207,0.0,30.3,11.95,Maharashtra
19991208,0.0,30.3,13.28,Maharashtra
19991209,0.0,29.26,13.2,Maharashtra
19991210,0.0,28.93,12.62,Maharashtra
19991211,0.0,27.14,9.97,Maharashtra
19991212,0.0,27.56,8.61,Maharashtra
19991213,0.0,29.3,9.35,Maharashtra
19991214,0.0,30.65,10.31,Maharashtra
19991215,0.0,30.62,11.75,Maharashtra
19991216,0.0,30.64,11.34,Maharashtra
19991217,0.0,30.62,10.72,Maharashtra
19991218,0.0,30.56,10.62,Maharashtra
19991219,0.0,30.26,10.73,Maharashtra
19991220,0.0,29.28,10.13,Maharashtra
19991221,0.0,29.18,9.76,Maharashtra
19991222,0.0,30.05,9.85,Maharashtra
19991223,0.0,30.65,11.37,Maharashtra
19991224,0.0,30.92,12.45,Maharashtra
19991225,0.0,29.48,14.22,Maharashtra
19991226,0.0,30.49,14.28,Maharashtra
19991227,0.0,30.27,14.47,Maharashtra
19991228,0.0,31.17,14.09,Maharashtra
19991229,0.0,30.98,12.49,Maharashtra
19991230,0.0,30.97,12.82,Maharashtra
19991231,0.0,30.69,12.39,Maharashtra
20000101,0.0,30.14,11.67,Maharashtra
20000102,0.0,29.82,11.87,Maharashtra
20000103,0.0,29.87,12.0,Maharashtra
20000104,0.0,29.89,11.85,Maharashtra
20000105,0.0,29.59,10.58,Maharashtra
20000106,0.0,29.26,11.0,Maharashtra
20000107,0.0,29.21,10.11,Maharashtra
20000108,0.0,31.09,10.23,Maharashtra
20000109,0.0,32.37,11.37,Maharashtra
20000110,0.0,32.9,12.56,Maharashtra
20000111,0.0,33.33,13.45,Maharashtra
20000112,0.0,32.18,14.45,Maharashtra
20000113,0.0,31.91,15.23,Maharashtra
20000114,0.0,31.84,13.21,Maharashtra
20000115,0.0,30.5,12.96,Maharashtra
20000116,0.0,31.82,12.56,Maharashtra
20000117,0.0,32.23,15.63,Maharashtra
20000118,0.0,33.22,16.2,Maharashtra
20000119,0.0,33.74,15.9,Maharashtra
20000120,0.0,33.4,14.6,Maharashtra
20000121,0.0,32.99,13.43,Maharashtra
20000122,0.0,31.48,13.52,Maharashtra
20000123,0.0,30.49,13.81,Maharashtra
20000124,0.0,31.36,14.29,Maharashtra
20000125,0.0,32.06,13.0,Maharashtra
20000126,0.0,31.93,12.6,Maharashtra
20000127,0.0,31.82,13.93,Maharashtra
20000128,0.0,31.32,13.11,Maharashtra
20000129,0.0,31.62,12.18,Maharashtra
20000130,0.0,32.89,12.85,Maharashtra
20000131,0.0,33.33,13.98,Maharashtra
20000201,0.0,32.85,12.33,Maharashtra
20000202,0.0,32.27,12.63,Maharashtra
20000203,0.0,31.44,13.68,Maharashtra
20000204,0.0,33.49,13.53,Maharashtra
20000205,0.0,29.46,13.5,Maharashtra
20000206,0.0,29.91,10.73,Maharashtra
20000207,0.0,30.95,11.99,Maharashtra
20000208,0.0,31.32,12.85,Maharashtra
20000209,0.0,31.57,12.45,Maharashtra
20000210,0.0,33.67,13.22,Maharashtra
20000211,0.0,29.9,13.09,Maharashtra
20000212,0.0,30.26,12.22,Maharashtra
20000213,0.0,31.39,12.05,Maharashtra
20000214,0.0,31.66,14.34,Maharashtra
20000215,0.0,32.27,17.54,Maharashtra
20000216,0.0,34.01,19.91,Maharashtra
20000217,0.0,31.22,14.62,Maharashtra
20000218,0.0,30.79,11.1,Maharashtra
20000219,0.0,32.48,12.5,Maharashtra
20000220,0.0,31.51,11.58,Maharashtra
20000221,0.0,31.67,11.23,Maharashtra
20000222,0.0,33.44,13.53,Maharashtra
20000223,3.28,29.02,18.91,Maharashtra
20000224,2.1,28.19,17.02,Maharashtra
20000225,0.05,31.01,16.29,Maharashtra
20000226,0.01,32.29,18.36,Maharashtra
20000227,0.0,33.67,15.51,Maharashtra
20000228,0.0,34.05,15.25,Maharashtra
20000229,0.0,35.11,16.41,Maharashtra
20000301,0.0,36.81,15.76,Maharashtra
20000302,0.0,35.86,16.11,Maharashtra
20000303,0.0,36.02,16.82,Maharashtra
20000304,0.0,35.55,16.42,Maharashtra
20000305,0.0,34.13,14.28,Maharashtra
20000306,0.0,35.07,14.31,Maharashtra
20000307,0.0,33.31,14.12,Maharashtra
20000308,0.0,33.32,14.61,Maharashtra
20000309,0.0,34.87,13.01,Maharashtra
20000310,0.0,36.51,13.45,Maharashtra
20000311,0.0,37.41,15.33,Maharashtra
20000312,0.0,36.24,16.29,Maharashtra
20000313,0.0,35.14,14.81,Maharashtra
20000314,0.0,33.97,14.92,Maharashtra
20000315,0.0,35.43,15.32,Maharashtra
20000316,0.0,35.82,15.17,Maharashtra
20000317,0.0,37.72,15.88,Maharashtra
20000318,0.0,36.09,17.21,Maharashtra
20000319,0.0,37.14,17.82,Maharashtra
20000320,0.0,37.28,16.83,Maharashtra
20000321,0.0,38.16,18.71,Maharashtra
20000322,0.0,36.85,17.36,Maharashtra
20000323,0.0,35.87,18.01,Maharashtra
20000324,0.0,36.18,16.52,Maharashtra
20000325,0.0,36.87,17.77,Maharashtra
20000326,0.09,36.95,17.88,Maharashtra
20000327,0.0,37.5,18.67,Maharashtra
20000328,0.0,37.77,18.97,Maharashtra
20000329,0.0,39.07,19.01,Maharashtra
20000330,0.0,39.71,20.85,Maharashtra
20000331,0.0,40.51,21.1,Maharashtra
20000401,0.0,40.78,19.81,Maharashtra
20000402,0.0,40.85,19.5,Maharashtra
20000403,0.0,41.07,21.05,Maharashtra
20000404,0.0,41.26,23.28,Maharashtra
20000405,0.0,40.47,22.74,Maharashtra
20000406,0.06,41.32,23.67,Maharashtra
20000407,0.04,40.98,22.47,Maharashtra
20000408,0.0,41.05,23.42,Maharashtra
20000409,0.0,41.02,24.09,Maharashtra
20000410,0.0,41.19,21.82,Maharashtra
20000411,0.0,41.69,21.27,Maharashtra
20000412,0.0,42.26,21.57,Maharashtra
20000413,0.0,42.07,21.82,Maharashtra
20000414,0.0,41.34,22.98,Maharashtra
20000415,0.0,40.32,22.12,Maharashtra
20000416,0.0,40.85,22.14,Maharashtra
20000417,0.0,40.41,23.09,Maharashtra
20000418,0.79,41.49,23.39,Maharashtra
20000419,0.0,40.9,22.88,Maharashtra
20000420,0.0,41.79,23.55,Maharashtra
20000421,0.0,41.66,23.19,Maharashtra
20000422,0.0,40.3,24.35,Maharashtra
20000423,0.0,40.28,25.18,Maharashtra
20000424,0.0,40.42,23.56,Maharashtra
20000425,0.0,41.37,22.75,Maharashtra
20000426,0.0,42.08,22.64,Maharashtra
20000427,0.0,42.46,23.04,Maharashtra
20000428,0.0,42.5,24.01,Maharashtra
20000429,0.0,41.85,22.81,Maharashtra
20000430,0.0,40.93,23.58,Maharashtra
20000501,0.0,41.92,23.87,Maharashtra
20000502,0.0,42.74,24.29,Maharashtra
20000503,0.0,43.03,25.37,Maharashtra
20000504,0.0,42.34,24.96,Maharashtra
20000505,0.13,42.29,25.24,Maharashtra
20000506,0.23,42.94,25.95,Maharashtra
20000507,0.19,40.64,27.22,Maharashtra
20000508,0.03,36.42,23.82,Maharashtra
20000509,5.21,39.02,25.49,Maharashtra
20000510,0.7,38.08,25.3,Maharashtra
20000511,0.14,39.13,25.14,Maharashtra
20000512,0.0,38.12,24.67,Maharashtra
20000513,0.0,38.8,23.74,Maharashtra
20000514,0.0,37.8,23.88,Maharashtra
20000515,0.02,35.2,24.41,Maharashtra
20000516,0.01,33.43,24.72,Maharashtra
20000517,3.15,37.21,23.0,Maharashtra
20000518,12.97,30.59,23.49,Maharashtra
20000519,1.58,34.18,22.84,Maharashtra
20000520,0.29,34.21,22.09,Maharashtra
20000521,0.07,36.62,22.2,Maharashtra
20000522,0.01,36.94,23.63,Maharashtra
20000523,0.0,37.7,23.61,Maharashtra
20000524,0.0,37.16,24.0,Maharashtra
20000525,0.62,39.07,24.57,Maharashtra
20000526,1.33,39.72,24.73,Maharashtra
20000527,20.09,37.38,25.02,Maharashtra
20000528,0.75,33.05,24.68,Maharashtra
20000529,25.21,32.1,24.65,Maharashtra
20000530,4.99,32.61,23.69,Maharashtra
20000531,70.44,30.52,23.28,Maharashtra
20000601,1.69,32.2,22.7,Maharashtra
20000602,3.21,32.7,23.37,Maharashtra
20000603,3.05,31.54,24.75,Maharashtra
20000604,11.92,32.13,23.62,Maharashtra
20000605,10.3,34.06,23.62,Maharashtra
20000606,6.42,32.53,24.62,Maharashtra
20000607,9.97,30.95,23.47,Maharashtra
20000608,19.02,29.21,21.89,Maharashtra
20000609,0.56,29.0,23.49,Maharashtra
20000610,0.2,32.51,22.22,Maharashtra
20000611,0.02,33.76,22.92,Maharashtra
20000612,0.02,33.41,22.45,Maharashtra
20000613,0.09,33.15,21.98,Maharashtra
20000614,0.77,33.05,22.28,Maharashtra
20000615,0.84,33.75,22.15,Maharashtra
20000616,0.0,33.93,22.94,Maharashtra
20000617,0.0,32.97,22.65,Maharashtra
20000618,0.01,33.07,22.3,Maharashtra
20000619,0.38,31.33,23.03,Maharashtra
20000620,0.04,33.57,22.53,Maharashtra
20000621,0.0,33.86,22.75,Maharashtra
20000622,0.36,32.86,22.95,Maharashtra
20000623,0.08,34.19,22.42,Maharashtra
20000624,0.03,32.85,22.72,Maharashtra
20000625,0.05,34.46,22.28,Maharashtra
20000626,0.03,35.41,22.03,Maharashtra
20000627,0.06,35.3,22.42,Maharashtra
20000628,0.32,30.87,22.92,Maharashtra
20000629,15.21,28.05,23.11,Maharashtra
20000630,14.25,29.71,22.87,Maharashtra
20000701,0.78,29.89,22.65,Maharashtra
20000702,0.84,29.96,23.02,Maharashtra
20000703,4.18,30.45,22.5,Maharashtra
20000704,0.51,33.27,22.3,Maharashtra
20000705,0.25,32.65,23.14,Maharashtra
20000706,0.22,33.08,23.4,Maharashtra
20000707,28.91,29.19,23.33,Maharashtra
20000708,14.88,30.64,22.74,Maharashtra
20000709,3.76,30.25,22.62,Maharashtra
20000710,1.69,28.72,22.63,Maharashtra
20000711,5.75,28.19,22.66,Maharashtra
20000712,38.53,26.41,21.41,Maharashtra
20000713,12.67,28.55,20.31,Maharashtra
20000714,0.23,31.0,21.83,Maharashtra
20000715,0.23,29.71,21.48,Maharashtra
20000716,0.24,29.41,21.42,Maharashtra
20000717,1.84,29.45,21.46,Maharashtra
20000718,3.1,27.59,22.01,Maharashtra
20000719,1.59,28.24,21.64,Maharashtra
20000720,0.11,29.91,21.59,Maharashtra
20000721,0.01,30.9,20.9,Maharashtra
20000722,0.01,31.3,20.54,Maharashtra
20000723,0.4,31.57,20.51,Maharashtra
20000724,0.01,31.98,20.78,Maharashtra
20000725,0.0,31.8,20.39,Maharashtra
20000726,0.0,30.79,21.46,Maharashtra
20000727,0.0,29.67,21.27,Maharashtra
20000728,0.0,32.08,21.3,Maharashtra
20000729,0.0,32.32,22.09,Maharashtra
20000730,0.0,32.94,21.68,Maharashtra
20000731,0.0,31.29,21.6,Maharashtra
20000801,0.0,33.04,21.17,Maharashtra
20000802,0.0,33.48,21.19,Maharashtra
20000803,0.01,33.69,21.4,Maharashtra
20000804,0.01,33.61,21.76,Maharashtra
20000805,0.4,33.58,22.24,Maharashtra
20000806,0.64,32.38,22.83,Maharashtra
20000807,1.02,29.95,22.77,Maharashtra
20000808,0.19,30.93,22.45,Maharashtra
20000809,11.82,27.49,22.01,Maharashtra
20000810,4.34,27.31,21.63,Maharashtra
20000811,77.72,25.19,21.35,Maharashtra
20000812,7.05,30.71,21.14,Maharashtra
20000813,0.21,29.86,21.62,Maharashtra
20000814,0.23,31.24,21.1,Maharashtra
20000815,0.27,30.99,21.62,Maharashtra
20000816,0.03,30.22,20.8,Maharashtra
20000817,3.83,29.46,21.54,Maharashtra
20000818,0.77,29.72,21.5,Maharashtra
20000819,1.69,28.71,21.5,Maharashtra
20000820,12.29,28.64,21.28,Maharashtra
20000821,4.53,30.02,21.47,Maharashtra
20000822,0.39,28.61,22.27,Maharashtra
20000823,37.14,29.01,23.35,Maharashtra
20000824,53.82,30.21,22.89,Maharashtra
20000825,11.27,30.48,23.58,Maharashtra
20000826,33.66,29.38,22.07,Maharashtra
20000827,17.04,27.81,21.86,Maharashtra
20000828,6.47,28.44,21.9,Maharashtra
20000829,5.36,28.46,21.44,Maharashtra
20000830,1.85,27.17,21.48,Maharashtra
20000831,2.44,30.0,21.09,Maharashtra
20000901,1.89,30.3,21.03,Maharashtra
20000902,0.91,30.29,20.96,Maharashtra
20000903,0.14,29.85,20.92,Maharashtra
20000904,0.07,29.72,20.42,Maharashtra
20000905,0.13,29.88,20.54,Maharashtra
20000906,0.78,27.72,20.89,Maharashtra
20000907,0.06,28.29,21.05,Maharashtra
20000908,0.01,28.8,20.77,Maharashtra
20000909,0.0,28.95,20.74,Maharashtra
20000910,0.01,29.9,20.35,Maharashtra
20000911,0.0,29.64,19.58,Maharashtra
20000912,0.0,29.67,19.13,Maharashtra
20000913,0.0,30.29,19.5,Maharashtra
20000914,0.09,30.7,19.56,Maharashtra
20000915,0.03,30.98,19.26,Maharashtra
20000916,0.0,31.14,20.13,Maharashtra
20000917,0.02,31.79,20.52,Maharashtra
20000918,0.0,30.6,21.06,Maharashtra
20000919,0.19,30.89,20.66,Maharashtra
20000920,0.01,31.03,20.5,Maharashtra
20000921,6.67,31.24,22.07,Maharashtra
20000922,4.74,30.18,22.72,Maharashtra
20000923,12.32,28.81,21.63,Maharashtra
20000924,1.63,28.93,21.46,Maharashtra
20000925,1.64,30.31,21.32,Maharashtra
20000926,35.6,29.49,21.01,Maharashtra
20000927,1.09,30.1,20.54,Maharashtra
20000928,0.05,29.33,20.87,Maharashtra
20000929,0.13,30.89,21.15,Maharashtra
20000930,0.01,31.31,19.88,Maharashtra
20001001,0.19,32.08,20.83,Maharashtra
20001002,0.03,32.32,19.84,Maharashtra
20001003,0.0,32.35,19.31,Maharashtra
20001004,0.0,31.82,19.12,Maharashtra
20001005,0.07,31.76,19.21,Maharashtra
20001006,0.29,31.87,20.0,Maharashtra
20001007,6.16,31.8,19.56,Maharashtra
20001008,0.52,29.91,21.49,Maharashtra
20001009,0.67,31.75,20.06,Maharashtra
20001010,1.19,30.84,21.34,Maharashtra
20001011,1.21,31.84,20.93,Maharashtra
20001012,0.74,33.15,20.63,Maharashtra
20001013,0.0,32.63,20.36,Maharashtra
20001014,0.31,32.57,20.54,Maharashtra
20001015,0.04,34.04,20.88,Maharashtra
20001016,0.0,33.72,17.92,Maharashtra
20001017,0.0,33.35,16.44,Maharashtra
20001018,0.03,33.12,17.07,Maharashtra
20001019,0.08,34.84,19.03,Maharashtra
20001020,1.23,33.98,21.12,Maharashtra
20001021,0.03,35.2,20.88,Maharashtra
20001022,0.0,35.11,17.9,Maharashtra
20001023,0.0,34.5,17.05,Maharashtra
20001024,0.0,33.91,17.88,Maharashtra
20001025,0.0,34.41,17.73,Maharashtra
20001026,0.0,34.72,18.09,Maharashtra
20001027,0.0,34.1,16.01,Maharashtra
20001028,0.0,33.84,15.37,Maharashtra
20001029,0.0,34.13,16.92,Maharashtra
20001030,0.0,33.73,15.61,Maharashtra
20001031,0.0,34.07,19.28,Maharashtra
20001101,0.0,33.28,15.81,Maharashtra
20001102,0.0,32.94,15.67,Maharashtra
20001103,0.0,33.34,15.92,Maharashtra
20001104,0.01,33.96,17.81,Maharashtra
20001105,0.98,34.01,19.2,Maharashtra
20001106,0.0,33.6,18.45,Maharashtra
20001107,0.0,33.48,18.37,Maharashtra
20001108,0.0,31.59,17.01,Maharashtra
20001109,0.0,31.43,16.61,Maharashtra
20001110,0.0,33.76,16.56,Maharashtra
20001111,0.0,33.94,15.19,Maharashtra
20001112,0.0,33.94,16.88,Maharashtra
20001113,0.0,34.33,16.28,Maharashtra
20001114,0.0,33.8,15.79,Maharashtra
20001115,0.0,33.27,15.5,Maharashtra
20001116,0.0,32.99,15.32,Maharashtra
20001117,0.0,32.26,14.1,Maharashtra
20001118,0.0,32.94,13.78,Maharashtra
20001119,0.0,33.94,14.6,Maharashtra
20001120,0.0,34.19,14.49,Maharashtra
20001121,0.0,34.08,16.57,Maharashtra
20001122,0.0,33.69,14.12,Maharashtra
20001123,0.0,34.13,15.49,Maharashtra
20001124,0.0,33.71,15.7,Maharashtra
20001125,0.0,34.11,17.89,Maharashtra
20001126,0.0,34.46,17.57,Maharashtra
20001127,0.0,34.66,16.84,Maharashtra
20001128,0.0,32.57,16.06,Maharashtra
20001129,0.0,32.1,15.22,Maharashtra
20001130,0.0,31.72,14.48,Maharashtra
20001201,0.0,31.29,14.6,Maharashtra
20001202,0.0,31.28,11.68,Maharashtra
20001203,0.0,32.26,11.04,Maharashtra
20001204,0.0,32.5,12.88,Maharashtra
20001205,0.0,32.98,15.32,Maharashtra
20001206,0.0,33.18,16.37,Maharashtra
20001207,0.0,32.55,14.78,Maharashtra
20001208,0.0,32.06,13.97,Maharashtra
20001209,0.0,32.26,13.47,Maharashtra
20001210,0.0,31.79,11.89,Maharashtra
20001211,0.0,31.75,16.09,Maharashtra
20001212,0.0,32.32,15.49,Maharashtra
20001213,0.0,31.86,12.73,Maharashtra
20001214,0.0,31.74,13.5,Maharashtra
20001215,0.0,31.67,12.67,Maharashtra
20001216,0.0,31.99,12.43,Maharashtra
20001217,0.0,31.7,12.59,Maharashtra
20001218,0.0,32.19,13.14,Maharashtra
20001219,0.0,32.13,16.17,Maharashtra
20001220,0.0,32.9,13.83,Maharashtra
20001221,0.0,32.82,12.98,Maharashtra
20001222,0.0,32.46,13.93,Maharashtra
20001223,0.0,33.02,15.44,Maharashtra
20001224,0.0,32.74,12.82,Maharashtra
20001225,0.0,33.01,14.36,Maharashtra
20001226,0.0,32.02,11.94,Maharashtra
20001227,0.0,31.5,11.14,Maharashtra
20001228,0.0,31.02,10.75,Maharashtra
20001229,0.0,31.07,11.53,Maharashtra
20001230,0.96,30.63,15.46,Maharashtra
20001231,9.99,28.08,17.11,Maharashtra
20010101,0.96,26.23,11.9,Maharashtra
20010102,0.0,26.77,9.98,Maharashtra
20010103,0.0,28.09,10.76,Maharashtra
20010104,0.0,28.81,11.17,Maharashtra
20010105,0.0,29.71,11.13,Maharashtra
20010106,0.0,29.58,11.0,Maharashtra
20010107,0.0,29.62,12.86,Maharashtra
20010108,0.0,29.4,12.24,Maharashtra
20010109,0.0,29.75,10.35,Maharashtra
20010110,0.0,30.26,11.09,Maharashtra
20010111,0.0,31.3,12.38,Maharashtra
20010112,0.0,31.84,14.01,Maharashtra
20010113,0.0,31.65,14.85,Maharashtra
20010114,0.0,32.14,14.72,Maharashtra
20010115,0.0,32.69,17.4,Maharashtra
20010116,0.0,32.4,17.75,Maharashtra
20010117,0.0,32.24,19.39,Maharashtra
20010118,0.0,31.93,18.77,Maharashtra
20010119,0.0,32.39,18.64,Maharashtra
20010120,0.0,32.03,16.44,Maharashtra
20010121,0.0,32.37,17.52,Maharashtra
20010122,0.0,31.02,14.26,Maharashtra
20010123,0.0,30.67,12.93,Maharashtra
20010124,0.0,31.24,11.38,Maharashtra
20010125,0.0,31.56,11.3,Maharashtra
20010126,0.0,32.39,11.67,Maharashtra
20010127,0.0,32.55,12.16,Maharashtra
20010128,0.0,32.92,11.53,Maharashtra
20010129,0.0,33.85,14.39,Maharashtra
20010130,0.0,34.01,16.62,Maharashtra
20010131,0.0,33.64,13.42,Maharashtra
20010201,0.0,34.26,14.61,Maharashtra
20010202,0.0,34.33,16.09,Maharashtra
20010203,0.0,34.31,15.7,Maharashtra
20010204,0.0,34.45,16.32,Maharashtra
20010205,0.0,33.67,14.36,Maharashtra
20010206,0.0,33.72,12.34,Maharashtra
20010207,0.0,34.59,14.55,Maharashtra
20010208,0.0,34.63,14.25,Maharashtra
20010209,0.0,34.79,12.89,Maharashtra
20010210,0.0,34.5,13.52,Maharashtra
20010211,0.0,34.59,13.54,Maharashtra
20010212,0.0,35.01,14.33,Maharashtra
20010213,0.0,36.1,15.21,Maharashtra
20010214,0.0,34.14,14.64,Maharashtra
20010215,0.0,32.77,14.3,Maharashtra
20010216,0.0,33.64,13.65,Maharashtra
20010217,0.0,34.31,16.93,Maharashtra
20010218,0.0,34.94,14.49,Maharashtra
20010219,0.0,35.29,14.86,Maharashtra
20010220,0.0,36.43,15.59,Maharashtra
20010221,0.0,34.36,16.47,Maharashtra
20010222,0.0,36.21,15.35,Maharashtra
20010223,0.0,36.58,16.09,Maharashtra
20010224,0.0,37.23,16.37,Maharashtra
20010225,0.0,36.0,16.03,Maharashtra
20010226,0.0,33.77,17.19,Maharashtra
20010227,0.0,36.09,17.24,Maharashtra
20010228,0.0,35.09,16.68,Maharashtra
20010301,0.0,35.53,16.41,Maharashtra
20010302,1.69,35.53,17.25,Maharashtra
20010303,0.72,36.63,18.85,Maharashtra
20010304,0.23,35.77,19.62,Maharashtra
20010305,0.01,34.99,18.59,Maharashtra
20010306,0.0,35.8,17.07,Maharashtra
20010307,0.0,35.03,16.49,Maharashtra
20010308,0.0,35.45,16.08,Maharashtra
20010309,0.19,36.32,17.74,Maharashtra
20010310,0.15,35.82,16.16,Maharashtra
20010311,0.0,35.27,17.32,Maharashtra
20010312,0.1,34.25,18.77,Maharashtra
20010313,0.05,34.88,20.51,Maharashtra
20010314,0.0,35.94,16.33,Maharashtra
20010315,0.0,36.26,17.72,Maharashtra
20010316,0.0,35.94,21.25,Maharashtra
20010317,0.0,37.74,19.98,Maharashtra
20010318,0.0,38.08,19.32,Maharashtra
20010319,0.19,38.32,20.58,Maharashtra
20010320,0.03,34.38,23.32,Maharashtra
20010321,0.01,37.31,20.6,Maharashtra
20010322,0.0,37.45,18.55,Maharashtra
20010323,0.0,36.92,19.84,Maharashtra
20010324,0.0,37.99,19.58,Maharashtra
20010325,0.0,37.61,19.23,Maharashtra
20010326,0.0,37.73,19.97,Maharashtra
20010327,0.0,37.57,20.78,Maharashtra
20010328,0.0,38.1,20.92,Maharashtra
20010329,0.0,37.59,19.12,Maharashtra
20010330,0.0,35.68,17.86,Maharashtra
20010331,0.0,35.84,16.24,Maharashtra
20010401,0.0,37.09,17.74,Maharashtra
20010402,0.0,39.0,19.16,Maharashtra
20010403,0.44,39.08,20.08,Maharashtra
20010404,0.22,38.58,22.04,Maharashtra
20010405,0.08,39.26,22.41,Maharashtra
20010406,0.07,39.37,23.08,Maharashtra
20010407,0.03,38.16,21.49,Maharashtra
20010408,0.0,38.35,22.86,Maharashtra
20010409,0.0,40.63,20.65,Maharashtra
20010410,0.0,39.55,21.73,Maharashtra
20010411,0.0,39.35,23.3,Maharashtra
20010412,0.0,37.24,24.31,Maharashtra
20010413,0.16,37.41,25.44,Maharashtra
20010414,0.2,37.33,26.08,Maharashtra
20010415,0.22,36.1,26.68,Maharashtra
20010416,0.01,38.23,25.44,Maharashtra
20010417,0.01,37.16,24.61,Maharashtra
20010418,0.0,38.2,21.66,Maharashtra
20010419,0.0,38.8,23.11,Maharashtra
20010420,0.04,38.97,23.92,Maharashtra
20010421,0.04,39.7,24.67,Maharashtra
20010422,0.0,40.87,22.49,Maharashtra
20010423,0.0,42.04,22.5,Maharashtra
20010424,0.0,42.41,24.35,Maharashtra
20010425,0.0,42.23,23.68,Maharashtra
20010426,0.0,42.92,24.66,Maharashtra
20010427,0.0,42.07,25.16,Maharashtra
20010428,0.0,42.51,25.81,Maharashtra
20010429,0.0,42.22,24.75,Maharashtra
20010430,0.0,42.93,24.71,Maharashtra
20010501,0.0,43.8,26.2,Maharashtra
20010502,0.0,44.31,27.12,Maharashtra
20010503,0.0,42.5,26.08,Maharashtra
20010504,0.0,42.91,23.46,Maharashtra
20010505,0.0,43.56,25.36,Maharashtra
20010506,0.0,43.4,25.62,Maharashtra
20010507,0.0,43.09,25.12,Maharashtra
20010508,0.0,42.5,24.24,Maharashtra
20010509,0.0,41.54,23.4,Maharashtra
20010510,0.0,40.79,22.33,Maharashtra
20010511,0.0,41.33,24.39,Maharashtra
20010512,0.0,42.35,24.01,Maharashtra
20010513,1.06,42.32,24.8,Maharashtra
20010514,0.6,40.85,24.71,Maharashtra
20010515,0.11,41.34,25.4,Maharashtra
20010516,0.39,41.25,24.97,Maharashtra
20010517,0.0,40.59,24.2,Maharashtra
20010518,0.0,39.67,23.93,Maharashtra
20010519,0.0,38.64,24.63,Maharashtra
20010520,0.35,37.55,24.24,Maharashtra
20010521,0.27,38.81,24.92,Maharashtra
20010522,0.09,39.55,26.75,Maharashtra
20010523,0.13,39.63,27.84,Maharashtra
20010524,0.0,40.47,27.23,Maharashtra
20010525,0.16,37.4,25.54,Maharashtra
20010526,0.11,39.01,25.05,Maharashtra
20010527,0.16,38.22,24.41,Maharashtra
20010528,0.61,37.72,24.85,Maharashtra
20010529,0.46,39.48,23.45,Maharashtra
20010530,1.3,38.8,22.94,Maharashtra
20010531,0.02,38.19,22.74,Maharashtra
20010601,0.0,38.62,24.11,Maharashtra
20010602,0.58,38.42,23.64,Maharashtra
20010603,0.05,38.76,24.12,Maharashtra
20010604,0.05,33.98,24.62,Maharashtra
20010605,2.43,38.59,23.57,Maharashtra
20010606,0.88,35.63,24.86,Maharashtra
20010607,8.74,31.1,25.39,Maharashtra
20010608,11.51,33.95,24.01,Maharashtra
20010609,15.51,34.4,23.76,Maharashtra
20010610,10.9,30.35,24.51,Maharashtra
20010611,3.6,32.91,23.0,Maharashtra
20010612,19.96,32.27,22.77,Maharashtra
20010613,11.15,28.53,21.55,Maharashtra
20010614,9.33,25.89,20.76,Maharashtra
20010615,11.62,26.82,20.76,Maharashtra
20010616,2.12,29.13,22.38,Maharashtra
20010617,2.85,30.38,22.59,Maharashtra
20010618,6.65,28.81,21.51,Maharashtra
20010619,0.08,31.33,22.28,Maharashtra
20010620,0.12,30.68,22.48,Maharashtra
20010621,0.0,33.98,21.99,Maharashtra
20010622,0.0,34.45,22.71,Maharashtra
20010623,0.0,34.46,22.71,Maharashtra
20010624,0.0,34.05,22.99,Maharashtra
20010625,0.04,32.43,23.01,Maharashtra
20010626,0.01,33.21,22.53,Maharashtra
20010627,0.36,30.29,22.72,Maharashtra
20010628,1.09,30.79,22.37,Maharashtra
20010629,0.27,31.19,22.5,Maharashtra
20010630,0.24,33.19,22.36,Maharashtra
20010701,0.37,34.63,22.51,Maharashtra
20010702,0.82,32.75,22.79,Maharashtra
20010703,1.46,31.31,22.31,Maharashtra
20010704,1.05,33.32,22.0,Maharashtra
20010705,0.3,34.43,22.38,Maharashtra
20010706,1.8,34.2,22.27,Maharashtra
20010707,0.77,33.63,22.37,Maharashtra
20010708,1.1,31.48,23.02,Maharashtra
20010709,5.26,28.28,22.98,Maharashtra
20010710,4.12,29.75,22.32,Maharashtra
20010711,0.57,29.58,22.22,Maharashtra
20010712,0.18,33.72,21.89,Maharashtra
20010713,0.83,29.28,22.3,Maharashtra
20010714,0.2,32.38,21.51,Maharashtra
20010715,2.11,31.91,21.42,Maharashtra
20010716,1.36,27.91,21.54,Maharashtra
20010717,0.46,31.19,21.4,Maharashtra
20010718,2.84,32.33,22.33,Maharashtra
20010719,6.98,29.07,22.28,Maharashtra
20010720,1.45,31.78,22.07,Maharashtra
20010721,0.23,32.31,22.36,Maharashtra
20010722,0.5,33.16,22.02,Maharashtra
20010723,2.22,30.31,21.97,Maharashtra
20010724,0.98,31.86,22.37,Maharashtra
20010725,5.62,31.07,22.13,Maharashtra
20010726,0.47,32.45,22.02,Maharashtra
20010727,0.04,31.59,22.19,Maharashtra
20010728,1.13,33.27,22.49,Maharashtra
20010729,0.06,31.46,22.32,Maharashtra
20010730,0.1,33.7,21.76,Maharashtra
20010731,0.32,32.01,22.61,Maharashtra
20010801,61.07,26.81,23.47,Maharashtra
20010802,4.98,28.57,21.96,Maharashtra
20010803,2.97,28.58,21.85,Maharashtra
20010804,11.4,25.83,21.95,Maharashtra
20010805,44.5,25.01,20.67,Maharashtra
20010806,11.14,25.53,20.45,Maharashtra
20010807,4.45,28.77,21.56,Maharashtra
20010808,1.7,30.59,21.71,Maharashtra
20010809,6.53,28.41,22.44,Maharashtra
20010810,18.34,29.13,22.22,Maharashtra
20010811,8.37,27.64,22.7,Maharashtra
20010812,4.0,30.42,22.22,Maharashtra
20010813,0.94,30.18,21.66,Maharashtra
20010814,7.6,28.26,22.54,Maharashtra
20010815,9.78,27.57,22.37,Maharashtra
20010816,14.16,27.71,21.98,Maharashtra
20010817,0.7,29.02,21.37,Maharashtra
20010818,0.22,29.1,21.67,Maharashtra
20010819,0.05,28.11,21.32,Maharashtra
20010820,2.27,26.74,21.16,Maharashtra
20010821,1.32,27.65,20.94,Maharashtra
20010822,0.11,26.57,20.89,Maharashtra
20010823,0.88,29.86,21.28,Maharashtra
20010824,0.47,27.92,22.01,Maharashtra
20010825,0.03,27.42,21.79,Maharashtra
20010826,0.01,29.89,21.68,Maharashtra
20010827,0.14,30.82,21.48,Maharashtra
20010828,0.03,30.49,21.13,Maharashtra
20010829,0.03,31.34,20.66,Maharashtra
20010830,0.01,30.91,20.73,Maharashtra
20010831,0.01,30.72,20.66,Maharashtra
20010901,8.31,29.93,20.81,Maharashtra
20010902,0.98,30.47,21.14,Maharashtra
20010903,0.13,30.62,21.72,Maharashtra
20010904,0.01,30.74,21.38,Maharashtra
20010905,0.03,30.82,20.91,Maharashtra
20010906,0.04,30.81,20.02,Maharashtra
20010907,0.01,30.88,20.95,Maharashtra
20010908,7.54,27.6,22.28,Maharashtra
20010909,0.17,27.78,21.97,Maharashtra
20010910,0.0,31.18,20.88,Maharashtra
20010911,0.06,31.46,20.85,Maharashtra
20010912,0.08,31.11,21.12,Maharashtra
20010913,0.7,31.9,21.0,Maharashtra
20010914,0.85,30.2,22.24,Maharashtra
20010915,12.65,31.36,21.2,Maharashtra
20010916,5.34,30.56,22.13,Maharashtra
20010917,3.01,31.4,21.31,Maharashtra
20010918,2.11,29.85,21.95,Maharashtra
20010919,0.15,31.24,21.95,Maharashtra
20010920,1.08,30.89,21.11,Maharashtra
20010921,0.62,32.36,20.84,Maharashtra
20010922,0.44,33.61,19.79,Maharashtra
20010923,0.06,34.11,20.29,Maharashtra
20010924,6.65,33.7,20.58,Maharashtra
20010925,39.26,30.01,22.82,Maharashtra
20010926,8.13,30.7,21.24,Maharashtra
20010927,0.7,31.4,21.47,Maharashtra
20010928,0.83,32.47,20.71,Maharashtra
20010929,0.0,32.72,19.47,Maharashtra
20010930,8.01,31.7,19.74,Maharashtra
20011001,24.31,26.89,20.95,Maharashtra
20011002,6.63,29.45,21.92,Maharashtra
20011003,0.5,30.37,21.97,Maharashtra
20011004,36.18,28.88,21.37,Maharashtra
20011005,16.57,27.94,22.1,Maharashtra
20011006,3.78,28.71,21.97,Maharashtra
20011007,6.44,27.86,21.85,Maharashtra
20011008,3.91,28.23,22.72,Maharashtra
20011009,1.23,27.5,22.66,Maharashtra
20011010,4.06,28.83,22.09,Maharashtra
20011011,14.41,25.94,22.09,Maharashtra
20011012,8.01,29.4,21.03,Maharashtra
20011013,1.11,29.72,20.03,Maharashtra
20011014,2.42,29.94,20.02,Maharashtra
20011015,1.22,30.18,21.28,Maharashtra
20011016,0.11,29.69,19.77,Maharashtra
20011017,0.02,28.74,17.59,Maharashtra
20011018,0.0,28.78,16.17,Maharashtra
20011019,0.0,29.76,17.41,Maharashtra
20011020,0.0,27.78,15.26,Maharashtra
20011021,0.0,29.17,14.64,Maharashtra
20011022,0.0,30.02,16.48,Maharashtra
20011023,0.0,29.38,15.52,Maharashtra
20011024,0.0,29.25,14.89,Maharashtra
20011025,0.0,29.56,14.65,Maharashtra
20011026,0.0,30.5,15.5,Maharashtra
20011027,0.0,30.77,15.86,Maharashtra
20011028,0.0,31.19,16.05,Maharashtra
20011029,0.0,30.43,16.85,Maharashtra
20011030,0.0,29.46,14.52,Maharashtra
20011031,0.0,30.39,17.7,Maharashtra
20011101,0.0,31.29,17.11,Maharashtra
20011102,0.0,31.14,15.49,Maharashtra
20011103,0.0,31.4,16.59,Maharashtra
20011104,0.0,31.45,16.98,Maharashtra
20011105,0.0,31.23,16.88,Maharashtra
20011106,0.0,31.11,15.66,Maharashtra
20011107,0.0,30.72,17.03,Maharashtra
20011108,0.0,30.51,16.15,Maharashtra
20011109,0.0,29.71,15.73,Maharashtra
20011110,0.0,29.51,14.86,Maharashtra
20011111,0.0,29.65,14.03,Maharashtra
20011112,0.0,29.3,13.72,Maharashtra
20011113,0.0,29.37,11.11,Maharashtra
20011114,0.0,30.33,13.02,Maharashtra
20011115,0.0,31.43,17.74,Maharashtra
20011116,1.3,31.68,19.87,Maharashtra
20011117,0.35,31.82,20.07,Maharashtra
20011118,0.0,32.36,20.34,Maharashtra
20011119,0.0,32.38,19.16,Maharashtra
20011120,0.0,31.79,16.38,Maharashtra
20011121,0.0,30.52,12.95,Maharashtra
20011122,0.0,30.02,14.19,Maharashtra
20011123,0.0,29.31,14.67,Maharashtra
20011124,0.0,29.64,13.36,Maharashtra
20011125,0.0,29.22,11.92,Maharashtra
20011126,0.0,29.35,11.87,Maharashtra
20011127,0.0,29.12,12.21,Maharashtra
20011128,0.0,29.02,13.1,Maharashtra
20011129,0.0,29.11,12.58,Maharashtra
20011130,0.0,28.91,11.03,Maharashtra
20011201,0.0,30.16,11.29,Maharashtra
20011202,0.0,30.83,12.67,Maharashtra
20011203,0.0,31.21,11.56,Maharashtra
20011204,0.0,31.63,13.05,Maharashtra
20011205,0.0,31.46,12.91,Maharashtra
20011206,0.0,31.94,12.82,Maharashtra
20011207,0.0,31.95,13.18,Maharashtra
20011208,0.0,32.22,13.04,Maharashtra
20011209,0.0,32.52,13.89,Maharashtra
20011210,0.0,32.06,13.28,Maharashtra
20011211,0.0,31.86,13.69,Maharashtra
20011212,0.0,32.15,16.73,Maharashtra
20011213,0.0,31.8,14.53,Maharashtra
20011214,0.0,31.33,12.89,Maharashtra
20011215,0.0,30.74,13.53,Maharashtra
20011216,0.0,31.45,15.05,Maharashtra
20011217,0.0,30.99,14.57,Maharashtra
20011218,0.0,30.32,13.76,Maharashtra
20011219,0.0,30.46,13.68,Maharashtra
20011220,0.0,29.93,12.21,Maharashtra
20011221,0.0,29.4,11.94,Maharashtra
20011222,0.0,29.11,10.57,Maharashtra
20011223,0.0,29.86,9.88,Maharashtra
20011224,0.0,30.01,9.85,Maharashtra
20011225,0.0,30.61,10.47,Maharashtra
20011226,0.0,30.52,11.96,Maharashtra
20011227,0.0,30.63,16.43,Maharashtra
20011228,0.0,30.2,14.08,Maharashtra
20011229,0.0,29.85,13.63,Maharashtra
20011230,0.0,29.2,13.2,Maharashtra
20011231,0.0,29.3,13.59,Maharashtra
20020101,0.0,29.38,12.29,Maharashtra
20020102,0.0,28.78,11.31,Maharashtra
20020103,0.0,28.24,10.39,Maharashtra
20020104,0.0,27.95,8.99,Maharashtra
20020105,0.14,27.9,11.0,Maharashtra
20020106,0.02,27.83,14.41,Maharashtra
20020107,0.32,28.26,14.45,Maharashtra
20020108,0.04,28.61,14.14,Maharashtra
20020109,0.0,28.95,13.03,Maharashtra
20020110,0.0,29.48,13.36,Maharashtra
20020111,0.0,30.32,12.04,Maharashtra
20020112,0.0,31.66,14.48,Maharashtra
20020113,0.0,32.84,14.81,Maharashtra
20020114,0.0,33.46,13.9,Maharashtra
20020115,0.0,32.96,14.93,Maharashtra
20020116,0.0,31.17,13.24,Maharashtra
20020117,0.0,30.83,12.93,Maharashtra
20020118,0.0,28.78,12.34,Maharashtra
20020119,0.0,29.68,11.99,Maharashtra
20020120,0.0,28.98,11.47,Maharashtra
20020121,0.0,30.93,12.75,Maharashtra
20020122,0.0,31.69,12.92,Maharashtra
20020123,0.0,32.02,11.87,Maharashtra
20020124,0.0,31.24,11.33,Maharashtra
20020125,0.0,29.44,11.67,Maharashtra
20020126,0.0,30.34,11.77,Maharashtra
20020127,0.0,27.91,12.16,Maharashtra
20020128,0.0,27.99,8.85,Maharashtra
20020129,0.0,29.37,9.28,Maharashtra
20020130,0.0,29.1,9.64,Maharashtra
20020131,0.0,29.71,11.71,Maharashtra
20020201,0.0,31.35,14.62,Maharashtra
20020202,0.0,32.03,16.17,Maharashtra
20020203,0.0,31.77,15.14,Maharashtra
20020204,0.0,32.41,15.55,Maharashtra
20020205,0.0,33.38,19.44,Maharashtra
20020206,0.02,32.83,18.35,Maharashtra
20020207,0.37,30.88,17.9,Maharashtra
20020208,0.0,30.8,13.66,Maharashtra
20020209,0.0,31.53,11.15,Maharashtra
20020210,1.65,30.99,19.62,Maharashtra
20020211,0.28,29.82,15.2,Maharashtra
20020212,0.0,31.44,11.41,Maharashtra
20020213,0.0,33.08,15.81,Maharashtra
20020214,0.0,33.88,16.9,Maharashtra
20020215,0.0,33.84,16.27,Maharashtra
20020216,0.0,34.81,17.07,Maharashtra
20020217,0.0,35.08,18.8,Maharashtra
20020218,0.0,34.6,22.37,Maharashtra
20020219,0.0,33.9,21.23,Maharashtra
20020220,0.0,35.07,19.38,Maharashtra
20020221,0.0,35.91,17.2,Maharashtra
20020222,0.0,36.56,18.23,Maharashtra
20020223,0.0,35.64,18.33,Maharashtra
20020224,0.0,34.75,17.58,Maharashtra
20020225,0.0,35.2,18.14,Maharashtra
20020226,0.0,35.49,17.06,Maharashtra
20020227,0.0,36.37,18.16,Maharashtra
20020228,0.0,36.76,17.45,Maharashtra
20020301,0.0,37.15,18.16,Maharashtra
20020302,0.0,36.72,18.58,Maharashtra
20020303,0.0,35.14,18.27,Maharashtra
20020304,0.0,36.64,17.88,Maharashtra
20020305,0.0,37.42,19.06,Maharashtra
20020306,0.0,37.15,18.02,Maharashtra
20020307,0.0,37.06,17.86,Maharashtra
20020308,0.01,35.86,17.42,Maharashtra
20020309,0.0,34.29,17.72,Maharashtra
20020310,0.0,36.63,18.85,Maharashtra
20020311,0.0,37.8,20.92,Maharashtra
20020312,0.0,35.15,21.5,Maharashtra
20020313,0.02,34.76,21.03,Maharashtra
20020314,1.97,36.29,19.93,Maharashtra
20020315,0.14,35.26,19.98,Maharashtra
20020316,0.0,36.59,21.02,Maharashtra
20020317,0.0,37.83,20.71,Maharashtra
20020318,0.0,38.93,19.66,Maharashtra
20020319,0.0,39.07,21.27,Maharashtra
20020320,0.0,38.66,19.29,Maharashtra
20020321,0.03,38.35,19.66,Maharashtra
20020322,0.0,37.79,20.3,Maharashtra
20020323,0.0,38.49,19.97,Maharashtra
20020324,0.0,38.47,18.62,Maharashtra
20020325,0.0,38.03,19.23,Maharashtra
20020326,0.0,37.91,17.84,Maharashtra
20020327,0.0,38.07,18.55,Maharashtra
20020328,0.0,38.69,19.35,Maharashtra
20020329,0.0,39.34,19.7,Maharashtra
20020330,0.0,40.11,20.51,Maharashtra
20020331,0.0,40.23,19.76,Maharashtra
20020401,0.0,40.75,20.97,Maharashtra
20020402,0.0,39.13,22.56,Maharashtra
20020403,0.0,39.1,20.85,Maharashtra
20020404,0.0,39.54,20.08,Maharashtra
20020405,0.0,40.3,20.57,Maharashtra
20020406,3.69,38.91,23.68,Maharashtra
20020407,12.64,33.88,22.02,Maharashtra
20020408,2.1,34.16,20.55,Maharashtra
20020409,0.03,35.78,21.54,Maharashtra
20020410,0.0,36.95,19.51,Maharashtra
20020411,0.0,38.17,19.97,Maharashtra
20020412,0.0,39.82,20.59,Maharashtra
20020413,0.0,40.22,21.38,Maharashtra
20020414,0.0,40.66,21.59,Maharashtra
20020415,0.0,41.1,22.62,Maharashtra
20020416,0.0,40.68,23.44,Maharashtra
20020417,0.0,41.21,24.6,Maharashtra
20020418,0.0,39.59,26.33,Maharashtra
20020419,0.0,41.01,26.96,Maharashtra
20020420,0.0,41.66,26.94,Maharashtra
20020421,0.02,41.09,25.42,Maharashtra
20020422,0.0,41.55,24.96,Maharashtra
20020423,0.0,41.22,23.44,Maharashtra
20020424,0.0,41.81,23.28,Maharashtra
20020425,0.0,41.21,23.7,Maharashtra
20020426,0.0,41.96,23.77,Maharashtra
20020427,0.0,42.3,22.82,Maharashtra
20020428,0.0,43.52,22.43,Maharashtra
20020429,0.0,42.89,23.89,Maharashtra
20020430,0.0,42.55,24.25,Maharashtra
20020501,0.0,43.02,24.07,Maharashtra
20020502,0.17,42.8,24.41,Maharashtra
20020503,0.0,43.63,26.69,Maharashtra
20020504,0.0,44.75,26.24,Maharashtra
20020505,0.0,44.43,24.87,Maharashtra
20020506,0.26,42.58,25.75,Maharashtra
20020507,0.08,42.49,24.69,Maharashtra
20020508,0.34,41.78,26.32,Maharashtra
20020509,0.22,42.18,26.2,Maharashtra
20020510,0.01,42.31,26.38,Maharashtra
20020511,0.0,40.79,26.37,Maharashtra
20020512,0.0,41.15,24.77,Maharashtra
20020513,0.0,41.55,24.79,Maharashtra
20020514,0.53,41.53,25.5,Maharashtra
20020515,0.07,41.7,25.6,Maharashtra
20020516,0.01,41.94,26.38,Maharashtra
20020517,0.0,42.57,25.52,Maharashtra
20020518,0.12,41.64,26.11,Maharashtra
20020519,0.0,40.95,23.97,Maharashtra
20020520,0.0,40.24,22.77,Maharashtra
20020521,0.0,40.17,22.82,Maharashtra
20020522,0.0,40.85,23.46,Maharashtra
20020523,0.04,41.2,25.42,Maharashtra
20020524,0.02,41.22,27.21,Maharashtra
20020525,0.0,41.84,26.61,Maharashtra
20020526,0.0,40.68,26.1,Maharashtra
20020527,0.0,40.62,24.3,Maharashtra
20020528,0.0,40.6,23.69,Maharashtra
20020529,0.0,40.55,24.94,Maharashtra
20020530,0.03,40.36,25.52,Maharashtra
20020531,0.34,40.92,26.04,Maharashtra
20020601,0.0,39.51,26.54,Maharashtra
20020602,0.16,33.75,27.25,Maharashtra
20020603,0.73,36.67,25.99,Maharashtra
20020604,0.79,36.5,25.41,Maharashtra
20020605,5.65,37.96,25.17,Maharashtra
20020606,0.87,37.2,24.09,Maharashtra
20020607,0.0,38.43,24.9,Maharashtra
20020608,0.2,40.15,25.64,Maharashtra
20020609,0.62,40.12,26.47,Maharashtra
20020610,1.9,38.49,27.27,Maharashtra
20020611,14.8,34.97,26.6,Maharashtra
20020612,10.74,31.94,25.12,Maharashtra
20020613,1.87,36.7,24.08,Maharashtra
20020614,0.14,34.62,25.17,Maharashtra
20020615,0.43,32.89,25.27,Maharashtra
20020616,0.58,32.12,24.52,Maharashtra
20020617,0.27,35.29,23.43,Maharashtra
20020618,0.83,32.92,24.39,Maharashtra
20020619,3.57,34.39,23.51,Maharashtra
20020620,1.26,34.66,23.85,Maharashtra
20020621,3.23,31.21,24.1,Maharashtra
20020622,0.38,32.64,23.55,Maharashtra
20020623,1.21,33.43,23.4,Maharashtra
20020624,37.23,31.02,23.4,Maharashtra
20020625,71.67,25.21,22.64,Maharashtra
20020626,37.97,26.33,22.06,Maharashtra
20020627,3.83,29.77,21.94,Maharashtra
20020628,3.66,29.3,22.54,Maharashtra
20020629,2.72,30.73,22.17,Maharashtra
20020630,0.78,32.2,22.33,Maharashtra
20020701,0.02,32.01,22.73,Maharashtra
20020702,0.01,31.8,22.6,Maharashtra
20020703,0.04,32.47,22.67,Maharashtra
20020704,0.03,33.87,22.41,Maharashtra
20020705,0.0,33.33,22.31,Maharashtra
20020706,0.01,33.35,22.42,Maharashtra
20020707,0.0,32.64,22.08,Maharashtra
20020708,0.02,32.8,21.77,Maharashtra
20020709,0.01,33.09,21.78,Maharashtra
20020710,0.02,32.61,22.02,Maharashtra
20020711,0.01,31.82,22.11,Maharashtra
20020712,0.0,33.33,22.22,Maharashtra
20020713,0.19,33.85,22.59,Maharashtra
20020714,3.39,32.88,22.38,Maharashtra
20020715,2.09,32.62,22.06,Maharashtra
20020716,1.55,33.19,22.35,Maharashtra
20020717,0.47,31.71,22.49,Maharashtra
20020718,20.5,28.0,22.74,Maharashtra
20020719,8.54,25.79,22.51,Maharashtra
20020720,0.27,28.22,22.23,Maharashtra
20020721,0.15,30.72,21.88,Maharashtra
20020722,1.98,30.02,22.31,Maharashtra
20020723,5.2,31.09,22.29,Maharashtra
20020724,0.42,31.32,21.83,Maharashtra
20020725,1.12,31.89,21.37,Maharashtra
20020726,1.88,32.77,21.62,Maharashtra
20020727,0.07,33.09,21.79,Maharashtra
20020728,0.0,33.55,21.94,Maharashtra
20020729,0.0,33.49,22.11,Maharashtra
20020730,0.0,34.02,22.13,Maharashtra
20020731,3.76,33.23,22.0,Maharashtra
20020801,10.87,28.1,22.87,Maharashtra
20020802,3.85,27.48,22.66,Maharashtra
20020803,30.48,26.14,22.45,Maharashtra
20020804,15.66,27.43,22.3,Maharashtra
20020805,10.94,27.57,21.64,Maharashtra
20020806,12.56,28.24,21.25,Maharashtra
20020807,6.6,29.69,21.14,Maharashtra
20020808,6.61,28.52,21.58,Maharashtra
20020809,3.29,28.09,21.71,Maharashtra
20020810,0.55,27.52,21.36,Maharashtra
20020811,1.33,28.45,22.08,Maharashtra
20020812,4.63,29.19,22.04,Maharashtra
20020813,1.98,29.73,21.9,Maharashtra
20020814,0.47,30.47,21.58,Maharashtra
20020815,0.21,29.87,21.85,Maharashtra
20020816,0.21,30.84,21.45,Maharashtra
20020817,0.47,29.33,21.13,Maharashtra
20020818,1.39,27.74,21.72,Maharashtra
20020819,0.7,30.6,21.36,Maharashtra
20020820,0.07,31.15,21.37,Maharashtra
20020821,0.03,30.22,21.47,Maharashtra
20020822,0.02,29.04,21.44,Maharashtra
20020823,0.88,26.91,21.26,Maharashtra
20020824,86.19,25.51,21.49,Maharashtra
20020825,6.81,29.09,20.91,Maharashtra
20020826,0.38,30.54,19.93,Maharashtra
20020827,0.17,30.8,20.1,Maharashtra
20020828,0.03,29.97,20.52,Maharashtra
20020829,0.47,26.96,20.73,Maharashtra
20020830,3.02,27.44,21.66,Maharashtra
20020831,2.18,24.76,21.7,Maharashtra
20020901,7.91,27.73,21.48,Maharashtra
20020902,19.58,26.26,22.35,Maharashtra
20020903,6.49,25.61,22.13,Maharashtra
20020904,1.52,25.89,21.58,Maharashtra
20020905,28.34,26.62,21.27,Maharashtra
20020906,3.7,28.57,20.93,Maharashtra
20020907,0.08,29.17,20.46,Maharashtra
20020908,0.02,29.48,19.25,Maharashtra
20020909,0.0,28.74,18.8,Maharashtra
20020910,0.01,29.2,19.03,Maharashtra
20020911,0.2,29.64,18.99,Maharashtra
20020912,0.02,30.37,19.6,Maharashtra
20020913,0.0,30.7,19.42,Maharashtra
20020914,0.0,29.76,20.04,Maharashtra
20020915,0.0,31.12,20.24,Maharashtra
20020916,0.01,30.18,20.78,Maharashtra
20020917,0.13,30.3,20.23,Maharashtra
20020918,3.83,29.49,20.62,Maharashtra
20020919,1.12,30.18,20.23,Maharashtra
20020920,0.53,30.4,20.19,Maharashtra
20020921,0.52,31.07,20.35,Maharashtra
20020922,0.11,32.01,20.34,Maharashtra
20020923,0.01,32.01,20.46,Maharashtra
20020924,0.75,32.95,21.08,Maharashtra
20020925,18.92,30.28,21.4,Maharashtra
20020926,2.67,30.28,20.77,Maharashtra
20020927,0.06,31.72,20.06,Maharashtra
20020928,0.09,32.29,20.99,Maharashtra
20020929,0.01,32.72,21.45,Maharashtra
20020930,0.0,33.09,20.4,Maharashtra
20021001,0.0,33.35,20.41,Maharashtra
20021002,0.08,34.19,19.01,Maharashtra
20021003,0.01,35.36,20.83,Maharashtra
20021004,0.0,35.14,20.76,Maharashtra
20021005,0.0,35.66,20.85,Maharashtra
20021006,0.0,35.35,20.29,Maharashtra
20021007,0.0,35.3,19.96,Maharashtra
20021008,0.01,35.09,19.33,Maharashtra
20021009,0.54,33.97,19.22,Maharashtra
20021010,0.8,33.56,20.92,Maharashtra
20021011,0.81,32.45,21.0,Maharashtra
20021012,0.11,32.37,20.8,Maharashtra
20021013,0.57,33.54,20.0,Maharashtra
20021014,0.02,34.17,19.17,Maharashtra
20021015,0.29,31.25,19.71,Maharashtra
20021016,11.24,30.83,21.08,Maharashtra
20021017,3.2,30.31,20.97,Maharashtra
20021018,0.0,33.4,19.57,Maharashtra
20021019,0.0,34.25,20.07,Maharashtra
20021020,0.0,34.34,18.51,Maharashtra
20021021,0.0,34.26,20.43,Maharashtra
20021022,0.0,33.89,20.35,Maharashtra
20021023,0.0,34.1,18.52,Maharashtra
20021024,0.0,33.64,17.38,Maharashtra
20021025,0.0,33.05,17.35,Maharashtra
20021026,0.0,32.76,16.05,Maharashtra
20021027,0.0,32.73,14.37,Maharashtra
20021028,0.0,33.21,15.16,Maharashtra
20021029,0.0,33.36,14.54,Maharashtra
20021030,0.0,33.09,14.92,Maharashtra
20021031,0.0,33.76,15.59,Maharashtra
20021101,0.0,33.89,16.26,Maharashtra
20021102,0.0,33.01,15.42,Maharashtra
20021103,0.0,33.29,16.54,Maharashtra
20021104,0.0,33.31,16.45,Maharashtra
20021105,0.04,32.69,17.06,Maharashtra
20021106,0.09,32.76,16.25,Maharashtra
20021107,0.0,32.47,16.13,Maharashtra
20021108,0.0,32.59,16.19,Maharashtra
20021109,0.04,32.71,16.14,Maharashtra
20021110,0.03,32.43,18.1,Maharashtra
20021111,0.03,31.0,18.01,Maharashtra
20021112,0.58,30.23,19.92,Maharashtra
20021113,0.17,31.8,18.03,Maharashtra
20021114,0.0,32.75,18.38,Maharashtra
20021115,0.0,33.9,18.54,Maharashtra
20021116,0.0,33.79,17.04,Maharashtra
20021117,0.0,32.18,15.06,Maharashtra
20021118,0.0,32.05,13.69,Maharashtra
20021119,0.0,32.59,13.8,Maharashtra
20021120,0.0,33.37,14.47,Maharashtra
20021121,0.0,33.82,14.48,Maharashtra
20021122,0.0,33.32,14.3,Maharashtra
20021123,0.0,33.31,15.58,Maharashtra
20021124,0.0,33.87,17.12,Maharashtra
20021125,0.0,34.01,16.4,Maharashtra
20021126,0.0,34.62,17.26,Maharashtra
20021127,0.0,34.51,18.34,Maharashtra
20021128,0.0,34.13,18.22,Maharashtra
20021129,0.0,33.99,15.9,Maharashtra
20021130,0.0,34.1,16.75,Maharashtra
20021201,0.0,33.94,15.12,Maharashtra
20021202,0.0,32.86,14.33,Maharashtra
20021203,0.0,33.17,15.05,Maharashtra
20021204,0.0,32.23,16.62,Maharashtra
20021205,0.0,32.16,16.54,Maharashtra
20021206,0.0,32.53,15.09,Maharashtra
20021207,0.0,32.97,15.44,Maharashtra
20021208,0.0,32.88,14.72,Maharashtra
20021209,0.0,32.49,16.05,Maharashtra
20021210,0.0,32.64,16.42,Maharashtra
20021211,0.0,32.98,16.9,Maharashtra
20021212,0.0,32.44,16.5,Maharashtra
20021213,0.0,32.52,16.29,Maharashtra
20021214,0.0,32.85,15.14,Maharashtra
20021215,0.0,33.16,13.81,Maharashtra
20021216,0.0,33.24,14.48,Maharashtra
20021217,0.0,33.75,14.4,Maharashtra
20021218,0.0,33.34,14.9,Maharashtra
20021219,0.0,33.42,15.14,Maharashtra
20021220,0.0,32.3,15.66,Maharashtra
20021221,0.0,31.99,14.97,Maharashtra
20021222,0.0,32.25,15.11,Maharashtra
20021223,0.0,32.02,13.58,Maharashtra
20021224,0.0,30.81,14.0,Maharashtra
20021225,0.0,29.73,13.68,Maharashtra
20021226,0.0,30.12,12.82,Maharashtra
20021227,0.0,30.33,13.34,Maharashtra
20021228,0.0,29.71,13.0,Maharashtra
20021229,0.0,30.31,12.5,Maharashtra
20021230,0.0,29.1,12.5,Maharashtra
20021231,0.02,26.44,13.12,Maharashtra
20030101,0.0,26.34,8.46,Maharashtra
20030102,0.0,28.59,9.81,Maharashtra
20030103,0.0,28.51,16.09,Maharashtra
20030104,0.0,30.53,16.03,Maharashtra
20030105,0.0,30.53,15.12,Maharashtra
20030106,0.0,31.25,15.61,Maharashtra
20030107,0.0,31.54,15.63,Maharashtra
20030108,0.0,31.15,15.45,Maharashtra
20030109,0.0,30.1,15.66,Maharashtra
20030110,0.0,30.05,17.16,Maharashtra
20030111,0.0,30.43,17.18,Maharashtra
20030112,0.75,29.65,19.41,Maharashtra
20030113,0.0,27.71,19.35,Maharashtra
20030114,0.0,30.26,16.42,Maharashtra
20030115,0.0,30.64,14.28,Maharashtra
20030116,0.0,29.42,11.77,Maharashtra
20030117,0.0,29.06,10.03,Maharashtra
20030118,0.0,29.39,9.77,Maharashtra
20030119,0.0,30.55,12.48,Maharashtra
20030120,0.0,32.02,14.69,Maharashtra
20030121,0.0,32.77,15.3,Maharashtra
20030122,0.0,32.83,16.82,Maharashtra
20030123,0.0,33.48,15.75,Maharashtra
20030124,0.0,32.72,14.33,Maharashtra
20030125,0.0,29.88,15.51,Maharashtra
20030126,0.0,33.55,15.93,Maharashtra
20030127,0.01,33.75,17.59,Maharashtra
20030128,0.01,32.39,20.98,Maharashtra
20030129,0.0,32.31,15.82,Maharashtra
20030130,0.0,33.3,15.0,Maharashtra
20030131,0.0,34.35,15.78,Maharashtra
20030201,0.01,33.05,16.54,Maharashtra
20030202,0.13,33.46,16.3,Maharashtra
20030203,10.45,32.96,18.14,Maharashtra
20030204,2.51,31.42,19.17,Maharashtra
20030205,0.0,32.13,17.22,Maharashtra
20030206,0.0,32.02,15.96,Maharashtra
20030207,0.0,33.2,16.19,Maharashtra
20030208,0.0,32.38,17.15,Maharashtra
20030209,0.01,32.0,14.39,Maharashtra
20030210,0.0,33.02,14.41,Maharashtra
20030211,0.0,33.51,15.0,Maharashtra
20030212,0.0,33.36,15.28,Maharashtra
20030213,0.0,33.76,15.94,Maharashtra
20030214,0.0,34.14,15.74,Maharashtra
20030215,0.0,34.74,15.8,Maharashtra
20030216,0.1,35.76,16.46,Maharashtra
20030217,0.07,35.1,15.54,Maharashtra
20030218,0.21,34.01,16.23,Maharashtra
20030219,3.07,31.58,17.94,Maharashtra
20030220,0.0,31.85,13.71,Maharashtra
20030221,0.0,33.98,14.38,Maharashtra
20030222,0.0,34.91,15.88,Maharashtra
20030223,0.0,35.29,16.83,Maharashtra
20030224,0.0,35.45,16.91,Maharashtra
20030225,0.0,34.48,17.7,Maharashtra
20030226,0.0,34.8,18.02,Maharashtra
20030227,0.0,35.9,17.77,Maharashtra
20030228,0.0,36.51,18.58,Maharashtra
20030301,0.0,37.2,19.26,Maharashtra
20030302,0.0,37.33,18.84,Maharashtra
20030303,0.0,35.92,18.9,Maharashtra
20030304,0.0,33.49,15.76,Maharashtra
20030305,0.0,34.46,12.59,Maharashtra
20030306,0.0,35.57,14.29,Maharashtra
20030307,0.0,35.72,14.8,Maharashtra
20030308,0.0,36.62,14.99,Maharashtra
20030309,0.0,37.29,18.31,Maharashtra
20030310,0.0,37.07,17.67,Maharashtra
20030311,0.0,36.23,17.11,Maharashtra
20030312,0.0,35.83,17.56,Maharashtra
20030313,0.0,36.6,17.23,Maharashtra
20030314,0.0,37.03,18.48,Maharashtra
20030315,0.0,37.36,20.64,Maharashtra
20030316,0.0,36.41,17.57,Maharashtra
20030317,0.0,36.33,17.71,Maharashtra
20030318,0.16,37.1,17.27,Maharashtra
20030319,0.06,36.34,18.4,Maharashtra
20030320,0.15,37.19,18.33,Maharashtra
20030321,0.72,37.88,19.24,Maharashtra
20030322,0.22,38.89,22.23,Maharashtra
20030323,0.0,39.47,23.47,Maharashtra
20030324,0.0,38.58,23.66,Maharashtra
20030325,0.57,39.62,21.33,Maharashtra
20030326,0.0,39.75,21.83,Maharashtra
20030327,0.0,38.65,21.25,Maharashtra
20030328,0.0,39.05,20.48,Maharashtra
20030329,0.0,38.53,21.12,Maharashtra
20030330,0.0,38.81,18.95,Maharashtra
20030331,0.0,38.37,20.64,Maharashtra
20030401,0.0,39.62,20.94,Maharashtra
20030402,0.0,40.45,21.12,Maharashtra
20030403,0.0,39.57,20.69,Maharashtra
20030404,0.0,38.56,19.88,Maharashtra
20030405,0.0,37.94,20.64,Maharashtra
20030406,0.01,37.99,21.63,Maharashtra
20030407,6.73,37.33,23.21,Maharashtra
20030408,0.29,37.47,22.17,Maharashtra
20030409,0.0,39.62,23.21,Maharashtra
20030410,0.84,37.86,23.2,Maharashtra
20030411,0.31,37.12,26.2,Maharashtra
20030412,0.0,39.17,25.48,Maharashtra
20030413,0.0,40.12,22.75,Maharashtra
20030414,0.0,40.31,21.83,Maharashtra
20030415,0.04,40.99,22.64,Maharashtra
20030416,0.0,41.16,23.65,Maharashtra
20030417,0.0,41.09,23.78,Maharashtra
20030418,0.0,41.1,24.96,Maharashtra
20030419,0.0,40.29,23.48,Maharashtra
20030420,0.0,39.49,22.48,Maharashtra
20030421,0.0,41.26,21.34,Maharashtra
20030422,0.34,42.14,23.48,Maharashtra
20030423,0.12,42.48,24.07,Maharashtra
20030424,0.0,42.39,24.42,Maharashtra
20030425,0.0,42.28,24.96,Maharashtra
20030426,0.0,41.71,25.49,Maharashtra
20030427,0.0,40.38,26.84,Maharashtra
20030428,0.0,41.27,27.1,Maharashtra
20030429,0.0,41.54,25.69,Maharashtra
20030430,0.01,41.47,24.41,Maharashtra
20030501,0.0,42.48,23.49,Maharashtra
20030502,0.0,42.72,24.42,Maharashtra
20030503,0.0,41.56,23.76,Maharashtra
20030504,0.0,40.62,22.05,Maharashtra
20030505,0.0,40.59,19.87,Maharashtra
20030506,0.0,40.25,19.67,Maharashtra
20030507,0.0,39.72,22.1,Maharashtra
20030508,0.0,39.88,22.73,Maharashtra
20030509,0.0,40.68,23.72,Maharashtra
20030510,0.0,42.92,24.53,Maharashtra
20030511,0.0,43.37,25.67,Maharashtra
20030512,0.0,43.17,23.47,Maharashtra
20030513,0.0,43.29,25.65,Maharashtra
20030514,0.0,42.39,24.92,Maharashtra
20030515,0.0,42.62,24.96,Maharashtra
20030516,0.0,42.88,24.36,Maharashtra
20030517,0.0,42.7,25.61,Maharashtra
20030518,0.0,41.92,23.19,Maharashtra
20030519,0.0,40.78,23.11,Maharashtra
20030520,0.0,41.5,23.24,Maharashtra
20030521,0.0,41.83,24.67,Maharashtra
20030522,0.0,41.44,23.89,Maharashtra
20030523,0.0,40.3,22.09,Maharashtra
20030524,0.0,41.21,24.57,Maharashtra
20030525,0.0,40.89,24.97,Maharashtra
20030526,0.0,40.82,23.52,Maharashtra
20030527,0.0,40.21,23.95,Maharashtra
20030528,0.0,40.1,23.34,Maharashtra
20030529,0.0,40.81,23.4,Maharashtra
20030530,0.04,41.61,25.62,Maharashtra
20030531,0.05,41.72,26.54,Maharashtra
20030601,0.0,42.1,25.34,Maharashtra
20030602,0.01,41.74,24.8,Maharashtra
20030603,0.0,42.28,24.17,Maharashtra
20030604,0.0,43.89,25.6,Maharashtra
20030605,0.0,43.26,23.98,Maharashtra
20030606,0.0,41.65,23.77,Maharashtra
20030607,0.0,41.44,24.71,Maharashtra
20030608,0.0,42.19,23.76,Maharashtra
20030609,1.43,38.03,26.58,Maharashtra
20030610,0.46,39.92,25.27,Maharashtra
20030611,44.04,32.82,24.99,Maharashtra
20030612,4.16,33.0,23.98,Maharashtra
20030613,0.35,30.89,23.97,Maharashtra
20030614,0.33,32.64,23.8,Maharashtra
20030615,6.18,31.7,23.96,Maharashtra
20030616,1.46,31.8,23.23,Maharashtra
20030617,1.34,33.13,22.86,Maharashtra
20030618,3.62,32.91,22.56,Maharashtra
20030619,8.21,32.51,22.05,Maharashtra
20030620,9.3,32.72,22.93,Maharashtra
20030621,5.01,31.03,23.66,Maharashtra
20030622,75.42,27.04,23.54,Maharashtra
20030623,7.42,29.73,23.31,Maharashtra
20030624,8.65,27.94,23.39,Maharashtra
20030625,3.34,27.6,22.71,Maharashtra
20030626,0.67,31.1,21.55,Maharashtra
20030627,12.22,30.33,22.71,Maharashtra
20030628,2.2,32.12,21.94,Maharashtra
20030629,1.6,30.48,22.97,Maharashtra
20030630,0.05,32.37,22.92,Maharashtra
20030701,1.77,30.41,22.87,Maharashtra
20030702,17.03,31.13,22.92,Maharashtra
20030703,6.59,31.48,22.96,Maharashtra
20030704,8.88,31.32,22.73,Maharashtra
20030705,17.34,29.68,22.05,Maharashtra
20030706,0.79,30.93,22.62,Maharashtra
20030707,0.93,31.7,22.56,Maharashtra
20030708,0.85,31.91,22.67,Maharashtra
20030709,1.32,28.96,23.12,Maharashtra
20030710,9.56,30.33,22.73,Maharashtra
20030711,1.67,28.86,22.81,Maharashtra
20030712,9.22,29.04,22.36,Maharashtra
20030713,2.78,31.9,22.85,Maharashtra
20030714,3.62,28.82,23.4,Maharashtra
20030715,10.91,30.25,23.04,Maharashtra
20030716,8.5,28.16,22.94,Maharashtra
20030717,3.09,30.32,22.62,Maharashtra
20030718,17.56,29.7,22.79,Maharashtra
20030719,5.41,30.08,22.65,Maharashtra
20030720,1.6,29.52,22.72,Maharashtra
20030721,1.64,29.56,23.04,Maharashtra
20030722,0.68,27.88,22.45,Maharashtra
20030723,18.08,28.22,22.64,Maharashtra
20030724,10.75,28.66,22.87,Maharashtra
20030725,2.97,29.7,22.42,Maharashtra
20030726,1.16,29.88,22.19,Maharashtra
20030727,27.99,27.15,22.63,Maharashtra
20030728,0.84,30.74,22.62,Maharashtra
20030729,0.09,31.52,21.85,Maharashtra
20030730,0.04,31.0,22.0,Maharashtra
20030731,0.0,30.11,22.12,Maharashtra
20030801,0.45,28.65,22.06,Maharashtra
20030802,0.2,28.6,22.18,Maharashtra
20030803,1.13,27.75,21.91,Maharashtra
20030804,0.77,28.86,21.92,Maharashtra
20030805,0.86,29.23,22.22,Maharashtra
20030806,1.36,29.33,22.16,Maharashtra
20030807,1.1,29.45,22.03,Maharashtra
20030808,23.4,27.29,22.58,Maharashtra
20030809,5.63,28.64,22.15,Maharashtra
20030810,0.19,28.3,22.71,Maharashtra
20030811,1.72,30.06,22.32,Maharashtra
20030812,2.16,30.5,21.82,Maharashtra
20030813,0.22,30.95,21.71,Maharashtra
20030814,0.15,29.73,21.52,Maharashtra
20030815,0.06,30.8,21.84,Maharashtra
20030816,0.01,30.84,21.93,Maharashtra
20030817,0.0,30.58,21.62,Maharashtra
20030818,0.13,29.21,21.67,Maharashtra
20030819,2.12,27.73,21.19,Maharashtra
20030820,0.95,30.98,20.99,Maharashtra
20030821,1.13,30.76,22.05,Maharashtra
20030822,8.17,27.77,22.35,Maharashtra
20030823,50.45,26.05,22.41,Maharashtra
20030824,1.74,30.01,21.34,Maharashtra
20030825,1.87,30.09,21.18,Maharashtra
20030826,0.16,27.47,21.51,Maharashtra
20030827,2.0,29.43,21.42,Maharashtra
20030828,0.71,28.04,21.68,Maharashtra
20030829,4.05,28.4,22.09,Maharashtra
20030830,1.37,27.17,21.48,Maharashtra
20030831,0.1,29.92,20.87,Maharashtra
20030901,0.07,28.84,21.25,Maharashtra
20030902,1.67,28.44,21.07,Maharashtra
20030903,0.75,28.55,21.57,Maharashtra
20030904,0.16,29.67,21.66,Maharashtra
20030905,0.05,28.57,21.52,Maharashtra
20030906,3.44,27.84,21.52,Maharashtra
20030907,0.09,29.14,21.44,Maharashtra
20030908,0.01,28.16,21.15,Maharashtra
20030909,0.03,29.49,20.7,Maharashtra
20030910,0.26,30.48,20.49,Maharashtra
20030911,0.33,31.06,21.12,Maharashtra
20030912,0.05,30.1,20.96,Maharashtra
20030913,0.17,30.57,21.03,Maharashtra
20030914,0.25,29.28,20.87,Maharashtra
20030915,0.06,30.56,20.61,Maharashtra
20030916,0.07,29.96,21.08,Maharashtra
20030917,0.03,30.16,20.68,Maharashtra
20030918,0.27,31.34,20.1,Maharashtra
20030919,0.49,30.43,21.46,Maharashtra
20030920,0.96,28.52,21.6,Maharashtra
20030921,1.0,31.79,22.55,Maharashtra
20030922,1.35,29.47,21.93,Maharashtra
20030923,10.59,28.08,22.29,Maharashtra
20030924,13.01,27.91,21.45,Maharashtra
20030925,4.28,26.51,22.19,Maharashtra
20030926,3.92,29.02,22.05,Maharashtra
20030927,10.06,28.89,22.73,Maharashtra
20030928,5.48,28.58,22.37,Maharashtra
20030929,1.12,30.78,21.57,Maharashtra
20030930,1.53,31.19,21.74,Maharashtra
20031001,0.85,30.96,22.29,Maharashtra
20031002,0.28,30.79,21.52,Maharashtra
20031003,0.03,31.22,18.86,Maharashtra
20031004,0.0,30.92,18.71,Maharashtra
20031005,0.0,31.61,15.94,Maharashtra
20031006,2.16,31.34,19.55,Maharashtra
20031007,0.62,30.95,20.93,Maharashtra
20031008,1.3,31.2,20.93,Maharashtra
20031009,0.16,32.0,20.18,Maharashtra
20031010,0.0,33.3,18.57,Maharashtra
20031011,0.0,32.77,19.53,Maharashtra
20031012,0.0,32.93,19.9,Maharashtra
20031013,0.0,33.75,19.33,Maharashtra
20031014,0.0,33.43,19.43,Maharashtra
20031015,0.15,32.91,17.79,Maharashtra
20031016,0.0,32.82,16.11,Maharashtra
20031017,0.0,32.35,15.96,Maharashtra
20031018,0.0,33.7,18.51,Maharashtra
20031019,0.01,34.13,20.14,Maharashtra
20031020,0.04,34.01,19.84,Maharashtra
20031021,1.08,32.71,17.78,Maharashtra
20031022,1.49,33.13,16.21,Maharashtra
20031023,5.53,31.76,16.11,Maharashtra
20031024,0.27,32.22,16.45,Maharashtra
20031025,0.0,31.86,16.97,Maharashtra
20031026,0.0,31.79,16.78,Maharashtra
20031027,0.0,30.91,14.97,Maharashtra
20031028,0.01,31.54,15.46,Maharashtra
20031029,0.12,31.19,17.48,Maharashtra
20031030,0.67,30.62,21.05,Maharashtra
20031031,0.12,32.0,21.81,Maharashtra
20031101,0.1,33.37,21.01,Maharashtra
20031102,0.02,32.18,21.15,Maharashtra
20031103,0.0,32.71,20.06,Maharashtra
20031104,0.0,32.93,18.97,Maharashtra
20031105,0.0,32.07,16.58,Maharashtra
20031106,0.0,32.94,14.75,Maharashtra
20031107,0.0,31.53,14.17,Maharashtra
20031108,0.0,33.05,14.79,Maharashtra
20031109,0.0,33.25,17.22,Maharashtra
20031110,0.0,33.08,17.06,Maharashtra
20031111,0.0,32.74,16.51,Maharashtra
20031112,0.0,31.49,15.8,Maharashtra
20031113,0.0,31.45,14.93,Maharashtra
20031114,0.0,31.71,14.73,Maharashtra
20031115,0.0,32.36,15.75,Maharashtra
20031116,0.0,33.01,16.16,Maharashtra
20031117,0.0,33.54,17.34,Maharashtra
20031118,0.0,34.02,17.48,Maharashtra
20031119,0.0,33.58,17.49,Maharashtra
20031120,0.0,33.66,17.01,Maharashtra
20031121,0.0,33.52,15.54,Maharashtra
20031122,0.0,33.73,15.16,Maharashtra
20031123,0.0,33.54,17.37,Maharashtra
20031124,0.0,32.99,16.46,Maharashtra
20031125,0.0,32.66,16.11,Maharashtra
20031126,0.0,33.07,15.86,Maharashtra
20031127,0.0,33.56,15.4,Maharashtra
20031128,0.0,33.07,16.35,Maharashtra
20031129,0.0,33.03,18.76,Maharashtra
20031130,0.0,32.83,18.42,Maharashtra
20031201,0.0,31.42,19.09,Maharashtra
20031202,0.0,32.06,17.65,Maharashtra
20031203,0.0,32.27,16.57,Maharashtra
20031204,0.0,31.72,14.91,Maharashtra
20031205,0.0,32.26,14.04,Maharashtra
20031206,0.0,32.01,14.34,Maharashtra
20031207,0.0,32.63,15.93,Maharashtra
20031208,0.0,33.02,14.29,Maharashtra
20031209,0.0,32.84,13.85,Maharashtra
20031210,0.0,32.98,14.38,Maharashtra
20031211,0.0,32.31,14.05,Maharashtra
20031212,0.0,32.0,14.94,Maharashtra
20031213,0.0,32.33,15.39,Maharashtra
20031214,0.0,31.84,14.53,Maharashtra
20031215,0.0,32.26,13.95,Maharashtra
20031216,0.0,31.69,13.34,Maharashtra
20031217,0.0,30.37,12.53,Maharashtra
20031218,0.0,31.14,12.51,Maharashtra
20031219,0.0,30.09,12.18,Maharashtra
20031220,0.0,29.87,12.48,Maharashtra
20031221,0.0,29.68,12.93,Maharashtra
20031222,0.0,29.01,12.57,Maharashtra
20031223,0.0,29.16,11.67,Maharashtra
20031224,0.0,29.3,11.67,Maharashtra
20031225,0.0,30.27,13.18,Maharashtra
20031226,2.46,29.2,17.76,Maharashtra
20031227,1.21,28.53,14.58,Maharashtra
20031228,0.05,28.34,10.07,Maharashtra
20031229,0.0,28.58,9.89,Maharashtra
20031230,0.0,29.52,11.09,Maharashtra
20031231,0.0,29.76,11.11,Maharashtra
20040101,0.0,30.71,12.0,Maharashtra
20040102,0.0,30.45,12.43,Maharashtra
20040103,0.0,30.71,12.11,Maharashtra
20040104,0.02,29.96,12.48,Maharashtra
20040105,0.98,29.34,12.98,Maharashtra
20040106,0.7,28.51,15.08,Maharashtra
20040107,0.05,28.44,15.98,Maharashtra
20040108,0.0,29.11,14.31,Maharashtra
20040109,0.0,29.21,12.39,Maharashtra
20040110,0.0,29.39,11.53,Maharashtra
20040111,0.0,30.59,12.22,Maharashtra
20040112,0.0,30.23,12.69,Maharashtra
20040113,0.0,31.53,13.24,Maharashtra
20040114,0.0,32.44,13.52,Maharashtra
20040115,0.0,32.87,15.87,Maharashtra
20040116,0.0,33.15,13.62,Maharashtra
20040117,0.0,33.15,14.53,Maharashtra
20040118,0.0,31.86,14.93,Maharashtra
20040119,0.0,32.3,14.39,Maharashtra
20040120,0.0,32.37,15.86,Maharashtra
20040121,0.0,30.11,14.08,Maharashtra
20040122,0.12,29.23,14.92,Maharashtra
20040123,0.01,28.67,15.6,Maharashtra
20040124,0.0,29.09,11.81,Maharashtra
20040125,0.02,28.06,13.55,Maharashtra
20040126,0.0,29.39,14.01,Maharashtra
20040127,0.0,28.46,13.57,Maharashtra
20040128,5.52,29.36,14.95,Maharashtra
20040129,0.62,30.49,17.27,Maharashtra
20040130,0.0,30.39,14.78,Maharashtra
20040131,0.01,29.12,13.74,Maharashtra
20040201,0.0,28.95,11.45,Maharashtra
20040202,0.1,28.82,11.53,Maharashtra
20040203,0.21,27.99,12.99,Maharashtra
20040204,0.0,31.23,14.36,Maharashtra
20040205,0.0,30.98,14.79,Maharashtra
20040206,0.0,29.5,10.94,Maharashtra
20040207,0.0,30.16,9.34,Maharashtra
20040208,0.0,30.98,10.06,Maharashtra
20040209,0.0,33.04,10.84,Maharashtra
20040210,0.0,33.37,14.45,Maharashtra
20040211,0.0,33.5,15.45,Maharashtra
20040212,0.0,33.62,14.64,Maharashtra
20040213,0.0,33.14,16.07,Maharashtra
20040214,0.0,33.09,16.48,Maharashtra
20040215,0.0,33.9,17.34,Maharashtra
20040216,0.0,33.8,16.61,Maharashtra
20040217,0.0,34.69,14.81,Maharashtra
20040218,0.0,34.48,15.06,Maharashtra
20040219,0.0,33.72,15.66,Maharashtra
20040220,0.0,35.0,15.22,Maharashtra
20040221,0.0,35.71,16.46,Maharashtra
20040222,0.0,35.96,17.22,Maharashtra
20040223,0.0,36.67,16.16,Maharashtra
20040224,0.0,37.18,16.37,Maharashtra
20040225,0.0,37.24,18.06,Maharashtra
20040226,0.0,36.83,18.93,Maharashtra
20040227,0.0,37.35,18.7,Maharashtra
20040228,0.0,36.48,18.66,Maharashtra
20040229,0.0,35.97,18.07,Maharashtra
20040301,0.0,37.07,18.24,Maharashtra
20040302,0.0,38.09,19.46,Maharashtra
20040303,0.0,38.47,18.46,Maharashtra
20040304,0.0,37.49,19.98,Maharashtra
20040305,0.0,38.11,21.71,Maharashtra
20040306,0.0,37.52,21.27,Maharashtra
20040307,0.0,38.29,17.46,Maharashtra
20040308,0.0,37.24,16.08,Maharashtra
20040309,0.0,36.39,16.12,Maharashtra
20040310,0.0,36.87,17.94,Maharashtra
20040311,0.0,37.71,19.82,Maharashtra
20040312,0.0,38.03,18.02,Maharashtra
20040313,0.0,39.17,22.52,Maharashtra
20040314,0.0,39.27,21.67,Maharashtra
20040315,0.0,39.57,18.91,Maharashtra
20040316,0.0,40.25,22.23,Maharashtra
20040317,0.0,40.67,23.39,Maharashtra
20040318,0.0,41.35,20.29,Maharashtra
20040319,0.0,40.41,19.85,Maharashtra
20040320,0.0,40.1,19.31,Maharashtra
20040321,0.0,40.69,18.84,Maharashtra
20040322,0.0,40.59,19.87,Maharashtra
20040323,0.0,40.11,20.67,Maharashtra
20040324,0.0,39.56,21.41,Maharashtra
20040325,0.0,39.51,21.34,Maharashtra
20040326,0.0,38.35,20.06,Maharashtra
20040327,0.0,38.4,20.56,Maharashtra
20040328,0.0,39.64,21.49,Maharashtra
20040329,0.12,38.92,22.4,Maharashtra
20040330,0.29,39.49,24.0,Maharashtra
20040331,0.02,39.12,22.16,Maharashtra
20040401,0.01,39.62,21.37,Maharashtra
20040402,0.0,38.04,22.77,Maharashtra
20040403,0.0,39.23,23.26,Maharashtra
20040404,0.31,37.6,23.91,Maharashtra
20040405,0.0,34.91,24.54,Maharashtra
20040406,0.0,38.79,21.46,Maharashtra
20040407,0.0,38.84,19.89,Maharashtra
20040408,0.0,39.12,19.52,Maharashtra
20040409,0.0,39.25,19.89,Maharashtra
20040410,0.0,40.09,20.58,Maharashtra
20040411,0.0,41.24,22.55,Maharashtra
20040412,0.0,41.3,23.6,Maharashtra
20040413,0.0,42.1,23.87,Maharashtra
20040414,0.0,41.98,22.81,Maharashtra
20040415,0.0,42.89,21.63,Maharashtra
20040416,0.0,41.77,20.37,Maharashtra
20040417,0.0,40.71,21.24,Maharashtra
20040418,0.0,40.27,20.59,Maharashtra
20040419,0.0,39.82,20.58,Maharashtra
20040420,0.0,40.82,22.64,Maharashtra
20040421,0.0,41.42,23.29,Maharashtra
20040422,0.0,41.13,23.41,Maharashtra
20040423,0.0,40.47,23.06,Maharashtra
20040424,0.0,40.58,24.13,Maharashtra
20040425,0.0,40.42,23.8,Maharashtra
20040426,0.0,40.93,23.37,Maharashtra
20040427,0.03,41.78,23.54,Maharashtra
20040428,0.0,41.79,24.54,Maharashtra
20040429,0.0,41.43,24.43,Maharashtra
20040430,0.0,41.25,24.47,Maharashtra
20040501,0.0,40.35,23.91,Maharashtra
20040502,0.0,41.44,23.73,Maharashtra
20040503,0.0,42.18,24.31,Maharashtra
20040504,0.8,41.89,29.2,Maharashtra
20040505,0.15,40.81,26.97,Maharashtra
20040506,0.01,41.0,27.56,Maharashtra
20040507,0.89,39.85,26.68,Maharashtra
20040508,0.22,40.43,27.17,Maharashtra
20040509,2.97,41.94,28.31,Maharashtra
20040510,18.86,34.74,27.11,Maharashtra
20040511,1.56,34.32,24.8,Maharashtra
20040512,4.58,33.15,24.41,Maharashtra
20040513,0.03,37.1,23.69,Maharashtra
20040514,0.0,37.6,23.45,Maharashtra
20040515,0.51,36.78,23.91,Maharashtra
20040516,3.37,35.43,24.79,Maharashtra
20040517,2.35,38.13,24.92,Maharashtra
20040518,0.12,37.79,24.91,Maharashtra
20040519,0.02,36.3,23.94,Maharashtra
20040520,0.04,38.56,22.91,Maharashtra
20040521,0.0,39.16,22.24,Maharashtra
20040522,0.0,39.46,21.58,Maharashtra
20040523,0.0,39.9,21.7,Maharashtra
20040524,0.0,39.47,22.11,Maharashtra
20040525,0.0,39.89,23.08,Maharashtra
20040526,0.0,39.89,22.9,Maharashtra
20040527,0.0,41.14,23.16,Maharashtra
20040528,0.01,41.54,24.04,Maharashtra
20040529,0.03,41.9,25.95,Maharashtra
20040530,0.04,42.75,25.85,Maharashtra
20040531,0.09,41.19,24.93,Maharashtra
20040601,1.68,41.56,25.95,Maharashtra
20040602,0.12,41.21,27.15,Maharashtra
20040603,0.37,41.51,26.22,Maharashtra
20040604,0.23,40.06,25.73,Maharashtra
20040605,0.83,39.96,25.62,Maharashtra
20040606,2.01,39.35,24.96,Maharashtra
20040607,2.21,36.45,25.55,Maharashtra
20040608,1.28,35.85,25.73,Maharashtra
20040609,3.24,36.98,23.83,Maharashtra
20040610,3.94,35.31,25.03,Maharashtra
20040611,0.4,35.46,24.48,Maharashtra
20040612,22.53,34.48,24.19,Maharashtra
20040613,5.38,33.37,23.67,Maharashtra
20040614,3.63,32.83,23.57,Maharashtra
20040615,4.08,32.09,23.32,Maharashtra
20040616,6.23,30.64,23.24,Maharashtra
20040617,3.64,31.91,22.49,Maharashtra
20040618,1.09,29.99,22.67,Maharashtra
20040619,0.15,33.95,22.6,Maharashtra
20040620,0.02,34.86,22.85,Maharashtra
20040621,0.01,34.82,22.85,Maharashtra
20040622,0.0,33.87,22.82,Maharashtra
20040623,0.0,35.47,22.5,Maharashtra
20040624,0.01,35.06,22.56,Maharashtra
20040625,0.01,34.62,22.51,Maharashtra
20040626,0.36,34.84,22.7,Maharashtra
20040627,0.04,35.35,23.21,Maharashtra
20040628,0.08,35.36,23.54,Maharashtra
20040629,2.32,34.97,23.63,Maharashtra
20040630,2.78,34.14,23.14,Maharashtra
20040701,1.29,31.31,23.38,Maharashtra
20040702,4.76,30.79,23.53,Maharashtra
20040703,2.61,32.37,22.96,Maharashtra
20040704,10.21,29.69,23.34,Maharashtra
20040705,2.11,31.45,22.45,Maharashtra
20040706,0.26,33.71,23.21,Maharashtra
20040707,0.12,33.22,22.13,Maharashtra
20040708,0.08,31.14,22.93,Maharashtra
20040709,0.14,34.57,22.28,Maharashtra
20040710,0.07,33.82,22.73,Maharashtra
20040711,3.86,33.38,23.01,Maharashtra
20040712,1.04,33.57,22.61,Maharashtra
20040713,0.6,33.21,22.83,Maharashtra
20040714,0.15,33.64,22.12,Maharashtra
20040715,1.25,32.42,22.69,Maharashtra
20040716,10.11,29.46,23.37,Maharashtra
20040717,12.24,32.17,23.14,Maharashtra
20040718,3.62,32.52,23.6,Maharashtra
20040719,0.3,32.04,22.95,Maharashtra
20040720,0.1,34.42,23.02,Maharashtra
20040721,0.33,33.63,23.41,Maharashtra
20040722,0.2,30.51,23.01,Maharashtra
20040723,1.32,33.42,22.52,Maharashtra
20040724,5.0,32.38,22.71,Maharashtra
20040725,6.23,27.88,22.49,Maharashtra
20040726,28.96,26.44,22.01,Maharashtra
20040727,12.93,26.48,21.85,Maharashtra
20040728,6.12,30.12,21.18,Maharashtra
20040729,22.89,25.84,22.36,Maharashtra
20040730,20.88,26.8,21.89,Maharashtra
20040731,2.38,26.61,21.81,Maharashtra
20040801,2.2,29.51,22.24,Maharashtra
20040802,13.11,28.41,22.66,Maharashtra
20040803,10.34,27.01,22.79,Maharashtra
20040804,8.66,27.08,22.95,Maharashtra
20040805,5.36,28.86,21.79,Maharashtra
20040806,2.05,29.27,21.72,Maharashtra
20040807,1.19,27.54,22.03,Maharashtra
20040808,0.94,27.82,21.86,Maharashtra
20040809,4.89,28.23,22.19,Maharashtra
20040810,4.81,29.15,21.53,Maharashtra
20040811,12.15,27.58,21.78,Maharashtra
20040812,5.85,27.68,22.17,Maharashtra
20040813,2.11,27.73,21.82,Maharashtra
20040814,1.73,27.48,21.93,Maharashtra
20040815,5.49,28.99,21.98,Maharashtra
20040816,1.46,29.31,21.62,Maharashtra
20040817,3.94,29.59,21.39,Maharashtra
20040818,2.48,30.23,21.22,Maharashtra
20040819,2.73,30.42,21.96,Maharashtra
20040820,1.31,28.58,21.71,Maharashtra
20040821,9.9,27.57,21.58,Maharashtra
20040822,2.99,27.42,21.68,Maharashtra
20040823,0.9,30.36,21.21,Maharashtra
20040824,0.38,31.51,21.82,Maharashtra
20040825,0.18,30.99,21.68,Maharashtra
20040826,0.01,30.95,21.44,Maharashtra
20040827,0.0,30.55,20.39,Maharashtra
20040828,0.0,30.98,20.49,Maharashtra
20040829,0.0,30.2,20.55,Maharashtra
20040830,0.0,30.39,20.79,Maharashtra
20040831,0.66,29.8,20.14,Maharashtra
20040901,0.1,30.31,20.31,Maharashtra
20040902,1.48,30.51,20.84,Maharashtra
20040903,0.7,29.15,20.69,Maharashtra
20040904,2.79,29.69,21.56,Maharashtra
20040905,13.05,29.17,21.42,Maharashtra
20040906,6.25,29.39,20.4,Maharashtra
20040907,11.66,30.76,22.15,Maharashtra
20040908,12.36,31.11,22.72,Maharashtra
20040909,57.69,28.32,22.89,Maharashtra
20040910,5.05,26.33,21.69,Maharashtra
20040911,1.89,29.23,20.94,Maharashtra
20040912,0.73,29.74,19.97,Maharashtra
20040913,0.14,30.08,20.49,Maharashtra
20040914,0.1,30.38,20.87,Maharashtra
20040915,0.23,30.43,21.07,Maharashtra
20040916,0.07,30.03,20.44,Maharashtra
20040917,2.37,29.71,21.46,Maharashtra
20040918,1.33,29.2,21.27,Maharashtra
20040919,0.75,30.53,22.73,Maharashtra
20040920,0.71,30.48,22.76,Maharashtra
20040921,60.04,27.85,22.26,Maharashtra
20040922,26.54,28.85,22.89,Maharashtra
20040923,5.87,29.21,22.09,Maharashtra
20040924,3.56,30.03,21.42,Maharashtra
20040925,10.69,28.29,21.89,Maharashtra
20040926,5.48,29.25,20.84,Maharashtra
20040927,2.55,28.54,21.71,Maharashtra
20040928,7.34,28.26,22.25,Maharashtra
20040929,2.42,29.66,21.42,Maharashtra
20040930,1.69,29.82,21.15,Maharashtra
20041001,2.42,28.78,22.03,Maharashtra
20041002,12.54,28.34,21.2,Maharashtra
20041003,26.28,28.01,21.73,Maharashtra
20041004,9.48,28.55,20.95,Maharashtra
20041005,0.81,29.22,21.54,Maharashtra
20041006,0.2,28.74,22.22,Maharashtra
20041007,0.14,28.61,22.06,Maharashtra
20041008,0.15,29.5,20.56,Maharashtra
20041009,0.03,28.93,20.51,Maharashtra
20041010,2.21,28.23,20.86,Maharashtra
20041011,1.36,28.72,20.34,Maharashtra
20041012,0.44,28.8,20.67,Maharashtra
20041013,0.16,29.62,19.36,Maharashtra
20041014,0.01,28.89,17.59,Maharashtra
20041015,0.0,27.73,14.93,Maharashtra
20041016,0.0,27.75,15.45,Maharashtra
20041017,0.0,27.48,14.42,Maharashtra
20041018,0.0,27.51,14.33,Maharashtra
20041019,0.0,27.89,15.18,Maharashtra
20041020,0.0,27.31,13.38,Maharashtra
20041021,0.0,27.58,12.6,Maharashtra
20041022,0.0,28.1,13.21,Maharashtra
20041023,0.0,28.53,13.24,Maharashtra
20041024,0.0,28.73,13.44,Maharashtra
20041025,0.0,28.68,14.27,Maharashtra
20041026,0.0,28.48,14.17,Maharashtra
20041027,0.0,28.7,15.73,Maharashtra
20041028,0.0,28.44,15.48,Maharashtra
20041029,0.0,25.34,18.71,Maharashtra
20041030,0.0,27.83,17.99,Maharashtra
20041031,0.0,28.96,15.63,Maharashtra
20041101,0.01,28.25,16.38,Maharashtra
20041102,0.07,28.76,18.2,Maharashtra
20041103,0.03,27.11,17.15,Maharashtra
20041104,0.02,28.92,14.36,Maharashtra
20041105,0.0,28.62,13.58,Maharashtra
20041106,0.0,28.64,12.27,Maharashtra
20041107,0.0,30.45,14.25,Maharashtra
20041108,3.16,30.11,16.66,Maharashtra
20041109,0.55,26.65,19.83,Maharashtra
20041110,0.42,29.29,18.97,Maharashtra
20041111,3.89,28.59,20.74,Maharashtra
20041112,0.66,29.77,20.52,Maharashtra
20041113,0.01,29.87,19.77,Maharashtra
20041114,0.0,29.24,20.28,Maharashtra
20041115,0.0,30.43,19.56,Maharashtra
20041116,0.0,30.34,18.69,Maharashtra
20041117,0.0,31.2,18.11,Maharashtra
20041118,0.0,30.99,16.31,Maharashtra
20041119,0.0,31.3,17.12,Maharashtra
20041120,0.0,30.93,15.57,Maharashtra
20041121,0.0,30.82,13.64,Maharashtra
20041122,0.0,30.29,12.5,Maharashtra
20041123,0.0,30.4,12.88,Maharashtra
20041124,0.0,30.27,13.31,Maharashtra
20041125,0.0,29.93,12.69,Maharashtra
20041126,0.0,29.47,12.17,Maharashtra
20041127,0.0,29.65,11.61,Maharashtra
20041128,0.0,29.38,13.56,Maharashtra
20041129,0.0,29.14,14.22,Maharashtra
20041130,0.0,28.76,13.73,Maharashtra
20041201,0.0,28.89,11.49,Maharashtra
20041202,0.0,28.56,10.89,Maharashtra
20041203,0.0,28.76,11.26,Maharashtra
20041204,0.0,28.94,10.82,Maharashtra
20041205,0.0,29.56,12.91,Maharashtra
20041206,0.0,30.88,13.97,Maharashtra
20041207,0.0,30.86,14.65,Maharashtra
20041208,0.0,30.14,11.33,Maharashtra
20041209,0.0,31.28,13.96,Maharashtra
20041210,0.0,31.25,12.14,Maharashtra
20041211,0.0,30.56,11.0,Maharashtra
20041212,0.0,30.14,10.53,Maharashtra
20041213,0.0,30.27,11.11,Maharashtra
20041214,0.0,30.43,13.29,Maharashtra
20041215,0.0,31.46,14.55,Maharashtra
20041216,0.0,31.89,14.76,Maharashtra
20041217,0.0,31.98,13.48,Maharashtra
20041218,0.0,31.18,13.7,Maharashtra
20041219,0.0,31.18,12.76,Maharashtra
20041220,0.0,30.49,11.76,Maharashtra
20041221,0.0,30.33,13.08,Maharashtra
20041222,0.0,30.23,12.96,Maharashtra
20041223,0.0,29.37,13.21,Maharashtra
20041224,0.0,30.81,15.73,Maharashtra
20041225,0.0,30.04,14.17,Maharashtra
20041226,0.0,29.5,13.57,Maharashtra
20041227,0.0,29.71,13.96,Maharashtra
20041228,0.0,29.84,14.63,Maharashtra
20041229,0.0,30.95,14.15,Maharashtra
20041230,0.0,31.1,16.17,Maharashtra
20041231,0.01,31.73,13.84,Maharashtra
20050101,0.44,29.89,16.39,Maharashtra
20050102,0.21,28.81,16.23,Maharashtra
20050103,0.0,30.42,17.25,Maharashtra
20050104,0.0,31.41,16.13,Maharashtra
20050105,0.0,32.3,15.07,Maharashtra
20050106,0.0,31.23,15.13,Maharashtra
20050107,0.0,31.49,14.58,Maharashtra
20050108,0.0,31.53,12.57,Maharashtra
20050109,0.0,31.76,14.33,Maharashtra
20050110,0.0,30.63,11.85,Maharashtra
20050111,0.0,28.72,10.95,Maharashtra
20050112,0.0,29.63,10.43,Maharashtra
20050113,0.0,31.46,10.92,Maharashtra
20050114,0.0,31.31,12.07,Maharashtra
20050115,0.0,32.16,13.23,Maharashtra
20050116,0.0,31.46,13.25,Maharashtra
20050117,0.0,28.41,12.25,Maharashtra
20050118,0.0,26.74,9.5,Maharashtra
20050119,0.0,28.46,9.1,Maharashtra
20050120,0.0,29.85,9.65,Maharashtra
20050121,0.0,31.71,11.42,Maharashtra
20050122,0.0,32.25,14.94,Maharashtra
20050123,0.0,30.84,13.58,Maharashtra
20050124,0.0,31.51,12.8,Maharashtra
20050125,0.02,32.1,13.73,Maharashtra
20050126,1.08,32.23,18.59,Maharashtra
20050127,0.06,31.79,14.83,Maharashtra
20050128,0.79,27.6,15.67,Maharashtra
20050129,0.55,28.39,15.83,Maharashtra
20050130,2.11,29.1,15.05,Maharashtra
20050131,2.92,25.51,13.69,Maharashtra
20050201,0.02,27.89,13.73,Maharashtra
20050202,0.0,29.31,11.07,Maharashtra
20050203,0.0,30.08,10.95,Maharashtra
20050204,0.0,31.66,14.98,Maharashtra
20050205,0.0,32.7,14.12,Maharashtra
20050206,0.0,33.34,16.28,Maharashtra
20050207,0.0,32.42,15.75,Maharashtra
20050208,0.0,33.24,15.93,Maharashtra
20050209,0.0,34.82,16.55,Maharashtra
20050210,0.0,34.86,15.95,Maharashtra
20050211,0.0,35.41,15.92,Maharashtra
20050212,0.0,35.47,17.57,Maharashtra
20050213,0.0,35.32,16.94,Maharashtra
20050214,0.0,36.85,19.15,Maharashtra
20050215,0.0,36.26,15.8,Maharashtra
20050216,0.0,34.8,15.8,Maharashtra
20050217,0.0,33.24,14.94,Maharashtra
20050218,0.0,32.2,15.36,Maharashtra
20050219,0.0,31.33,12.23,Maharashtra
20050220,0.0,32.5,11.94,Maharashtra
20050221,0.0,32.56,13.56,Maharashtra
20050222,0.0,32.31,12.42,Maharashtra
20050223,0.0,34.73,13.21,Maharashtra
20050224,0.0,34.92,17.29,Maharashtra
20050225,0.0,35.66,16.83,Maharashtra
20050226,0.0,36.72,18.42,Maharashtra
20050227,0.22,36.3,22.6,Maharashtra
20050228,0.11,35.8,24.38,Maharashtra
20050301,0.0,37.01,23.13,Maharashtra
20050302,0.0,36.92,19.86,Maharashtra
20050303,0.0,36.7,19.38,Maharashtra
20050304,0.0,36.65,16.51,Maharashtra
20050305,0.0,36.18,19.01,Maharashtra
20050306,0.0,36.73,19.14,Maharashtra
20050307,0.07,36.29,20.49,Maharashtra
20050308,4.68,33.03,19.98,Maharashtra
20050309,3.6,32.83,20.89,Maharashtra
20050310,0.0,33.08,15.33,Maharashtra
20050311,0.0,33.53,16.0,Maharashtra
20050312,0.0,33.95,15.5,Maharashtra
20050313,0.0,35.0,15.6,Maharashtra
20050314,0.0,36.35,17.45,Maharashtra
20050315,0.0,37.07,19.73,Maharashtra
20050316,0.0,37.97,18.05,Maharashtra
20050317,0.0,38.83,20.15,Maharashtra
20050318,0.0,39.03,19.84,Maharashtra
20050319,0.0,39.26,20.32,Maharashtra
20050320,0.0,38.84,20.29,Maharashtra
20050321,0.0,38.65,21.48,Maharashtra
20050322,0.0,37.88,20.94,Maharashtra
20050323,0.0,35.66,17.46,Maharashtra
20050324,0.0,33.95,15.57,Maharashtra
20050325,0.0,36.66,16.05,Maharashtra
20050326,0.0,38.16,17.26,Maharashtra
20050327,0.0,39.74,20.51,Maharashtra
20050328,0.0,38.93,20.16,Maharashtra
20050329,0.0,38.39,19.78,Maharashtra
20050330,0.0,37.42,19.27,Maharashtra
20050331,0.0,38.49,18.7,Maharashtra
20050401,0.0,39.29,18.68,Maharashtra
20050402,0.01,39.05,19.43,Maharashtra
20050403,0.01,40.44,20.91,Maharashtra
20050404,0.0,41.17,20.74,Maharashtra
20050405,0.0,40.21,20.09,Maharashtra
20050406,0.42,39.83,20.73,Maharashtra
20050407,0.22,39.44,22.37,Maharashtra
20050408,0.0,39.19,21.39,Maharashtra
20050409,0.0,38.19,19.93,Maharashtra
20050410,0.0,38.16,17.97,Maharashtra
20050411,0.0,38.93,18.62,Maharashtra
20050412,0.5,39.63,19.88,Maharashtra
20050413,0.07,37.76,26.87,Maharashtra
20050414,0.53,38.65,24.11,Maharashtra
20050415,0.03,36.76,22.68,Maharashtra
20050416,0.0,39.03,24.45,Maharashtra
20050417,0.01,38.6,24.37,Maharashtra
20050418,0.0,36.01,24.9,Maharashtra
20050419,0.0,40.86,20.51,Maharashtra
20050420,0.0,41.57,20.67,Maharashtra
20050421,0.0,40.86,22.2,Maharashtra
20050422,0.05,40.41,23.01,Maharashtra
20050423,0.21,36.67,25.24,Maharashtra
20050424,0.71,31.65,23.07,Maharashtra
20050425,0.21,35.93,21.92,Maharashtra
20050426,0.69,39.61,24.36,Maharashtra
20050427,0.12,40.03,22.82,Maharashtra
20050428,0.0,39.59,23.34,Maharashtra
20050429,0.0,37.79,23.99,Maharashtra
20050430,0.0,39.51,22.06,Maharashtra
20050501,0.0,39.59,23.65,Maharashtra
20050502,1.7,40.16,24.77,Maharashtra
20050503,8.11,35.05,25.18,Maharashtra
20050504,1.04,35.41,21.25,Maharashtra
20050505,0.05,37.08,22.28,Maharashtra
20050506,0.0,38.58,23.24,Maharashtra
20050507,0.0,39.54,24.02,Maharashtra
20050508,0.0,40.17,23.76,Maharashtra
20050509,0.0,39.68,24.7,Maharashtra
20050510,0.0,39.66,23.4,Maharashtra
20050511,0.0,40.06,23.98,Maharashtra
20050512,0.0,40.36,22.55,Maharashtra
20050513,0.0,40.42,22.19,Maharashtra
20050514,0.0,40.9,21.77,Maharashtra
20050515,0.0,41.49,22.79,Maharashtra
20050516,0.0,42.18,23.17,Maharashtra
20050517,0.0,42.26,23.63,Maharashtra
20050518,0.0,42.18,23.72,Maharashtra
20050519,0.0,42.06,24.08,Maharashtra
20050520,0.0,42.64,25.26,Maharashtra
20050521,0.0,43.39,26.34,Maharashtra
20050522,0.0,42.58,26.33,Maharashtra
20050523,0.0,41.07,25.69,Maharashtra
20050524,0.24,38.41,26.22,Maharashtra
20050525,0.0,40.37,26.11,Maharashtra
20050526,0.0,38.43,25.8,Maharashtra
20050527,0.0,39.76,25.7,Maharashtra
20050528,0.7,36.81,26.31,Maharashtra
20050529,0.42,37.74,26.43,Maharashtra
20050530,0.09,38.93,26.5,Maharashtra
20050531,0.14,40.04,28.06,Maharashtra
20050601,0.01,41.47,27.04,Maharashtra
20050602,0.0,41.52,25.86,Maharashtra
20050603,0.0,39.67,26.94,Maharashtra
20050604,0.02,42.18,27.3,Maharashtra
20050605,0.0,41.9,24.61,Maharashtra
20050606,0.0,42.78,26.58,Maharashtra
20050607,0.0,40.56,25.08,Maharashtra
20050608,0.0,40.6,24.47,Maharashtra
20050609,5.69,40.35,24.96,Maharashtra
20050610,21.65,35.79,26.12,Maharashtra
20050611,2.36,38.04,23.66,Maharashtra
20050612,0.28,33.99,24.13,Maharashtra
20050613,15.36,34.71,23.62,Maharashtra
20050614,3.28,33.71,24.34,Maharashtra
20050615,0.67,36.11,24.47,Maharashtra
20050616,0.54,38.28,24.99,Maharashtra
20050617,3.25,36.19,25.19,Maharashtra
20050618,1.14,35.21,25.13,Maharashtra
20050619,0.15,34.29,23.38,Maharashtra
20050620,0.26,35.27,23.7,Maharashtra
20050621,0.08,33.91,23.83,Maharashtra
20050622,0.72,31.69,23.61,Maharashtra
20050623,2.7,33.85,22.51,Maharashtra
20050624,1.27,28.9,23.5,Maharashtra
20050625,9.24,29.27,23.44,Maharashtra
20050626,4.51,29.84,23.43,Maharashtra
20050627,10.22,30.15,23.14,Maharashtra
20050628,20.9,27.89,22.55,Maharashtra
20050629,13.77,27.75,22.8,Maharashtra
20050630,8.41,30.14,23.01,Maharashtra
20050701,1.73,30.11,22.22,Maharashtra
20050702,4.65,30.3,22.78,Maharashtra
20050703,10.34,28.01,22.45,Maharashtra
20050704,8.53,27.53,21.8,Maharashtra
20050705,0.99,30.58,22.75,Maharashtra
20050706,0.06,32.61,22.69,Maharashtra
20050707,22.27,28.81,22.97,Maharashtra
20050708,1.11,30.42,22.66,Maharashtra
20050709,13.91,28.31,22.81,Maharashtra
20050710,0.87,28.36,22.76,Maharashtra
20050711,5.34,26.4,22.87,Maharashtra
20050712,0.79,29.59,22.4,Maharashtra
20050713,0.06,30.3,22.57,Maharashtra
20050714,0.27,28.66,22.91,Maharashtra
20050715,0.64,29.79,22.43,Maharashtra
20050716,2.45,30.06,23.13,Maharashtra
20050717,0.81,29.84,23.25,Maharashtra
20050718,3.27,29.9,23.12,Maharashtra
20050719,67.18,29.02,23.72,Maharashtra
20050720,19.68,28.4,23.03,Maharashtra
20050721,5.89,27.32,22.43,Maharashtra
20050722,3.64,30.14,22.38,Maharashtra
20050723,1.01,30.19,22.17,Maharashtra
20050724,7.23,29.45,22.52,Maharashtra
20050725,41.32,26.4,22.56,Maharashtra
20050726,30.0,27.26,22.77,Maharashtra
20050727,87.14,26.66,22.42,Maharashtra
20050728,6.59,28.0,21.16,Maharashtra
20050729,4.69,29.0,21.17,Maharashtra
20050730,2.78,29.68,22.23,Maharashtra
20050731,15.47,27.86,22.53,Maharashtra
20050801,32.12,26.04,21.86,Maharashtra
20050802,10.88,29.06,22.16,Maharashtra
20050803,6.65,29.3,22.03,Maharashtra
20050804,4.58,29.63,22.06,Maharashtra
20050805,12.28,28.88,21.98,Maharashtra
20050806,5.78,28.07,21.74,Maharashtra
20050807,1.0,27.63,21.83,Maharashtra
20050808,2.3,30.02,21.66,Maharashtra
20050809,1.14,29.83,21.73,Maharashtra
20050810,0.61,29.59,21.74,Maharashtra
20050811,0.87,28.49,21.29,Maharashtra
20050812,0.29,29.42,21.43,Maharashtra
20050813,2.06,28.73,21.47,Maharashtra
20050814,3.65,27.37,21.73,Maharashtra
20050815,3.26,28.56,21.56,Maharashtra
20050816,11.22,26.67,21.89,Maharashtra
20050817,1.2,29.44,20.97,Maharashtra
20050818,0.92,30.43,21.41,Maharashtra
20050819,2.31,28.71,21.74,Maharashtra
20050820,3.47,26.19,21.71,Maharashtra
20050821,5.93,27.48,21.52,Maharashtra
20050822,3.83,29.44,21.04,Maharashtra
20050823,0.28,29.87,20.98,Maharashtra
20050824,0.01,30.53,20.96,Maharashtra
20050825,2.12,29.44,20.83,Maharashtra
20050826,0.59,29.06,20.82,Maharashtra
20050827,1.94,29.37,20.99,Maharashtra
20050828,0.27,28.38,21.75,Maharashtra
20050829,7.1,28.82,21.87,Maharashtra
20050830,2.85,29.75,22.22,Maharashtra
20050831,6.16,30.41,22.7,Maharashtra
20050901,2.31,30.96,22.09,Maharashtra
20050902,2.61,32.0,21.86,Maharashtra
20050903,10.96,30.14,22.96,Maharashtra
20050904,31.37,27.72,21.74,Maharashtra
20050905,19.65,29.54,22.0,Maharashtra
20050906,9.45,29.9,22.19,Maharashtra
20050907,8.26,29.07,23.36,Maharashtra
20050908,58.01,29.05,22.8,Maharashtra
20050909,19.91,29.7,21.95,Maharashtra
20050910,9.13,30.5,21.85,Maharashtra
20050911,2.82,27.83,22.28,Maharashtra
20050912,21.27,28.94,21.77,Maharashtra
20050913,3.72,27.66,22.45,Maharashtra
20050914,5.94,26.1,22.25,Maharashtra
20050915,6.31,28.35,21.54,Maharashtra
20050916,3.82,28.89,20.93,Maharashtra
20050917,4.78,28.97,20.84,Maharashtra
20050918,3.16,28.64,21.01,Maharashtra
20050919,0.71,28.43,21.49,Maharashtra
20050920,1.18,29.35,21.81,Maharashtra
20050921,32.69,28.49,23.44,Maharashtra
20050922,22.72,28.43,22.71,Maharashtra
20050923,2.88,25.75,21.25,Maharashtra
20050924,0.26,27.86,20.82,Maharashtra
20050925,0.02,28.65,20.4,Maharashtra
20050926,0.0,28.29,20.29,Maharashtra
20050927,0.0,28.59,20.31,Maharashtra
20050928,1.01,28.15,19.43,Maharashtra
20050929,0.18,27.97,19.06,Maharashtra
20050930,0.49,28.77,20.15,Maharashtra
20051001,0.06,29.17,20.28,Maharashtra
20051002,2.24,29.72,20.08,Maharashtra
20051003,0.48,30.05,19.33,Maharashtra
20051004,3.41,29.81,18.16,Maharashtra
20051005,1.28,30.06,18.6,Maharashtra
20051006,0.0,30.37,19.88,Maharashtra
20051007,0.0,30.12,19.13,Maharashtra
20051008,0.0,30.0,19.81,Maharashtra
20051009,0.0,29.54,17.48,Maharashtra
20051010,0.0,29.88,17.07,Maharashtra
20051011,0.5,29.48,17.75,Maharashtra
20051012,0.21,29.75,17.77,Maharashtra
20051013,0.19,29.18,17.95,Maharashtra
20051014,19.66,26.44,20.18,Maharashtra
20051015,27.18,25.14,20.55,Maharashtra
20051016,20.42,27.3,20.98,Maharashtra
20051017,9.39,27.47,22.05,Maharashtra
20051018,3.59,26.99,21.39,Maharashtra
20051019,0.06,28.64,19.49,Maharashtra
20051020,0.0,28.6,18.45,Maharashtra
20051021,0.0,27.91,17.5,Maharashtra
20051022,0.0,26.96,14.79,Maharashtra
20051023,0.0,26.65,16.89,Maharashtra
20051024,0.02,27.21,17.82,Maharashtra
20051025,0.22,28.31,17.15,Maharashtra
20051026,0.6,28.95,17.73,Maharashtra
20051027,0.03,26.86,14.34,Maharashtra
20051028,0.0,26.83,15.65,Maharashtra
20051029,0.05,27.23,13.93,Maharashtra
20051030,0.0,27.52,15.06,Maharashtra
20051031,0.0,27.5,15.96,Maharashtra
20051101,0.0,27.48,15.82,Maharashtra
20051102,0.0,27.67,13.84,Maharashtra
20051103,0.0,28.01,14.77,Maharashtra
20051104,0.0,27.71,14.74,Maharashtra
20051105,0.0,26.12,12.74,Maharashtra
20051106,0.0,26.13,12.88,Maharashtra
20051107,0.0,26.61,13.02,Maharashtra
20051108,0.0,26.22,13.62,Maharashtra
20051109,0.0,25.67,10.9,Maharashtra
20051110,0.0,25.79,11.57,Maharashtra
20051111,0.0,26.22,10.41,Maharashtra
20051112,0.0,26.92,12.29,Maharashtra
20051113,0.0,27.59,13.92,Maharashtra
20051114,0.0,27.38,14.14,Maharashtra
20051115,0.0,27.34,12.88,Maharashtra
20051116,0.0,27.58,14.72,Maharashtra
20051117,0.0,28.21,13.27,Maharashtra
20051118,0.0,28.11,13.98,Maharashtra
20051119,0.0,27.59,12.41,Maharashtra
20051120,0.0,27.64,12.75,Maharashtra
20051121,0.0,27.53,11.8,Maharashtra
20051122,0.0,28.12,11.37,Maharashtra
20051123,0.0,27.71,11.75,Maharashtra
20051124,0.0,26.57,12.01,Maharashtra
20051125,0.0,27.76,12.23,Maharashtra
20051126,0.0,27.48,11.74,Maharashtra
20051127,0.0,25.99,13.75,Maharashtra
20051128,0.0,27.66,13.53,Maharashtra
20051129,0.0,28.16,14.03,Maharashtra
20051130,0.0,26.91,15.04,Maharashtra
20051201,0.0,27.6,14.15,Maharashtra
20051202,0.0,28.5,14.03,Maharashtra
20051203,0.0,28.78,15.18,Maharashtra
20051204,0.0,28.88,13.83,Maharashtra
20051205,0.0,28.58,14.34,Maharashtra
20051206,0.0,28.88,14.39,Maharashtra
20051207,0.0,28.51,13.34,Maharashtra
20051208,0.0,28.46,11.78,Maharashtra
20051209,0.0,27.99,11.13,Maharashtra
20051210,0.0,27.99,10.62,Maharashtra
20051211,0.0,27.3,10.3,Maharashtra
20051212,0.0,27.62,9.96,Maharashtra
20051213,0.0,28.4,11.11,Maharashtra
20051214,0.0,28.52,11.63,Maharashtra
20051215,0.0,27.35,11.36,Maharashtra
20051216,0.0,27.11,10.99,Maharashtra
20051217,0.0,27.28,10.47,Maharashtra
20051218,0.0,27.59,10.34,Maharashtra
20051219,0.0,27.29,9.79,Maharashtra
20051220,0.0,28.4,9.96,Maharashtra
20051221,0.0,28.34,12.57,Maharashtra
20051222,0.0,27.53,13.97,Maharashtra
20051223,0.0,27.42,11.04,Maharashtra
20051224,0.0,26.89,10.5,Maharashtra
20051225,0.0,26.38,10.01,Maharashtra
20051226,0.0,26.78,11.21,Maharashtra
20051227,0.0,27.6,9.32,Maharashtra
20051228,0.0,28.68,9.85,Maharashtra
20051229,0.0,28.88,10.39,Maharashtra
20051230,0.0,28.85,10.22,Maharashtra
20051231,0.0,28.53,11.35,Maharashtra
20060101,0.0,28.35,10.23,Maharashtra
20060102,0.0,28.24,10.82,Maharashtra
20060103,0.0,28.99,12.26,Maharashtra
20060104,0.0,28.76,12.51,Maharashtra
20060105,0.0,29.5,11.5,Maharashtra
20060106,0.0,28.51,11.5,Maharashtra
20060107,0.0,28.92,12.08,Maharashtra
20060108,0.0,29.55,11.6,Maharashtra
20060109,0.0,30.49,11.05,Maharashtra
20060110,0.0,32.0,11.28,Maharashtra
20060111,0.0,31.68,11.64,Maharashtra
20060112,0.0,32.1,11.92,Maharashtra
20060113,0.0,31.75,13.16,Maharashtra
20060114,0.0,32.0,15.35,Maharashtra
20060115,0.0,32.59,14.01,Maharashtra
20060116,0.0,32.84,13.75,Maharashtra
20060117,0.0,33.56,17.14,Maharashtra
20060118,0.0,33.29,15.71,Maharashtra
20060119,0.0,33.26,16.28,Maharashtra
20060120,0.0,32.8,15.59,Maharashtra
20060121,0.0,31.5,14.39,Maharashtra
20060122,0.0,32.71,15.29,Maharashtra
20060123,0.0,28.54,11.32,Maharashtra
20060124,0.0,27.81,9.41,Maharashtra
20060125,0.0,26.96,8.61,Maharashtra
20060126,0.0,28.17,8.5,Maharashtra
20060127,0.0,30.03,9.65,Maharashtra
20060128,0.0,31.27,11.91,Maharashtra
20060129,0.0,31.68,13.91,Maharashtra
20060130,0.0,32.68,12.9,Maharashtra
20060131,0.0,33.35,13.29,Maharashtra
20060201,0.0,33.63,13.59,Maharashtra
20060202,0.0,33.83,13.94,Maharashtra
20060203,0.0,33.88,14.48,Maharashtra
20060204,0.0,33.69,14.31,Maharashtra
20060205,0.0,33.72,15.24,Maharashtra
20060206,0.0,33.97,16.84,Maharashtra
20060207,0.0,33.75,16.76,Maharashtra
20060208,0.0,33.04,12.74,Maharashtra
20060209,0.0,33.06,12.99,Maharashtra
20060210,0.0,32.78,14.57,Maharashtra
20060211,0.0,33.86,17.44,Maharashtra
20060212,0.0,33.96,14.24,Maharashtra
20060213,0.0,35.15,15.26,Maharashtra
20060214,0.0,35.14,15.93,Maharashtra
20060215,0.0,35.14,16.04,Maharashtra
20060216,0.0,35.4,15.89,Maharashtra
20060217,0.0,35.67,15.25,Maharashtra
20060218,0.0,36.82,16.35,Maharashtra
20060219,0.0,37.55,19.55,Maharashtra
20060220,0.0,38.17,20.3,Maharashtra
20060221,0.0,38.01,17.43,Maharashtra
20060222,0.0,37.83,20.01,Maharashtra
20060223,0.0,37.92,18.13,Maharashtra
20060224,0.0,37.82,20.42,Maharashtra
20060225,0.0,37.69,18.55,Maharashtra
20060226,0.0,36.58,17.88,Maharashtra
20060227,0.0,36.68,19.24,Maharashtra
20060228,0.0,36.81,20.27,Maharashtra
20060301,0.0,37.62,21.76,Maharashtra
20060302,0.37,34.75,23.17,Maharashtra
20060303,0.66,34.62,22.62,Maharashtra
20060304,1.14,36.2,21.0,Maharashtra
20060305,0.63,35.3,16.92,Maharashtra
20060306,0.0,35.74,16.32,Maharashtra
20060307,0.0,35.55,16.22,Maharashtra
20060308,0.01,35.18,16.72,Maharashtra
20060309,18.3,31.67,18.07,Maharashtra
20060310,10.6,27.07,16.64,Maharashtra
20060311,0.07,28.97,13.83,Maharashtra
20060312,0.01,30.34,15.04,Maharashtra
20060313,0.0,32.33,15.73,Maharashtra
20060314,0.1,33.74,19.18,Maharashtra
20060315,0.02,30.92,17.81,Maharashtra
20060316,0.13,30.81,19.39,Maharashtra
20060317,0.0,32.23,18.65,Maharashtra
20060318,0.0,33.74,18.03,Maharashtra
20060319,0.0,35.49,19.28,Maharashtra
20060320,0.0,36.6,19.38,Maharashtra
20060321,0.0,36.93,19.83,Maharashtra
20060322,0.0,36.46,18.96,Maharashtra
20060323,0.0,37.41,19.04,Maharashtra
20060324,0.0,38.44,19.44,Maharashtra
20060325,0.0,38.76,19.8,Maharashtra
20060326,0.0,37.52,20.52,Maharashtra
20060327,0.0,36.43,18.29,Maharashtra
20060328,0.0,37.3,17.8,Maharashtra
20060329,0.0,38.86,19.04,Maharashtra
20060330,0.0,38.88,20.22,Maharashtra
20060331,0.06,39.2,21.88,Maharashtra
20060401,0.16,38.49,19.81,Maharashtra
20060402,0.0,38.64,21.77,Maharashtra
20060403,0.0,38.8,20.17,Maharashtra
20060404,0.0,39.04,19.58,Maharashtra
20060405,0.0,40.46,19.5,Maharashtra
20060406,0.0,40.96,20.96,Maharashtra
20060407,0.0,40.75,21.05,Maharashtra
20060408,0.0,40.59,21.04,Maharashtra
20060409,0.0,40.69,20.66,Maharashtra
20060410,0.0,40.79,21.86,Maharashtra
20060411,0.0,40.77,21.94,Maharashtra
20060412,0.01,39.8,21.69,Maharashtra
20060413,0.0,39.63,21.67,Maharashtra
20060414,0.06,39.63,23.63,Maharashtra
20060415,0.03,40.03,25.53,Maharashtra
20060416,0.01,37.31,23.5,Maharashtra
20060417,0.0,37.71,24.46,Maharashtra
20060418,0.0,36.99,20.17,Maharashtra
20060419,0.0,38.41,19.27,Maharashtra
20060420,0.0,39.27,21.76,Maharashtra
20060421,0.0,39.86,23.9,Maharashtra
20060422,0.0,40.4,24.24,Maharashtra
20060423,0.14,39.73,24.01,Maharashtra
20060424,0.01,40.06,24.41,Maharashtra
20060425,0.0,40.54,22.46,Maharashtra
20060426,0.0,40.85,22.74,Maharashtra
20060427,0.0,41.33,23.01,Maharashtra
20060428,0.0,41.66,23.22,Maharashtra
20060429,0.0,41.67,23.47,Maharashtra
20060430,0.0,42.39,24.33,Maharashtra
20060501,0.0,41.61,24.55,Maharashtra
20060502,0.0,42.06,25.44,Maharashtra
20060503,0.0,42.33,26.14,Maharashtra
20060504,0.0,42.44,24.58,Maharashtra
20060505,0.01,43.03,25.35,Maharashtra
20060506,0.0,42.94,25.96,Maharashtra
20060507,0.13,42.98,25.4,Maharashtra
20060508,0.06,42.39,26.33,Maharashtra
20060509,0.0,42.7,27.13,Maharashtra
20060510,0.0,42.08,26.1,Maharashtra
20060511,0.0,41.81,25.22,Maharashtra
20060512,0.0,41.91,25.41,Maharashtra
20060513,0.0,42.26,24.54,Maharashtra
20060514,0.0,41.35,24.86,Maharashtra
20060515,0.0,42.13,24.28,Maharashtra
20060516,0.0,41.99,25.66,Maharashtra
20060517,0.89,41.62,25.32,Maharashtra
20060518,1.34,41.39,26.06,Maharashtra
20060519,0.07,39.85,26.84,Maharashtra
20060520,0.0,39.75,24.15,Maharashtra
20060521,0.0,39.71,23.38,Maharashtra
20060522,0.0,40.45,23.42,Maharashtra
20060523,0.0,37.96,23.82,Maharashtra
20060524,0.24,39.32,24.81,Maharashtra
20060525,0.11,38.69,25.25,Maharashtra
20060526,58.86,33.23,26.05,Maharashtra
20060527,6.7,35.23,24.3,Maharashtra
20060528,11.63,36.31,24.56,Maharashtra
20060529,0.86,34.35,24.65,Maharashtra
20060530,12.66,32.23,24.94,Maharashtra
20060531,3.91,32.16,24.55,Maharashtra
20060601,3.5,33.46,22.62,Maharashtra
20060602,1.2,32.15,22.97,Maharashtra
20060603,1.14,32.85,22.22,Maharashtra
20060604,22.76,31.09,22.15,Maharashtra
20060605,0.33,33.74,22.08,Maharashtra
20060606,0.01,34.41,22.23,Maharashtra
20060607,0.0,34.41,21.98,Maharashtra
20060608,0.0,33.58,22.33,Maharashtra
20060609,0.29,32.98,22.22,Maharashtra
20060610,0.46,36.06,22.97,Maharashtra
20060611,0.02,36.84,22.07,Maharashtra
20060612,0.0,36.17,21.71,Maharashtra
20060613,0.0,36.5,22.01,Maharashtra
20060614,0.09,35.88,22.41,Maharashtra
20060615,1.28,36.07,23.2,Maharashtra
20060616,4.3,33.46,23.78,Maharashtra
20060617,5.52,32.43,23.88,Maharashtra
20060618,0.66,35.11,23.54,Maharashtra
20060619,6.34,34.08,24.84,Maharashtra
20060620,10.49,31.79,24.05,Maharashtra
20060621,3.25,33.7,23.46,Maharashtra
20060622,12.72,34.41,24.53,Maharashtra
20060623,43.03,31.99,24.36,Maharashtra
20060624,5.46,32.67,23.64,Maharashtra
20060625,4.67,32.41,23.21,Maharashtra
20060626,3.1,33.39,23.37,Maharashtra
20060627,11.61,32.75,24.04,Maharashtra
20060628,1.4,31.16,23.81,Maharashtra
20060629,6.33,30.55,23.46,Maharashtra
20060630,4.16,30.43,23.02,Maharashtra
20060701,2.32,29.01,23.32,Maharashtra
20060702,1.32,31.32,23.03,Maharashtra
20060703,9.11,28.07,23.15,Maharashtra
20060704,63.52,27.07,22.67,Maharashtra
20060705,33.77,26.07,21.99,Maharashtra
20060706,1.98,31.37,21.16,Maharashtra
20060707,0.87,31.61,21.04,Maharashtra
20060708,0.83,32.32,22.2,Maharashtra
20060709,1.06,29.51,22.51,Maharashtra
20060710,3.5,30.76,22.2,Maharashtra
20060711,1.1,31.72,22.1,Maharashtra
20060712,2.5,30.82,22.35,Maharashtra
20060713,0.34,30.11,22.33,Maharashtra
20060714,0.13,29.76,22.05,Maharashtra
20060715,0.04,28.64,21.98,Maharashtra
20060716,0.03,32.21,21.63,Maharashtra
20060717,1.1,29.6,21.34,Maharashtra
20060718,5.6,26.31,21.81,Maharashtra
20060719,2.06,31.62,21.51,Maharashtra
20060720,0.27,28.94,21.55,Maharashtra
20060721,8.82,27.88,21.82,Maharashtra
20060722,11.01,30.39,21.67,Maharashtra
20060723,2.51,30.63,22.01,Maharashtra
20060724,0.78,30.67,21.79,Maharashtra
20060725,0.25,30.33,21.7,Maharashtra
20060726,5.14,30.56,22.32,Maharashtra
20060727,8.31,28.95,22.06,Maharashtra
20060728,18.46,28.55,22.1,Maharashtra
20060729,7.65,27.28,22.41,Maharashtra
20060730,6.02,29.0,22.09,Maharashtra
20060731,1.26,30.89,21.75,Maharashtra
20060801,2.06,30.41,21.43,Maharashtra
20060802,3.45,29.6,21.82,Maharashtra
20060803,6.12,26.59,21.77,Maharashtra
20060804,17.82,27.99,21.61,Maharashtra
20060805,79.98,25.17,21.9,Maharashtra
20060806,86.34,24.76,21.55,Maharashtra
20060807,41.37,25.94,21.49,Maharashtra
20060808,30.31,26.18,21.72,Maharashtra
20060809,9.45,28.35,21.35,Maharashtra
20060810,6.8,29.45,21.93,Maharashtra
20060811,6.6,29.11,22.06,Maharashtra
20060812,0.45,29.05,21.66,Maharashtra
20060813,1.75,28.27,21.72,Maharashtra
20060814,1.54,27.29,20.87,Maharashtra
20060815,3.21,28.9,20.2,Maharashtra
20060816,13.63,27.75,21.42,Maharashtra
20060817,4.95,26.1,21.69,Maharashtra
20060818,1.68,30.03,20.71,Maharashtra
20060819,0.38,29.7,20.24,Maharashtra
20060820,0.59,30.44,20.92,Maharashtra
20060821,0.14,29.39,20.97,Maharashtra
20060822,1.31,27.59,20.25,Maharashtra
20060823,1.74,27.71,20.83,Maharashtra
20060824,1.68,28.22,20.81,Maharashtra
20060825,1.92,29.56,20.6,Maharashtra
20060826,2.47,29.17,20.94,Maharashtra
20060827,1.75,28.73,20.97,Maharashtra
20060828,1.09,27.58,21.32,Maharashtra
20060829,0.68,28.23,20.66,Maharashtra
20060830,0.66,26.91,20.93,Maharashtra
20060831,0.4,26.26,20.71,Maharashtra
20060901,1.18,29.06,19.97,Maharashtra
20060902,0.29,29.89,20.26,Maharashtra
20060903,1.91,29.57,20.63,Maharashtra
20060904,5.0,28.84,21.68,Maharashtra
20060905,2.44,26.93,22.06,Maharashtra
20060906,2.73,26.81,21.21,Maharashtra
20060907,1.38,30.38,19.76,Maharashtra
20060908,11.65,30.87,22.1,Maharashtra
20060909,2.62,30.07,22.69,Maharashtra
20060910,7.87,31.7,22.16,Maharashtra
20060911,9.22,30.52,22.59,Maharashtra
20060912,12.2,30.28,22.77,Maharashtra
20060913,10.73,28.84,23.08,Maharashtra
20060914,11.24,27.23,22.11,Maharashtra
20060915,9.5,28.4,21.74,Maharashtra
20060916,5.13,28.09,21.94,Maharashtra
20060917,42.79,28.38,21.59,Maharashtra
20060918,31.71,28.62,21.55,Maharashtra
20060919,16.61,27.68,21.98,Maharashtra
20060920,0.65,28.16,22.19,Maharashtra
20060921,1.45,29.16,21.41,Maharashtra
20060922,4.08,28.1,21.18,Maharashtra
20060923,45.05,27.64,22.01,Maharashtra
20060924,9.29,27.28,21.96,Maharashtra
20060925,6.77,28.23,21.38,Maharashtra
20060926,2.54,28.31,21.22,Maharashtra
20060927,0.01,28.39,21.46,Maharashtra
20060928,0.13,28.99,20.75,Maharashtra
20060929,2.28,29.2,21.02,Maharashtra
20060930,23.1,27.97,21.67,Maharashtra
20061001,14.26,27.72,20.26,Maharashtra
20061002,1.74,29.08,21.61,Maharashtra
20061003,0.54,29.16,21.49,Maharashtra
20061004,6.78,30.35,22.38,Maharashtra
20061005,2.39,29.31,22.75,Maharashtra
20061006,35.85,29.15,21.86,Maharashtra
20061007,6.83,28.68,21.27,Maharashtra
20061008,0.54,28.82,19.84,Maharashtra
20061009,0.09,28.73,20.2,Maharashtra
20061010,0.14,29.28,19.63,Maharashtra
20061011,0.0,29.94,19.39,Maharashtra
20061012,0.0,29.37,17.2,Maharashtra
20061013,0.0,29.48,19.14,Maharashtra
20061014,0.0,29.76,18.69,Maharashtra
20061015,0.0,29.88,18.82,Maharashtra
20061016,0.0,29.93,18.34,Maharashtra
20061017,0.0,30.31,20.85,Maharashtra
20061018,0.0,30.42,19.83,Maharashtra
20061019,0.01,30.22,18.2,Maharashtra
20061020,0.0,29.46,18.82,Maharashtra
20061021,0.11,29.11,18.65,Maharashtra
20061022,0.0,29.29,18.65,Maharashtra
20061023,0.1,28.79,18.44,Maharashtra
20061024,0.01,28.27,17.61,Maharashtra
20061025,0.0,28.15,17.02,Maharashtra
20061026,0.0,27.99,16.37,Maharashtra
20061027,0.0,27.54,15.48,Maharashtra
20061028,0.0,27.13,15.43,Maharashtra
20061029,0.0,27.68,17.92,Maharashtra
20061030,0.0,27.75,18.4,Maharashtra
20061031,2.26,28.19,18.66,Maharashtra
20061101,0.47,27.32,18.44,Maharashtra
20061102,0.19,27.7,18.04,Maharashtra
20061103,5.54,24.67,19.22,Maharashtra
20061104,0.29,25.76,18.31,Maharashtra
20061105,1.71,27.09,18.83,Maharashtra
20061106,1.4,26.62,18.89,Maharashtra
20061107,4.58,26.64,18.14,Maharashtra
20061108,8.47,26.34,16.57,Maharashtra
20061109,3.05,26.77,15.61,Maharashtra
20061110,0.0,26.51,14.75,Maharashtra
20061111,0.0,26.36,14.13,Maharashtra
20061112,0.0,26.59,14.89,Maharashtra
20061113,0.0,26.72,14.39,Maharashtra
20061114,0.0,26.74,13.82,Maharashtra
20061115,0.0,26.45,13.36,Maharashtra
20061116,0.0,26.51,12.75,Maharashtra
20061117,0.0,26.38,13.36,Maharashtra
20061118,0.0,26.37,13.15,Maharashtra
20061119,0.0,26.92,12.89,Maharashtra
20061120,0.0,26.95,14.36,Maharashtra
20061121,0.07,27.45,13.91,Maharashtra
20061122,2.83,27.04,14.37,Maharashtra
20061123,0.57,26.43,17.71,Maharashtra
20061124,0.51,27.46,17.86,Maharashtra
20061125,12.31,26.71,18.66,Maharashtra
20061126,8.62,26.8,19.64,Maharashtra
20061127,0.0,28.01,18.33,Maharashtra
20061128,0.11,27.64,18.26,Maharashtra
20061129,0.3,27.14,18.57,Maharashtra
20061130,0.64,27.48,18.23,Maharashtra
20061201,0.36,27.24,18.2,Maharashtra
20061202,0.01,27.73,17.08,Maharashtra
20061203,0.0,27.56,14.72,Maharashtra
20061204,0.0,27.85,15.18,Maharashtra
20061205,0.0,27.94,14.83,Maharashtra
20061206,0.0,27.4,15.42,Maharashtra
20061207,0.0,27.56,15.17,Maharashtra
20061208,0.0,27.09,12.68,Maharashtra
20061209,0.0,26.39,12.23,Maharashtra
20061210,0.0,26.53,11.99,Maharashtra
20061211,0.0,27.04,12.83,Maharashtra
20061212,0.0,27.27,12.16,Maharashtra
20061213,0.0,27.73,12.6,Maharashtra
20061214,0.0,27.79,12.76,Maharashtra
20061215,0.0,28.39,14.72,Maharashtra
20061216,0.0,28.51,14.71,Maharashtra
20061217,0.0,27.26,12.26,Maharashtra
20061218,0.0,28.09,13.12,Maharashtra
20061219,0.0,28.41,12.36,Maharashtra
20061220,0.0,26.76,9.7,Maharashtra
20061221,0.0,26.36,9.62,Maharashtra
20061222,0.0,27.11,11.61,Maharashtra
20061223,0.0,27.43,11.76,Maharashtra
20061224,0.0,27.3,12.95,Maharashtra
20061225,0.0,28.17,12.95,Maharashtra
20061226,0.0,28.71,12.65,Maharashtra
20061227,0.0,28.12,14.25,Maharashtra
20061228,0.0,28.58,13.24,Maharashtra
20061229,0.0,28.9,13.38,Maharashtra
20061230,0.0,28.9,14.51,Maharashtra
20061231,0.0,29.03,12.09,Maharashtra
20070101,0.0,27.25,11.13,Maharashtra
20070102,0.0,28.14,13.25,Maharashtra
20070103,0.0,28.18,12.82,Maharashtra
20070104,0.0,28.19,13.09,Maharashtra
20070105,0.0,28.13,13.84,Maharashtra
20070106,0.0,28.66,10.22,Maharashtra
20070107,0.0,28.13,11.48,Maharashtra
20070108,0.0,28.35,10.9,Maharashtra
20070109,0.0,28.37,10.89,Maharashtra
20070110,0.0,28.58,11.93,Maharashtra
20070111,0.0,28.82,11.68,Maharashtra
20070112,0.0,29.22,12.0,Maharashtra
20070113,0.0,30.08,13.54,Maharashtra
20070114,0.0,30.02,12.99,Maharashtra
20070115,0.0,30.55,14.17,Maharashtra
20070116,0.0,29.04,12.05,Maharashtra
20070117,0.0,29.19,10.65,Maharashtra
20070118,0.0,29.49,10.65,Maharashtra
20070119,0.0,30.5,11.5,Maharashtra
20070120,0.0,31.45,13.08,Maharashtra
20070121,0.0,30.97,12.41,Maharashtra
20070122,0.0,32.01,13.69,Maharashtra
20070123,0.0,32.07,12.53,Maharashtra
20070124,0.0,31.77,14.19,Maharashtra
20070125,0.0,32.23,13.98,Maharashtra
20070126,0.0,32.72,13.53,Maharashtra
20070127,0.0,32.77,13.17,Maharashtra
20070128,0.0,32.18,15.36,Maharashtra
20070129,0.07,32.94,16.9,Maharashtra
20070130,0.02,32.68,16.83,Maharashtra
20070131,0.0,33.92,18.02,Maharashtra
20070201,0.0,33.23,18.29,Maharashtra
20070202,0.0,33.75,17.67,Maharashtra
20070203,0.0,33.51,16.55,Maharashtra
20070204,0.0,32.92,14.92,Maharashtra
20070205,0.0,33.06,14.84,Maharashtra
20070206,0.0,32.17,15.07,Maharashtra
20070207,0.0,32.51,15.1,Maharashtra
20070208,0.0,33.25,15.08,Maharashtra
20070209,0.01,33.86,16.49,Maharashtra
20070210,0.02,32.3,19.73,Maharashtra
20070211,0.0,31.73,16.42,Maharashtra
20070212,0.06,31.18,16.89,Maharashtra
20070213,0.04,28.38,14.35,Maharashtra
20070214,0.01,29.02,13.29,Maharashtra
20070215,0.0,30.41,14.12,Maharashtra
20070216,0.0,29.74,13.64,Maharashtra
20070217,0.0,30.98,14.2,Maharashtra
20070218,0.0,32.38,15.2,Maharashtra
20070219,0.0,32.43,15.24,Maharashtra
20070220,0.0,33.34,19.96,Maharashtra
20070221,0.0,34.13,16.7,Maharashtra
20070222,0.0,33.69,17.26,Maharashtra
20070223,0.0,34.74,15.76,Maharashtra
20070224,0.0,34.26,16.53,Maharashtra
20070225,0.0,33.31,16.79,Maharashtra
20070226,0.0,33.77,16.61,Maharashtra
20070227,0.0,35.19,16.25,Maharashtra
20070228,0.0,35.78,16.03,Maharashtra
20070301,0.0,32.61,14.51,Maharashtra
20070302,0.0,31.51,14.41,Maharashtra
20070303,0.0,34.43,15.27,Maharashtra
20070304,0.0,35.29,16.4,Maharashtra
20070305,0.0,35.55,16.77,Maharashtra
20070306,0.0,35.38,17.79,Maharashtra
20070307,0.0,36.04,17.02,Maharashtra
20070308,0.0,35.6,16.9,Maharashtra
20070309,0.0,34.59,15.98,Maharashtra
20070310,0.0,34.96,16.44,Maharashtra
20070311,0.0,36.07,17.68,Maharashtra
20070312,0.0,35.18,21.67,Maharashtra
20070313,0.0,34.9,18.66,Maharashtra
20070314,0.0,34.98,17.8,Maharashtra
20070315,0.0,35.59,17.48,Maharashtra
20070316,0.0,36.47,17.29,Maharashtra
20070317,0.0,37.7,18.45,Maharashtra
20070318,0.0,38.63,20.31,Maharashtra
20070319,0.0,38.86,20.19,Maharashtra
20070320,0.0,38.44,21.04,Maharashtra
20070321,0.0,38.2,22.02,Maharashtra
20070322,0.0,36.14,23.27,Maharashtra
20070323,0.0,38.48,21.31,Maharashtra
20070324,0.0,38.72,21.02,Maharashtra
20070325,0.0,38.46,20.24,Maharashtra
20070326,0.0,38.85,19.96,Maharashtra
20070327,0.0,39.99,20.44,Maharashtra
20070328,0.0,40.81,20.9,Maharashtra
20070329,0.0,40.92,21.7,Maharashtra
20070330,0.0,40.39,21.5,Maharashtra
20070331,0.0,39.75,21.97,Maharashtra
20070401,0.0,39.99,24.49,Maharashtra
20070402,0.0,40.11,23.31,Maharashtra
20070403,0.0,41.01,22.32,Maharashtra
20070404,0.0,41.05,21.64,Maharashtra
20070405,0.0,41.31,22.17,Maharashtra
20070406,0.0,41.27,22.12,Maharashtra
20070407,0.0,40.95,22.65,Maharashtra
20070408,0.0,40.37,22.94,Maharashtra
20070409,0.0,39.32,23.35,Maharashtra
20070410,0.0,40.45,22.66,Maharashtra
20070411,0.0,40.12,23.62,Maharashtra
20070412,0.0,40.3,22.44,Maharashtra
20070413,0.0,40.32,21.77,Maharashtra
20070414,0.0,40.89,22.09,Maharashtra
20070415,0.01,41.02,22.96,Maharashtra
20070416,1.47,40.35,24.81,Maharashtra
20070417,1.33,39.81,24.02,Maharashtra
20070418,0.45,40.17,24.43,Maharashtra
20070419,7.38,37.4,26.54,Maharashtra
20070420,4.72,34.38,24.54,Maharashtra
20070421,0.0,37.09,23.59,Maharashtra
20070422,0.0,38.04,20.16,Maharashtra
20070423,0.0,38.63,20.36,Maharashtra
20070424,0.0,39.16,19.95,Maharashtra
20070425,0.0,40.13,21.74,Maharashtra
20070426,0.0,41.57,22.67,Maharashtra
20070427,0.0,42.17,23.44,Maharashtra
20070428,0.0,42.39,24.41,Maharashtra
20070429,0.0,42.62,24.58,Maharashtra
20070430,0.01,42.6,26.36,Maharashtra
20070501,0.02,43.41,26.74,Maharashtra
20070502,0.02,43.38,25.93,Maharashtra
20070503,0.0,42.47,25.25,Maharashtra
20070504,0.0,41.34,25.43,Maharashtra
20070505,0.0,42.22,25.86,Maharashtra
20070506,0.0,42.32,26.97,Maharashtra
20070507,0.1,42.05,27.19,Maharashtra
20070508,0.03,41.39,24.91,Maharashtra
20070509,0.0,41.27,23.61,Maharashtra
20070510,0.0,41.91,25.62,Maharashtra
20070511,0.0,42.23,24.01,Maharashtra
20070512,0.0,41.69,22.96,Maharashtra
20070513,0.0,40.62,22.08,Maharashtra
20070514,0.0,40.51,22.94,Maharashtra
20070515,0.0,40.42,22.29,Maharashtra
20070516,0.0,40.51,21.53,Maharashtra
20070517,0.0,39.84,24.33,Maharashtra
20070518,0.16,40.81,27.0,Maharashtra
20070519,0.63,39.82,26.13,Maharashtra
20070520,0.0,39.06,25.64,Maharashtra
20070521,0.0,40.06,23.51,Maharashtra
20070522,0.0,39.2,24.11,Maharashtra
20070523,0.0,39.78,25.29,Maharashtra
20070524,0.0,40.12,24.61,Maharashtra
20070525,0.0,40.55,23.61,Maharashtra
20070526,0.0,40.29,23.15,Maharashtra
20070527,0.0,37.92,24.64,Maharashtra
20070528,0.02,36.51,25.92,Maharashtra
20070529,0.12,36.42,26.3,Maharashtra
20070530,0.02,37.19,25.6,Maharashtra
20070531,1.41,39.56,27.82,Maharashtra
20070601,5.0,38.73,28.76,Maharashtra
20070602,9.46,33.56,25.8,Maharashtra
20070603,15.19,32.29,23.99,Maharashtra
20070604,3.58,32.48,24.01,Maharashtra
20070605,8.01,32.85,23.95,Maharashtra
20070606,0.87,35.75,23.2,Maharashtra
20070607,1.23,37.08,24.36,Maharashtra
20070608,0.94,32.55,24.48,Maharashtra
20070609,0.03,28.4,24.47,Maharashtra
20070610,0.0,38.22,22.89,Maharashtra
20070611,0.0,37.57,23.92,Maharashtra
20070612,0.0,36.71,24.35,Maharashtra
20070613,2.28,30.55,25.47,Maharashtra
20070614,13.98,27.64,24.5,Maharashtra
20070615,3.29,31.89,24.03,Maharashtra
20070616,1.36,33.07,24.09,Maharashtra
20070617,0.11,36.04,23.49,Maharashtra
20070618,0.05,34.36,24.15,Maharashtra
20070619,22.35,28.98,23.79,Maharashtra
20070620,17.01,32.96,23.14,Maharashtra
20070621,12.22,32.91,23.8,Maharashtra
20070622,10.75,32.1,24.61,Maharashtra
20070623,13.37,31.27,24.16,Maharashtra
20070624,2.96,32.35,24.16,Maharashtra
20070625,10.47,31.98,22.69,Maharashtra
20070626,8.52,32.12,22.57,Maharashtra
20070627,2.17,29.1,22.97,Maharashtra
20070628,1.36,29.86,23.05,Maharashtra
20070629,6.35,30.38,23.37,Maharashtra
20070630,12.19,29.12,22.81,Maharashtra
20070701,25.7,29.47,22.45,Maharashtra
20070702,17.66,30.84,23.33,Maharashtra
20070703,5.56,31.38,22.88,Maharashtra
20070704,1.26,29.89,21.89,Maharashtra
20070705,7.07,30.52,23.04,Maharashtra
20070706,0.41,29.45,22.79,Maharashtra
20070707,6.86,27.47,22.92,Maharashtra
20070708,8.97,26.75,22.86,Maharashtra
20070709,1.93,29.04,22.6,Maharashtra
20070710,2.52,30.67,22.03,Maharashtra
20070711,0.24,31.71,22.46,Maharashtra
20070712,0.89,31.56,22.6,Maharashtra
20070713,0.34,31.22,22.8,Maharashtra
20070714,0.59,28.12,22.97,Maharashtra
20070715,0.85,28.66,22.68,Maharashtra
20070716,0.24,31.01,22.68,Maharashtra
20070717,0.05,30.13,23.07,Maharashtra
20070718,0.01,33.0,22.2,Maharashtra
20070719,0.0,32.41,22.52,Maharashtra
20070720,0.02,32.07,22.7,Maharashtra
20070721,0.01,31.8,22.39,Maharashtra
20070722,0.14,31.2,22.22,Maharashtra
20070723,0.66,32.13,21.98,Maharashtra
20070724,9.3,31.4,23.16,Maharashtra
20070725,2.23,32.11,22.64,Maharashtra
20070726,35.25,29.64,23.7,Maharashtra
20070727,31.61,29.53,23.16,Maharashtra
20070728,25.2,27.68,23.15,Maharashtra
20070729,13.64,29.57,22.36,Maharashtra
20070730,4.02,28.44,22.94,Maharashtra
20070731,0.79,30.28,22.97,Maharashtra
20070801,1.32,28.97,23.01,Maharashtra
20070802,1.87,27.18,22.6,Maharashtra
20070803,6.85,30.95,22.38,Maharashtra
20070804,15.49,28.58,22.37,Maharashtra
20070805,13.64,28.03,22.51,Maharashtra
20070806,10.24,28.26,22.18,Maharashtra
20070807,8.82,26.79,22.93,Maharashtra
20070808,6.98,29.46,22.55,Maharashtra
20070809,0.9,29.16,22.05,Maharashtra
20070810,1.13,30.5,21.37,Maharashtra
20070811,1.59,30.02,21.52,Maharashtra
20070812,0.19,29.0,22.02,Maharashtra
20070813,2.59,28.39,21.89,Maharashtra
20070814,1.26,28.61,21.45,Maharashtra
20070815,0.82,29.57,21.3,Maharashtra
20070816,0.05,30.26,21.5,Maharashtra
20070817,0.41,29.64,21.78,Maharashtra
20070818,0.1,28.44,21.79,Maharashtra
20070819,3.04,28.15,21.38,Maharashtra
20070820,0.94,27.31,20.88,Maharashtra
20070821,1.51,29.45,20.91,Maharashtra
20070822,0.15,30.63,20.06,Maharashtra
20070823,23.82,30.23,21.56,Maharashtra
20070824,6.22,28.72,21.96,Maharashtra
20070825,9.43,29.11,21.62,Maharashtra
20070826,56.61,29.19,22.64,Maharashtra
20070827,19.04,29.55,22.65,Maharashtra
20070828,17.57,28.93,22.78,Maharashtra
20070829,9.01,28.08,22.72,Maharashtra
20070830,5.61,30.07,21.51,Maharashtra
20070831,0.86,28.13,21.5,Maharashtra
20070901,2.08,28.82,22.06,Maharashtra
20070902,3.66,27.59,22.32,Maharashtra
20070903,1.08,29.95,21.6,Maharashtra
20070904,0.2,28.62,22.82,Maharashtra
20070905,15.92,28.25,22.94,Maharashtra
20070906,6.92,28.41,22.51,Maharashtra
20070907,11.56,29.52,22.16,Maharashtra
20070908,0.47,29.71,21.49,Maharashtra
20070909,3.44,29.16,21.27,Maharashtra
20070910,1.52,29.35,21.41,Maharashtra
20070911,0.91,30.12,22.18,Maharashtra
20070912,27.44,29.81,22.63,Maharashtra
20070913,1.22,29.33,22.76,Maharashtra
20070914,0.04,29.5,22.22,Maharashtra
20070915,0.0,29.02,21.66,Maharashtra
20070916,0.0,29.13,21.2,Maharashtra
20070917,0.82,28.52,21.38,Maharashtra
20070918,26.91,27.64,22.26,Maharashtra
20070919,24.77,27.9,22.04,Maharashtra
20070920,28.46,28.82,22.06,Maharashtra
20070921,2.71,28.17,22.65,Maharashtra
20070922,8.82,29.63,21.69,Maharashtra
20070923,3.12,29.03,21.36,Maharashtra
20070924,3.03,29.59,22.09,Maharashtra
20070925,5.44,28.64,21.54,Maharashtra
20070926,0.19,29.28,20.97,Maharashtra
20070927,2.62,29.12,19.72,Maharashtra
20070928,2.0,28.3,22.35,Maharashtra
20070929,0.18,27.95,20.8,Maharashtra
20070930,0.0,29.05,20.42,Maharashtra
20071001,0.0,29.38,18.25,Maharashtra
20071002,0.0,29.47,17.7,Maharashtra
20071003,0.0,29.78,18.24,Maharashtra
20071004,0.0,29.56,18.84,Maharashtra
20071005,0.0,28.63,17.65,Maharashtra
20071006,0.0,29.39,18.23,Maharashtra
20071007,0.0,29.52,17.78,Maharashtra
20071008,0.0,28.97,16.77,Maharashtra
20071009,0.0,28.53,17.04,Maharashtra
20071010,0.0,28.8,18.45,Maharashtra
20071011,0.0,29.52,17.91,Maharashtra
20071012,0.08,29.67,18.47,Maharashtra
20071013,0.0,29.33,18.51,Maharashtra
20071014,0.0,28.44,17.21,Maharashtra
20071015,0.0,28.47,18.03,Maharashtra
20071016,0.0,28.66,18.01,Maharashtra
20071017,0.0,28.65,17.53,Maharashtra
20071018,0.0,28.47,16.06,Maharashtra
20071019,0.0,28.52,15.44,Maharashtra
20071020,0.0,28.14,15.82,Maharashtra
20071021,0.0,28.45,16.97,Maharashtra
20071022,0.0,28.03,14.44,Maharashtra
20071023,0.0,27.67,15.92,Maharashtra
20071024,0.0,27.93,13.82,Maharashtra
20071025,0.0,28.25,14.65,Maharashtra
20071026,0.0,27.73,13.72,Maharashtra
20071027,0.0,28.12,13.5,Maharashtra
20071028,0.0,28.96,15.22,Maharashtra
20071029,0.0,28.17,14.59,Maharashtra
20071030,0.0,28.03,14.4,Maharashtra
20071031,3.78,28.32,18.1,Maharashtra
20071101,3.12,29.15,20.74,Maharashtra
20071102,0.5,29.56,20.66,Maharashtra
20071103,0.73,29.36,18.21,Maharashtra
20071104,0.16,30.1,18.92,Maharashtra
20071105,0.0,30.42,19.14,Maharashtra
20071106,0.04,31.4,19.29,Maharashtra
20071107,0.0,31.34,18.75,Maharashtra
20071108,0.0,30.98,16.79,Maharashtra
20071109,0.0,30.24,15.78,Maharashtra
20071110,0.0,30.27,16.8,Maharashtra
20071111,0.0,30.52,16.59,Maharashtra
20071112,0.0,30.41,16.68,Maharashtra
20071113,0.0,30.39,17.82,Maharashtra
20071114,0.0,30.07,15.9,Maharashtra
20071115,0.0,29.76,14.2,Maharashtra
20071116,0.0,29.31,12.94,Maharashtra
20071117,0.0,28.71,11.64,Maharashtra
20071118,0.0,28.1,11.6,Maharashtra
20071119,0.0,28.2,12.28,Maharashtra
20071120,0.0,28.59,13.76,Maharashtra
20071121,0.0,28.69,10.96,Maharashtra
20071122,0.0,28.83,11.83,Maharashtra
20071123,0.0,29.08,10.95,Maharashtra
20071124,0.0,28.83,10.29,Maharashtra
20071125,0.0,28.74,10.35,Maharashtra
20071126,0.0,28.81,10.55,Maharashtra
20071127,0.0,28.84,11.49,Maharashtra
20071128,0.0,29.94,13.38,Maharashtra
20071129,0.0,29.61,12.11,Maharashtra
20071130,0.0,28.65,12.64,Maharashtra
20071201,0.0,28.11,12.67,Maharashtra
20071202,0.0,27.67,12.9,Maharashtra
20071203,0.0,28.39,14.09,Maharashtra
20071204,0.0,27.92,13.05,Maharashtra
20071205,0.0,26.39,13.33,Maharashtra
20071206,0.0,26.22,12.15,Maharashtra
20071207,0.0,25.18,12.78,Maharashtra
20071208,0.0,27.71,12.55,Maharashtra
20071209,0.0,28.61,11.21,Maharashtra
20071210,0.0,29.33,11.93,Maharashtra
20071211,0.0,29.62,13.58,Maharashtra
20071212,0.0,29.95,15.29,Maharashtra
20071213,0.0,29.36,15.69,Maharashtra
20071214,0.0,29.26,14.97,Maharashtra
20071215,0.0,28.75,13.8,Maharashtra
20071216,0.0,29.21,14.68,Maharashtra
20071217,0.0,29.18,14.14,Maharashtra
20071218,0.0,28.92,12.55,Maharashtra
20071219,0.0,29.66,11.4,Maharashtra
20071220,0.0,30.49,16.0,Maharashtra
20071221,0.0,33.0,17.42,Maharashtra
20071222,0.0,32.82,15.47,Maharashtra
20071223,0.0,33.36,16.93,Maharashtra
20071224,0.0,33.12,17.89,Maharashtra
20071225,0.0,32.77,16.45,Maharashtra
20071226,0.0,32.98,15.31,Maharashtra
20071227,0.0,33.1,15.17,Maharashtra
20071228,0.0,32.64,14.85,Maharashtra
20071229,0.0,32.24,13.1,Maharashtra
20071230,0.0,32.21,12.78,Maharashtra
20071231,0.0,31.45,14.48,Maharashtra
20080101,0.57,31.22,14.67,Maharashtra
20080102,0.63,30.7,13.24,Maharashtra
20080103,0.19,29.98,14.94,Maharashtra
20080104,0.0,30.18,15.43,Maharashtra
20080105,0.0,30.63,13.45,Maharashtra
20080106,0.0,30.71,13.35,Maharashtra
20080107,0.0,29.82,13.43,Maharashtra
20080108,0.0,29.67,13.32,Maharashtra
20080109,0.0,30.62,13.17,Maharashtra
20080110,0.0,31.43,14.29,Maharashtra
20080111,0.0,30.56,12.84,Maharashtra
20080112,0.0,31.88,14.01,Maharashtra
20080113,0.0,32.26,14.17,Maharashtra
20080114,0.0,32.03,14.25,Maharashtra
20080115,0.0,31.91,14.49,Maharashtra
20080116,0.0,32.06,14.0,Maharashtra
20080117,0.0,32.18,14.51,Maharashtra
20080118,0.0,31.87,12.97,Maharashtra
20080119,0.0,31.55,12.84,Maharashtra
20080120,0.0,31.82,12.19,Maharashtra
20080121,0.0,31.32,11.69,Maharashtra
20080122,0.0,31.14,11.76,Maharashtra
20080123,0.0,29.62,11.63,Maharashtra
20080124,0.0,29.48,11.17,Maharashtra
20080125,0.0,29.65,12.36,Maharashtra
20080126,0.0,25.67,9.21,Maharashtra
20080127,0.0,26.62,8.48,Maharashtra
20080128,0.0,30.02,9.37,Maharashtra
20080129,0.0,30.66,11.54,Maharashtra
20080130,0.0,27.98,12.27,Maharashtra
20080131,0.0,27.42,10.01,Maharashtra
20080201,0.0,28.38,8.36,Maharashtra
20080202,0.0,30.13,9.1,Maharashtra
20080203,0.01,29.62,10.85,Maharashtra
20080204,0.0,28.73,12.53,Maharashtra
20080205,0.0,28.32,9.97,Maharashtra
20080206,0.0,27.87,9.97,Maharashtra
20080207,0.0,27.24,9.99,Maharashtra
20080208,0.0,27.97,10.24,Maharashtra
20080209,0.0,29.24,9.48,Maharashtra
20080210,0.0,30.44,11.2,Maharashtra
20080211,0.0,31.64,15.35,Maharashtra
20080212,0.0,31.49,18.74,Maharashtra
20080213,0.0,32.03,16.33,Maharashtra
20080214,0.0,33.16,17.06,Maharashtra
20080215,0.0,33.12,17.05,Maharashtra
20080216,0.0,34.13,17.9,Maharashtra
20080217,0.0,35.27,17.07,Maharashtra
20080218,0.0,34.47,15.39,Maharashtra
20080219,0.0,34.44,14.41,Maharashtra
20080220,0.0,34.56,14.55,Maharashtra
20080221,0.0,34.33,14.03,Maharashtra
20080222,0.0,35.19,16.61,Maharashtra
20080223,0.0,35.19,16.74,Maharashtra
20080224,0.0,34.74,15.93,Maharashtra
20080225,0.0,33.57,15.18,Maharashtra
20080226,0.0,33.64,14.15,Maharashtra
20080227,0.0,34.67,13.59,Maharashtra
20080228,0.0,35.67,15.05,Maharashtra
20080229,0.0,35.84,16.69,Maharashtra
20080301,0.0,36.19,16.32,Maharashtra
20080302,0.0,36.34,15.29,Maharashtra
20080303,0.0,35.78,16.36,Maharashtra
20080304,0.0,35.67,15.65,Maharashtra
20080305,0.0,36.7,19.0,Maharashtra
20080306,0.0,36.85,19.55,Maharashtra
20080307,0.0,37.29,20.14,Maharashtra
20080308,0.0,37.19,18.0,Maharashtra
20080309,0.0,37.8,18.17,Maharashtra
20080310,0.0,36.88,19.71,Maharashtra
20080311,0.0,36.74,20.03,Maharashtra
20080312,0.0,36.0,19.8,Maharashtra
20080313,0.06,36.91,19.53,Maharashtra
20080314,0.01,37.11,19.17,Maharashtra
20080315,0.0,37.08,21.97,Maharashtra
20080316,0.01,37.84,19.83,Maharashtra
20080317,0.02,38.07,23.02,Maharashtra
20080318,0.08,37.66,25.46,Maharashtra
20080319,0.01,38.17,23.51,Maharashtra
20080320,0.0,38.34,21.25,Maharashtra
20080321,3.96,37.0,22.61,Maharashtra
20080322,10.51,33.0,23.22,Maharashtra
20080323,3.34,30.74,21.14,Maharashtra
20080324,0.41,34.49,19.22,Maharashtra
20080325,4.96,34.49,19.86,Maharashtra
20080326,1.66,34.05,20.1,Maharashtra
20080327,0.41,34.58,22.03,Maharashtra
20080328,0.01,36.4,21.9,Maharashtra
20080329,0.0,37.14,21.84,Maharashtra
20080330,0.0,37.7,21.97,Maharashtra
20080331,0.0,35.21,22.87,Maharashtra
20080401,0.0,35.66,17.61,Maharashtra
20080402,0.0,36.25,17.69,Maharashtra
20080403,0.0,36.13,18.98,Maharashtra
20080404,0.0,35.32,17.66,Maharashtra
20080405,0.0,35.54,18.88,Maharashtra
20080406,0.02,37.3,21.39,Maharashtra
20080407,1.81,35.79,25.11,Maharashtra
20080408,0.0,37.11,23.65,Maharashtra
20080409,0.0,37.73,23.41,Maharashtra
20080410,0.0,39.18,23.54,Maharashtra
20080411,0.0,39.94,23.33,Maharashtra
20080412,0.0,40.2,21.54,Maharashtra
20080413,0.0,40.28,22.52,Maharashtra
20080414,0.0,40.41,24.22,Maharashtra
20080415,0.0,40.85,23.22,Maharashtra
20080416,0.0,40.87,22.71,Maharashtra
20080417,0.0,40.64,22.61,Maharashtra
20080418,0.0,41.53,23.22,Maharashtra
20080419,0.0,41.38,22.14,Maharashtra
20080420,0.0,40.99,22.5,Maharashtra
20080421,0.0,41.12,24.26,Maharashtra
20080422,0.0,41.93,24.47,Maharashtra
20080423,0.0,41.88,23.99,Maharashtra
20080424,0.0,42.65,24.4,Maharashtra
20080425,0.0,43.07,23.79,Maharashtra
20080426,0.0,42.69,24.3,Maharashtra
20080427,0.0,42.33,24.42,Maharashtra
20080428,0.0,41.89,25.04,Maharashtra
20080429,0.0,41.97,24.07,Maharashtra
20080430,0.0,42.59,24.46,Maharashtra
20080501,0.0,41.93,24.74,Maharashtra
20080502,0.0,40.98,25.75,Maharashtra
20080503,0.0,40.13,20.9,Maharashtra
20080504,0.0,40.91,21.89,Maharashtra
20080505,0.0,40.73,21.29,Maharashtra
20080506,0.0,39.21,20.85,Maharashtra
20080507,0.0,38.96,21.28,Maharashtra
20080508,0.0,39.55,22.63,Maharashtra
20080509,0.0,39.86,22.35,Maharashtra
20080510,0.0,39.14,22.57,Maharashtra
20080511,0.0,39.45,23.53,Maharashtra
20080512,0.0,40.56,21.95,Maharashtra
20080513,0.0,40.4,22.74,Maharashtra
20080514,0.0,40.72,22.56,Maharashtra
20080515,0.0,40.52,22.53,Maharashtra
20080516,0.0,40.61,22.04,Maharashtra
20080517,0.0,41.14,22.36,Maharashtra
20080518,0.0,40.68,22.49,Maharashtra
20080519,0.0,40.73,22.34,Maharashtra
20080520,0.0,40.93,24.38,Maharashtra
20080521,0.0,40.47,23.68,Maharashtra
20080522,0.03,40.89,23.55,Maharashtra
20080523,0.01,41.32,24.52,Maharashtra
20080524,0.0,39.63,24.68,Maharashtra
20080525,0.0,40.3,24.63,Maharashtra
20080526,0.0,40.72,25.18,Maharashtra
20080527,0.04,40.82,25.26,Maharashtra
20080528,0.06,38.77,26.69,Maharashtra
20080529,0.0,40.96,25.96,Maharashtra
20080530,0.0,39.77,24.96,Maharashtra
20080531,0.0,40.51,23.77,Maharashtra
20080601,0.0,40.91,24.43,Maharashtra
20080602,0.0,39.91,23.68,Maharashtra
20080603,0.6,40.87,25.67,Maharashtra
20080604,1.82,39.34,28.04,Maharashtra
20080605,0.12,32.99,25.34,Maharashtra
20080606,4.64,35.05,24.95,Maharashtra
20080607,2.2,34.57,24.68,Maharashtra
20080608,1.72,33.8,24.01,Maharashtra
20080609,3.91,31.36,23.42,Maharashtra
20080610,1.35,31.57,22.98,Maharashtra
20080611,3.61,32.12,23.17,Maharashtra
20080612,0.91,31.61,22.65,Maharashtra
20080613,0.67,32.12,23.17,Maharashtra
20080614,2.27,33.36,22.0,Maharashtra
20080615,0.24,34.69,23.22,Maharashtra
20080616,0.0,32.14,23.79,Maharashtra
20080617,0.0,33.87,23.42,Maharashtra
20080618,0.0,35.03,23.18,Maharashtra
20080619,0.0,32.14,23.92,Maharashtra
20080620,0.0,36.38,23.3,Maharashtra
20080621,0.0,33.01,23.91,Maharashtra
20080622,0.0,34.18,23.71,Maharashtra
20080623,0.0,35.57,23.57,Maharashtra
20080624,1.5,33.43,23.5,Maharashtra
20080625,8.46,29.36,23.67,Maharashtra
20080626,8.04,30.21,23.18,Maharashtra
20080627,0.49,33.77,23.11,Maharashtra
20080628,0.22,31.85,23.06,Maharashtra
20080629,1.14,33.19,22.91,Maharashtra
20080630,7.08,29.19,23.69,Maharashtra
20080701,4.76,30.54,22.97,Maharashtra
20080702,1.16,33.89,22.55,Maharashtra
20080703,0.79,30.02,22.7,Maharashtra
20080704,2.96,33.18,22.68,Maharashtra
20080705,0.24,32.78,22.83,Maharashtra
20080706,0.01,34.84,22.88,Maharashtra
20080707,0.33,33.09,22.95,Maharashtra
20080708,0.11,30.77,22.59,Maharashtra
20080709,0.37,33.18,23.01,Maharashtra
20080710,1.53,31.69,22.96,Maharashtra
20080711,2.76,32.86,22.78,Maharashtra
20080712,0.09,33.02,22.63,Maharashtra
20080713,0.01,35.31,22.65,Maharashtra
20080714,0.03,32.78,23.27,Maharashtra
20080715,1.08,34.55,23.03,Maharashtra
20080716,0.05,30.46,23.32,Maharashtra
20080717,0.0,33.82,22.9,Maharashtra
20080718,0.0,35.02,23.22,Maharashtra
20080719,0.32,36.09,23.3,Maharashtra
20080720,1.06,31.18,23.87,Maharashtra
20080721,0.32,30.75,23.57,Maharashtra
20080722,1.22,34.34,23.23,Maharashtra
20080723,11.54,31.29,23.77,Maharashtra
20080724,3.49,28.4,23.25,Maharashtra
20080725,6.86,33.11,22.52,Maharashtra
20080726,7.75,29.59,22.03,Maharashtra
20080727,14.33,30.53,22.5,Maharashtra
20080728,4.11,27.57,21.87,Maharashtra
20080729,1.27,27.93,21.41,Maharashtra
20080730,7.34,30.02,22.19,Maharashtra
20080731,0.49,29.67,21.59,Maharashtra
20080801,2.59,33.16,21.74,Maharashtra
20080802,4.31,31.53,22.46,Maharashtra
20080803,2.86,31.6,22.09,Maharashtra
20080804,4.49,28.35,22.35,Maharashtra
20080805,9.23,29.75,22.31,Maharashtra
20080806,1.62,26.51,22.17,Maharashtra
20080807,2.25,28.2,21.68,Maharashtra
20080808,2.0,28.18,22.23,Maharashtra
20080809,11.29,28.1,22.08,Maharashtra
20080810,18.51,26.75,21.71,Maharashtra
20080811,24.28,27.83,22.38,Maharashtra
20080812,2.35,30.87,21.88,Maharashtra
20080813,1.41,31.43,21.83,Maharashtra
20080814,0.32,29.69,22.08,Maharashtra
20080815,4.47,28.24,21.82,Maharashtra
20080816,0.54,30.94,21.41,Maharashtra
20080817,0.32,30.86,21.9,Maharashtra
20080818,0.01,30.96,21.44,Maharashtra
20080819,0.0,31.71,21.86,Maharashtra
20080820,0.0,29.0,21.76,Maharashtra
20080821,0.01,31.15,21.13,Maharashtra
20080822,0.02,31.71,20.18,Maharashtra
20080823,0.04,32.1,21.07,Maharashtra
20080824,0.07,32.66,22.05,Maharashtra
20080825,7.77,30.63,22.94,Maharashtra
20080826,4.77,29.4,22.21,Maharashtra
20080827,0.08,33.15,20.96,Maharashtra
20080828,0.23,31.69,22.03,Maharashtra
20080829,0.04,28.83,23.08,Maharashtra
20080830,31.52,31.33,21.89,Maharashtra
20080831,12.25,30.78,23.25,Maharashtra
20080901,20.36,29.68,22.82,Maharashtra
20080902,9.56,29.8,21.65,Maharashtra
20080903,3.2,28.75,22.67,Maharashtra
20080904,3.98,30.86,22.5,Maharashtra
20080905,14.85,30.88,22.74,Maharashtra
20080906,14.17,28.45,22.89,Maharashtra
20080907,3.94,29.33,22.02,Maharashtra
20080908,28.44,27.93,22.64,Maharashtra
20080909,11.49,29.23,22.28,Maharashtra
20080910,30.87,27.45,22.13,Maharashtra
20080911,12.42,28.47,22.46,Maharashtra
20080912,40.9,27.68,23.04,Maharashtra
20080913,30.17,27.81,20.99,Maharashtra
20080914,6.27,29.28,20.0,Maharashtra
20080915,3.32,29.22,21.66,Maharashtra
20080916,1.99,29.78,20.79,Maharashtra
20080917,9.79,27.31,20.64,Maharashtra
20080918,5.65,28.54,21.31,Maharashtra
20080919,30.26,28.02,21.29,Maharashtra
20080920,12.3,28.78,21.93,Maharashtra
20080921,3.44,29.49,21.56,Maharashtra
20080922,0.73,28.4,21.16,Maharashtra
20080923,0.09,29.02,20.19,Maharashtra
20080924,0.0,29.0,18.89,Maharashtra
20080925,0.0,28.89,17.85,Maharashtra
20080926,0.0,29.17,19.51,Maharashtra
20080927,0.0,29.12,19.44,Maharashtra
20080928,0.0,29.56,18.86,Maharashtra
20080929,0.0,28.96,18.24,Maharashtra
20080930,0.0,28.99,18.23,Maharashtra
20081001,0.0,29.45,17.69,Maharashtra
20081002,1.43,30.27,18.45,Maharashtra
20081003,3.21,29.43,21.18,Maharashtra
20081004,1.32,29.33,21.68,Maharashtra
20081005,2.13,30.29,20.93,Maharashtra
20081006,0.77,27.8,21.86,Maharashtra
20081007,4.65,28.56,20.49,Maharashtra
20081008,0.5,28.57,20.5,Maharashtra
20081009,1.12,29.12,20.88,Maharashtra
20081010,2.95,28.81,21.88,Maharashtra
20081011,0.39,29.64,21.26,Maharashtra
20081012,0.01,30.46,19.91,Maharashtra
20081013,0.0,30.59,19.48,Maharashtra
20081014,0.0,30.77,20.02,Maharashtra
20081015,0.0,30.29,18.91,Maharashtra
20081016,0.0,29.67,16.79,Maharashtra
20081017,0.0,28.85,18.51,Maharashtra
20081018,0.27,29.42,17.42,Maharashtra
20081019,0.0,29.32,17.75,Maharashtra
20081020,0.0,28.03,16.0,Maharashtra
20081021,0.0,28.42,14.95,Maharashtra
20081022,0.0,28.6,14.73,Maharashtra
20081023,0.0,28.69,14.15,Maharashtra
20081024,0.0,28.68,13.63,Maharashtra
20081025,0.0,29.04,14.53,Maharashtra
20081026,0.0,29.82,15.19,Maharashtra
20081027,0.0,30.41,16.58,Maharashtra
20081028,0.0,29.69,15.92,Maharashtra
20081029,0.0,30.39,16.38,Maharashtra
20081030,0.0,30.8,16.75,Maharashtra
20081031,0.0,30.78,16.49,Maharashtra
20081101,0.0,30.79,15.2,Maharashtra
20081102,0.0,30.99,14.86,Maharashtra
20081103,0.0,31.26,15.67,Maharashtra
20081104,0.0,31.7,16.43,Maharashtra
20081105,0.0,31.81,15.55,Maharashtra
20081106,0.0,31.38,15.79,Maharashtra
20081107,0.0,30.74,14.55,Maharashtra
20081108,0.0,30.59,15.13,Maharashtra
20081109,0.0,30.66,14.44,Maharashtra
20081110,0.0,30.66,14.66,Maharashtra
20081111,0.0,30.63,15.12,Maharashtra
20081112,0.0,30.43,14.78,Maharashtra
20081113,0.0,30.39,14.4,Maharashtra
20081114,0.0,29.78,15.63,Maharashtra
20081115,0.0,29.88,15.06,Maharashtra
20081116,0.33,30.73,16.0,Maharashtra
20081117,0.02,29.01,17.36,Maharashtra
20081118,0.11,31.86,20.02,Maharashtra
20081119,0.28,32.25,20.13,Maharashtra
20081120,2.56,31.68,20.56,Maharashtra
20081121,0.27,29.79,20.62,Maharashtra
20081122,0.15,30.4,18.09,Maharashtra
20081123,0.0,29.56,15.6,Maharashtra
20081124,0.0,29.0,15.16,Maharashtra
20081125,0.0,30.37,11.83,Maharashtra
20081126,0.0,30.21,11.28,Maharashtra
20081127,0.0,29.3,11.16,Maharashtra
20081128,0.04,29.35,12.69,Maharashtra
20081129,0.12,28.18,16.09,Maharashtra
20081130,0.94,28.03,18.13,Maharashtra
20081201,2.98,28.37,18.61,Maharashtra
20081202,0.08,29.27,20.19,Maharashtra
20081203,0.0,30.7,18.09,Maharashtra
20081204,0.0,30.27,16.53,Maharashtra
20081205,0.0,31.53,15.05,Maharashtra
20081206,0.0,31.04,12.9,Maharashtra
20081207,0.0,31.74,14.34,Maharashtra
20081208,0.0,31.47,14.06,Maharashtra
20081209,0.0,31.95,14.43,Maharashtra
20081210,0.0,32.52,14.58,Maharashtra
20081211,0.0,32.43,16.15,Maharashtra
20081212,0.0,31.63,15.8,Maharashtra
20081213,0.0,31.86,15.67,Maharashtra
20081214,0.0,31.47,16.75,Maharashtra
20081215,0.0,30.72,16.98,Maharashtra
20081216,0.0,30.82,15.12,Maharashtra
20081217,0.0,30.63,15.33,Maharashtra
20081218,0.0,30.64,13.45,Maharashtra
20081219,0.0,30.28,13.19,Maharashtra
20081220,0.01,30.41,16.06,Maharashtra
20081221,0.0,30.24,17.09,Maharashtra
20081222,0.0,30.38,18.3,Maharashtra
20081223,0.0,31.77,17.84,Maharashtra
20081224,0.0,31.43,15.33,Maharashtra
20081225,0.0,31.55,13.78,Maharashtra
20081226,0.0,31.45,12.64,Maharashtra
20081227,0.0,31.61,13.05,Maharashtra
20081228,0.0,31.05,11.44,Maharashtra
20081229,0.0,30.86,13.44,Maharashtra
20081230,0.0,31.38,14.08,Maharashtra
20081231,0.0,31.14,12.21,Maharashtra
20090101,0.0,31.0,11.28,Maharashtra
20090102,0.0,30.53,11.19,Maharashtra
20090103,0.0,30.16,12.9,Maharashtra
20090104,0.0,30.27,14.45,Maharashtra
20090105,0.0,30.49,14.48,Maharashtra
20090106,0.0,29.8,13.45,Maharashtra
20090107,0.0,29.71,13.41,Maharashtra
20090108,0.0,30.12,15.4,Maharashtra
20090109,0.02,29.86,17.39,Maharashtra
20090110,0.0,30.18,16.58,Maharashtra
20090111,0.0,31.43,16.59,Maharashtra
20090112,0.0,31.42,16.64,Maharashtra
20090113,0.0,31.6,16.04,Maharashtra
20090114,0.0,31.39,16.44,Maharashtra
20090115,0.0,31.04,15.53,Maharashtra
20090116,0.0,31.32,15.21,Maharashtra
20090117,0.0,31.43,15.44,Maharashtra
20090118,0.0,31.6,14.8,Maharashtra
20090119,0.0,32.28,14.66,Maharashtra
20090120,0.0,32.27,15.07,Maharashtra
20090121,0.0,32.2,15.47,Maharashtra
20090122,0.0,33.37,14.42,Maharashtra
20090123,0.0,34.23,14.44,Maharashtra
20090124,0.0,34.5,15.66,Maharashtra
20090125,0.0,32.7,17.61,Maharashtra
20090126,0.0,34.35,15.63,Maharashtra
20090127,0.0,33.64,14.58,Maharashtra
20090128,0.0,34.42,15.89,Maharashtra
20090129,0.0,34.2,16.36,Maharashtra
20090130,0.0,34.37,18.3,Maharashtra
20090131,0.0,35.53,16.67,Maharashtra
20090201,0.0,35.84,18.05,Maharashtra
20090202,0.0,35.05,16.54,Maharashtra
20090203,0.0,34.79,15.22,Maharashtra
20090204,0.0,34.51,15.39,Maharashtra
20090205,0.0,33.87,14.01,Maharashtra
20090206,0.0,33.6,13.95,Maharashtra
20090207,0.0,34.57,15.04,Maharashtra
20090208,0.0,34.29,15.85,Maharashtra
20090209,0.0,34.87,16.25,Maharashtra
20090210,0.0,33.24,15.73,Maharashtra
20090211,0.0,32.11,13.97,Maharashtra
20090212,0.0,32.58,12.02,Maharashtra
20090213,0.0,33.48,15.8,Maharashtra
20090214,0.0,33.59,14.19,Maharashtra
20090215,0.0,34.1,14.73,Maharashtra
20090216,0.0,34.21,17.07,Maharashtra
20090217,0.0,34.54,18.58,Maharashtra
20090218,0.0,34.62,19.72,Maharashtra
20090219,0.0,35.44,18.6,Maharashtra
20090220,0.0,35.3,19.48,Maharashtra
20090221,0.0,35.68,20.18,Maharashtra
20090222,0.0,36.0,20.61,Maharashtra
20090223,0.0,36.3,19.41,Maharashtra
20090224,0.0,36.75,18.26,Maharashtra
20090225,0.0,36.82,17.31,Maharashtra
20090226,0.0,37.83,19.77,Maharashtra
20090227,0.0,38.03,19.08,Maharashtra
20090228,0.0,38.03,19.04,Maharashtra
20090301,0.0,38.55,19.56,Maharashtra
20090302,0.0,38.05,20.76,Maharashtra
20090303,0.0,38.53,18.49,Maharashtra
20090304,0.0,38.54,17.6,Maharashtra
20090305,0.0,37.84,18.53,Maharashtra
20090306,0.0,37.66,18.41,Maharashtra
20090307,0.0,36.54,18.54,Maharashtra
20090308,0.0,37.63,18.75,Maharashtra
20090309,0.0,37.61,21.75,Maharashtra
20090310,0.0,37.02,22.88,Maharashtra
20090311,0.0,37.28,22.2,Maharashtra
20090312,0.0,37.67,20.73,Maharashtra
20090313,0.39,36.81,20.66,Maharashtra
20090314,0.63,35.65,20.57,Maharashtra
20090315,0.09,34.91,18.27,Maharashtra
20090316,2.41,36.35,20.71,Maharashtra
20090317,0.0,36.87,18.69,Maharashtra
20090318,0.0,37.2,20.05,Maharashtra
20090319,0.0,37.44,20.12,Maharashtra
20090320,0.04,37.64,19.28,Maharashtra
20090321,0.06,36.38,19.14,Maharashtra
20090322,0.0,36.17,19.48,Maharashtra
20090323,0.55,37.2,19.73,Maharashtra
20090324,0.0,36.91,22.13,Maharashtra
20090325,0.0,37.5,20.77,Maharashtra
20090326,0.0,37.56,20.06,Maharashtra
20090327,0.0,37.59,19.67,Maharashtra
20090328,0.0,38.72,20.14,Maharashtra
20090329,0.0,38.38,21.83,Maharashtra
20090330,0.0,39.61,22.73,Maharashtra
20090331,0.0,40.08,22.1,Maharashtra
20090401,0.0,40.34,21.94,Maharashtra
20090402,0.01,40.78,22.01,Maharashtra
20090403,0.0,40.48,22.94,Maharashtra
20090404,0.0,36.47,24.54,Maharashtra
20090405,0.0,40.02,23.27,Maharashtra
20090406,0.0,39.53,23.5,Maharashtra
20090407,2.26,37.51,23.95,Maharashtra
20090408,0.98,38.01,24.0,Maharashtra
20090409,0.0,36.84,18.11,Maharashtra
20090410,0.0,39.13,20.09,Maharashtra
20090411,0.0,40.0,20.98,Maharashtra
20090412,0.0,40.82,22.19,Maharashtra
20090413,0.0,40.95,21.86,Maharashtra
20090414,0.0,40.91,20.84,Maharashtra
20090415,0.0,40.92,22.18,Maharashtra
20090416,0.0,40.05,23.14,Maharashtra
20090417,0.0,40.27,23.51,Maharashtra
20090418,0.0,41.85,23.41,Maharashtra
20090419,0.0,42.85,24.08,Maharashtra
20090420,0.0,42.86,23.12,Maharashtra
20090421,0.0,40.86,24.7,Maharashtra
20090422,0.0,39.22,20.82,Maharashtra
20090423,0.0,39.03,21.87,Maharashtra
20090424,0.0,40.46,22.04,Maharashtra
20090425,0.0,40.21,23.25,Maharashtra
20090426,0.0,41.44,23.92,Maharashtra
20090427,0.0,42.2,23.94,Maharashtra
20090428,0.0,42.95,24.39,Maharashtra
20090429,0.0,43.55,24.61,Maharashtra
20090430,0.0,42.53,24.93,Maharashtra
20090501,0.0,42.54,24.04,Maharashtra
20090502,0.0,42.55,25.74,Maharashtra
20090503,0.0,42.56,24.47,Maharashtra
20090504,0.0,41.99,24.12,Maharashtra
20090505,0.0,40.67,23.5,Maharashtra
20090506,0.0,39.37,24.38,Maharashtra
20090507,0.0,40.24,23.68,Maharashtra
20090508,0.0,39.25,25.65,Maharashtra
20090509,0.0,41.42,24.05,Maharashtra
20090510,0.0,41.75,23.51,Maharashtra
20090511,0.0,41.41,21.63,Maharashtra
20090512,0.0,42.15,23.32,Maharashtra
20090513,0.0,43.06,24.51,Maharashtra
20090514,3.95,42.91,25.49,Maharashtra
20090515,3.4,41.65,25.09,Maharashtra
20090516,0.0,42.7,24.26,Maharashtra
20090517,0.59,41.35,25.44,Maharashtra
20090518,19.02,33.32,25.11,Maharashtra
20090519,0.28,34.49,24.25,Maharashtra
20090520,1.12,35.44,24.26,Maharashtra
20090521,0.47,38.79,23.91,Maharashtra
20090522,0.31,39.68,23.94,Maharashtra
20090523,0.16,39.8,23.7,Maharashtra
20090524,0.0,38.87,24.45,Maharashtra
20090525,0.35,38.35,21.99,Maharashtra
20090526,0.05,41.15,24.01,Maharashtra
20090527,0.04,40.9,23.65,Maharashtra
20090528,0.0,41.6,24.63,Maharashtra
20090529,0.0,40.98,24.77,Maharashtra
20090530,0.0,41.22,24.23,Maharashtra
20090531,0.0,41.1,23.41,Maharashtra
20090601,0.0,39.85,24.4,Maharashtra
20090602,0.0,39.91,24.55,Maharashtra
20090603,0.0,38.92,25.04,Maharashtra
20090604,0.0,40.65,24.79,Maharashtra
20090605,0.85,38.95,24.7,Maharashtra
20090606,2.23,39.42,25.58,Maharashtra
20090607,4.72,35.35,24.76,Maharashtra
20090608,0.02,38.54,23.36,Maharashtra
20090609,0.0,38.32,23.28,Maharashtra
20090610,0.0,40.64,24.05,Maharashtra
20090611,0.15,40.36,24.82,Maharashtra
20090612,0.0,39.01,24.13,Maharashtra
20090613,0.0,40.22,23.71,Maharashtra
20090614,0.0,40.01,24.91,Maharashtra
20090615,0.0,40.62,24.13,Maharashtra
20090616,0.0,39.85,24.94,Maharashtra
20090617,0.0,40.29,24.95,Maharashtra
20090618,14.15,39.56,26.25,Maharashtra
20090619,3.17,33.32,24.75,Maharashtra
20090620,3.13,30.88,24.59,Maharashtra
20090621,2.0,31.23,23.59,Maharashtra
20090622,0.36,34.99,23.16,Maharashtra
20090623,0.04,36.07,23.03,Maharashtra
20090624,0.01,34.62,23.8,Maharashtra
20090625,2.9,34.99,23.94,Maharashtra
20090626,1.21,33.91,24.15,Maharashtra
20090627,4.2,29.37,24.0,Maharashtra
20090628,3.62,30.64,23.5,Maharashtra
20090629,2.29,32.03,22.89,Maharashtra
20090630,0.51,32.2,23.19,Maharashtra
20090701,0.03,32.91,24.45,Maharashtra
20090702,1.24,30.89,24.08,Maharashtra
20090703,9.66,31.3,23.03,Maharashtra
20090704,11.4,30.62,22.76,Maharashtra
20090705,18.92,28.52,23.45,Maharashtra
20090706,4.4,29.86,23.37,Maharashtra
20090707,14.35,30.28,23.81,Maharashtra
20090708,2.85,29.19,23.1,Maharashtra
20090709,5.16,29.02,22.61,Maharashtra
20090710,1.72,29.16,21.85,Maharashtra
20090711,5.55,30.68,22.83,Maharashtra
20090712,0.9,31.23,22.73,Maharashtra
20090713,2.79,31.49,22.75,Maharashtra
20090714,31.33,30.13,22.86,Maharashtra
20090715,8.19,27.65,23.08,Maharashtra
20090716,2.37,29.23,22.35,Maharashtra
20090717,0.43,32.21,22.29,Maharashtra
20090718,0.85,32.95,22.44,Maharashtra
20090719,1.07,32.59,22.38,Maharashtra
20090720,22.54,28.83,22.35,Maharashtra
20090721,26.71,27.89,23.09,Maharashtra
20090722,13.8,26.73,22.44,Maharashtra
20090723,8.37,30.45,22.16,Maharashtra
20090724,2.26,30.57,21.09,Maharashtra
20090725,1.25,31.64,21.55,Maharashtra
20090726,1.64,29.56,22.18,Maharashtra
20090727,1.18,30.82,21.9,Maharashtra
20090728,0.35,30.47,22.22,Maharashtra
20090729,0.01,31.56,22.06,Maharashtra
20090730,0.06,32.63,21.84,Maharashtra
20090731,0.01,32.79,21.79,Maharashtra
20090801,0.0,31.19,21.78,Maharashtra
20090802,0.04,32.42,22.0,Maharashtra
20090803,0.03,33.02,21.86,Maharashtra
20090804,0.01,32.45,21.93,Maharashtra
20090805,0.0,33.01,21.82,Maharashtra
20090806,0.18,32.24,21.91,Maharashtra
20090807,0.63,32.38,22.15,Maharashtra
20090808,2.59,31.99,21.91,Maharashtra
20090809,0.16,32.29,21.9,Maharashtra
20090810,1.21,30.56,22.21,Maharashtra
20090811,0.77,30.78,22.02,Maharashtra
20090812,0.08,32.07,22.41,Maharashtra
20090813,0.0,32.36,22.26,Maharashtra
20090814,0.08,31.98,22.34,Maharashtra
20090815,0.14,31.47,22.25,Maharashtra
20090816,0.03,32.81,22.07,Maharashtra
20090817,2.85,33.0,22.11,Maharashtra
20090818,0.94,32.47,22.63,Maharashtra
20090819,16.76,30.57,23.6,Maharashtra
20090820,3.83,28.8,22.9,Maharashtra
20090821,39.66,30.44,22.67,Maharashtra
20090822,32.76,28.44,22.15,Maharashtra
20090823,24.9,29.2,22.38,Maharashtra
20090824,9.68,28.25,22.96,Maharashtra
20090825,1.32,29.17,22.35,Maharashtra
20090826,3.77,27.04,22.19,Maharashtra
20090827,1.5,28.51,21.95,Maharashtra
20090828,4.38,27.54,21.82,Maharashtra
20090829,4.5,28.0,22.03,Maharashtra
20090830,0.49,30.94,22.1,Maharashtra
20090831,5.7,28.46,21.9,Maharashtra
20090901,2.7,29.0,21.91,Maharashtra
20090902,23.11,25.75,22.23,Maharashtra
20090903,15.58,25.75,21.74,Maharashtra
20090904,33.69,27.03,21.59,Maharashtra
20090905,26.0,27.43,22.21,Maharashtra
20090906,2.54,29.5,21.98,Maharashtra
20090907,0.73,29.61,21.56,Maharashtra
20090908,0.05,30.03,21.49,Maharashtra
20090909,0.0,30.54,22.01,Maharashtra
20090910,0.17,31.12,21.68,Maharashtra
20090911,11.8,27.72,21.22,Maharashtra
20090912,12.54,28.28,21.29,Maharashtra
20090913,0.31,30.59,21.65,Maharashtra
20090914,0.3,32.11,20.03,Maharashtra
20090915,21.55,29.54,20.64,Maharashtra
20090916,3.56,29.89,21.03,Maharashtra
20090917,0.09,30.19,20.99,Maharashtra
20090918,0.0,30.84,19.35,Maharashtra
20090919,3.18,30.75,20.51,Maharashtra
20090920,0.2,30.45,21.27,Maharashtra
20090921,1.3,31.01,21.25,Maharashtra
20090922,0.79,31.39,22.0,Maharashtra
20090923,0.27,31.68,21.97,Maharashtra
20090924,0.08,31.75,21.84,Maharashtra
20090925,0.02,31.62,21.62,Maharashtra
20090926,0.03,31.44,21.49,Maharashtra
20090927,0.13,30.34,21.28,Maharashtra
20090928,1.59,28.99,21.72,Maharashtra
20090929,2.98,29.68,21.89,Maharashtra
20090930,4.5,28.37,22.09,Maharashtra
20091001,2.3,31.52,22.0,Maharashtra
20091002,3.43,30.87,22.06,Maharashtra
20091003,12.15,26.95,22.95,Maharashtra
20091004,20.74,26.35,22.38,Maharashtra
20091005,7.1,27.95,22.6,Maharashtra
20091006,3.83,29.16,22.35,Maharashtra
20091007,0.25,29.69,20.77,Maharashtra
20091008,0.08,29.22,19.11,Maharashtra
20091009,0.0,28.78,18.17,Maharashtra
20091010,0.0,29.41,17.19,Maharashtra
20091011,0.0,28.87,18.5,Maharashtra
20091012,0.61,29.41,19.26,Maharashtra
20091013,0.13,29.87,17.92,Maharashtra
20091014,0.0,30.12,18.8,Maharashtra
20091015,0.0,30.04,18.8,Maharashtra
20091016,0.0,30.55,19.7,Maharashtra
20091017,0.0,30.73,19.94,Maharashtra
20091018,0.0,30.64,18.94,Maharashtra
20091019,0.0,30.79,18.48,Maharashtra
20091020,0.0,30.53,18.2,Maharashtra
20091021,0.0,30.17,19.7,Maharashtra
20091022,0.0,30.47,17.67,Maharashtra
20091023,0.0,30.5,15.83,Maharashtra
20091024,0.0,30.27,14.64,Maharashtra
20091025,0.0,30.18,15.52,Maharashtra
20091026,0.0,30.14,14.59,Maharashtra
20091027,0.0,29.85,13.1,Maharashtra
20091028,0.0,30.63,13.87,Maharashtra
20091029,0.0,31.27,14.7,Maharashtra
20091030,0.0,31.41,15.02,Maharashtra
20091031,0.0,31.93,14.4,Maharashtra
20091101,0.0,31.74,14.85,Maharashtra
20091102,0.0,31.52,13.81,Maharashtra
20091103,0.0,31.1,13.7,Maharashtra
20091104,0.0,31.2,14.43,Maharashtra
20091105,0.0,30.98,15.47,Maharashtra
20091106,0.0,31.07,17.18,Maharashtra
20091107,0.01,31.72,18.21,Maharashtra
20091108,2.9,30.3,19.35,Maharashtra
20091109,5.81,25.99,20.49,Maharashtra
20091110,19.39,23.42,19.38,Maharashtra
20091111,55.38,24.89,19.55,Maharashtra
20091112,9.06,28.69,21.08,Maharashtra
20091113,1.64,27.5,20.12,Maharashtra
20091114,1.62,28.37,20.74,Maharashtra
20091115,14.93,28.01,20.27,Maharashtra
20091116,10.1,26.48,20.25,Maharashtra
20091117,3.22,26.91,20.01,Maharashtra
20091118,0.53,26.81,17.57,Maharashtra
20091119,0.02,26.75,14.47,Maharashtra
20091120,0.0,26.21,13.24,Maharashtra
20091121,0.0,25.85,12.55,Maharashtra
20091122,0.0,25.47,10.83,Maharashtra
20091123,0.0,26.52,10.78,Maharashtra
20091124,0.0,26.42,13.6,Maharashtra
20091125,0.0,28.78,15.36,Maharashtra
20091126,0.0,28.18,15.62,Maharashtra
20091127,0.0,26.97,14.22,Maharashtra
20091128,0.0,26.37,13.32,Maharashtra
20091129,0.0,25.8,12.12,Maharashtra
20091130,0.0,25.62,10.58,Maharashtra
20091201,0.0,25.84,10.49,Maharashtra
20091202,0.0,27.24,11.05,Maharashtra
20091203,0.0,27.42,11.39,Maharashtra
20091204,0.0,25.68,12.95,Maharashtra
20091205,0.0,25.85,15.17,Maharashtra
20091206,0.0,27.89,13.78,Maharashtra
20091207,0.0,27.93,12.66,Maharashtra
20091208,0.0,28.82,14.0,Maharashtra
20091209,0.0,29.16,14.5,Maharashtra
20091210,0.0,28.06,13.99,Maharashtra
20091211,0.0,28.0,13.97,Maharashtra
20091212,0.0,28.24,14.04,Maharashtra
20091213,0.0,28.92,13.48,Maharashtra
20091214,0.0,29.14,13.23,Maharashtra
20091215,0.01,29.32,16.02,Maharashtra
20091216,0.66,28.93,16.73,Maharashtra
20091217,0.29,28.0,16.72,Maharashtra
20091218,0.0,28.11,17.56,Maharashtra
20091219,0.0,27.92,14.77,Maharashtra
20091220,0.0,28.74,15.22,Maharashtra
20091221,0.0,28.48,14.71,Maharashtra
20091222,0.0,28.15,13.44,Maharashtra
20091223,0.0,26.7,12.53,Maharashtra
20091224,0.0,26.78,11.13,Maharashtra
20091225,0.0,26.76,11.25,Maharashtra
20091226,0.0,27.53,11.93,Maharashtra
20091227,0.0,28.02,10.45,Maharashtra
20091228,0.01,28.0,13.37,Maharashtra
20091229,1.58,28.32,13.92,Maharashtra
20091230,0.0,27.51,12.47,Maharashtra
20091231,0.0,27.32,9.68,Maharashtra
20100101,0.0,28.25,10.2,Maharashtra
20100102,0.03,28.77,11.54,Maharashtra
20100103,0.05,29.83,12.92,Maharashtra
20100104,0.0,28.29,14.52,Maharashtra
20100105,0.0,28.91,13.46,Maharashtra
20100106,0.0,28.52,11.19,Maharashtra
20100107,0.0,28.1,10.74,Maharashtra
20100108,0.0,28.11,10.22,Maharashtra
20100109,0.0,29.04,12.64,Maharashtra
20100110,0.0,30.23,13.68,Maharashtra
20100111,1.16,29.62,17.41,Maharashtra
20100112,4.74,29.79,18.31,Maharashtra
20100113,0.0,27.57,13.62,Maharashtra
20100114,0.0,28.21,10.22,Maharashtra
20100115,0.0,29.15,10.67,Maharashtra
20100116,0.0,29.0,11.91,Maharashtra
20100117,0.0,28.65,12.94,Maharashtra
20100118,0.0,29.09,12.1,Maharashtra
20100119,0.0,29.96,12.46,Maharashtra
20100120,0.0,29.6,11.8,Maharashtra
20100121,0.0,29.57,11.55,Maharashtra
20100122,0.0,29.6,11.49,Maharashtra
20100123,0.0,29.76,10.21,Maharashtra
20100124,0.0,29.83,10.41,Maharashtra
20100125,0.0,29.93,11.09,Maharashtra
20100126,0.0,29.51,11.99,Maharashtra
20100127,0.0,29.38,12.43,Maharashtra
20100128,0.0,29.75,12.46,Maharashtra
20100129,0.0,29.74,12.83,Maharashtra
20100130,0.0,30.4,13.77,Maharashtra
20100131,0.0,31.27,14.05,Maharashtra
20100201,0.0,31.55,15.23,Maharashtra
20100202,0.0,31.79,14.62,Maharashtra
20100203,0.04,31.85,16.76,Maharashtra
20100204,0.01,31.95,17.03,Maharashtra
20100205,0.0,31.96,17.1,Maharashtra
20100206,0.0,31.53,15.54,Maharashtra
20100207,0.0,32.4,16.24,Maharashtra
20100208,0.0,33.32,16.0,Maharashtra
20100209,0.0,32.24,18.91,Maharashtra
20100210,0.0,31.63,18.32,Maharashtra
20100211,0.58,33.18,20.94,Maharashtra
20100212,0.0,33.41,16.75,Maharashtra
20100213,0.03,34.72,16.3,Maharashtra
20100214,0.05,34.62,16.69,Maharashtra
20100215,0.06,30.46,16.46,Maharashtra
20100216,0.04,35.04,18.41,Maharashtra
20100217,0.0,34.81,16.29,Maharashtra
20100218,0.0,35.76,16.75,Maharashtra
20100219,0.0,36.6,20.88,Maharashtra
20100220,0.06,36.95,19.67,Maharashtra
20100221,0.0,36.74,19.99,Maharashtra
20100222,0.23,34.88,21.02,Maharashtra
20100223,0.1,35.69,19.59,Maharashtra
20100224,0.0,33.52,15.23,Maharashtra
20100225,0.0,34.65,14.41,Maharashtra
20100226,0.0,35.93,15.54,Maharashtra
20100227,0.0,36.28,17.03,Maharashtra
20100228,0.0,37.04,19.26,Maharashtra
20100301,0.0,37.13,20.07,Maharashtra
20100302,0.0,36.98,19.16,Maharashtra
20100303,0.0,37.15,21.41,Maharashtra
20100304,0.0,36.24,19.04,Maharashtra
20100305,0.0,36.16,18.57,Maharashtra
20100306,0.0,35.73,19.01,Maharashtra
20100307,0.0,35.16,17.7,Maharashtra
20100308,0.0,37.06,17.14,Maharashtra
20100309,0.0,38.58,19.59,Maharashtra
20100310,2.51,37.72,24.21,Maharashtra
20100311,0.05,34.84,24.12,Maharashtra
20100312,6.9,36.1,24.4,Maharashtra
20100313,0.01,36.34,23.27,Maharashtra
20100314,0.0,37.83,19.55,Maharashtra
20100315,0.0,37.23,17.91,Maharashtra
20100316,0.0,38.02,18.22,Maharashtra
20100317,0.0,39.17,21.19,Maharashtra
20100318,0.0,38.78,20.53,Maharashtra
20100319,0.0,39.35,21.57,Maharashtra
20100320,0.0,40.06,23.17,Maharashtra
20100321,0.0,40.65,24.07,Maharashtra
20100322,0.0,40.48,21.45,Maharashtra
20100323,0.0,39.96,20.3,Maharashtra
20100324,0.0,40.61,20.61,Maharashtra
20100325,0.0,39.24,20.76,Maharashtra
20100326,0.0,39.84,20.93,Maharashtra
20100327,0.0,39.38,21.3,Maharashtra
20100328,0.0,40.15,22.42,Maharashtra
20100329,0.0,36.87,25.18,Maharashtra
20100330,0.0,39.4,22.41,Maharashtra
20100331,0.0,39.39,19.61,Maharashtra
20100401,0.0,37.85,18.01,Maharashtra
20100402,0.0,38.97,19.03,Maharashtra
20100403,0.0,39.23,21.52,Maharashtra
20100404,0.0,40.08,19.67,Maharashtra
20100405,0.0,40.31,20.71,Maharashtra
20100406,0.0,41.52,21.21,Maharashtra
20100407,0.0,42.08,24.69,Maharashtra
20100408,0.0,37.48,27.0,Maharashtra
20100409,0.0,39.8,26.29,Maharashtra
20100410,0.0,36.3,25.65,Maharashtra
20100411,0.0,40.02,25.67,Maharashtra
20100412,0.0,40.51,24.01,Maharashtra
20100413,0.0,38.73,24.8,Maharashtra
20100414,0.0,40.43,22.91,Maharashtra
20100415,0.0,43.01,24.62,Maharashtra
20100416,0.04,43.32,24.69,Maharashtra
20100417,0.0,42.33,24.49,Maharashtra
20100418,0.0,42.99,24.63,Maharashtra
20100419,0.0,42.12,25.33,Maharashtra
20100420,0.0,41.97,23.79,Maharashtra
20100421,0.0,41.27,23.9,Maharashtra
20100422,0.0,41.25,24.49,Maharashtra
20100423,0.0,41.87,25.49,Maharashtra
20100424,0.0,41.37,24.57,Maharashtra
20100425,0.0,41.33,24.39,Maharashtra
20100426,0.0,41.57,24.44,Maharashtra
20100427,0.0,42.15,25.0,Maharashtra
20100428,0.0,42.07,25.33,Maharashtra
20100429,0.02,40.2,26.91,Maharashtra
20100430,0.25,34.98,25.4,Maharashtra
20100501,0.51,30.72,24.64,Maharashtra
20100502,0.07,37.6,24.6,Maharashtra
20100503,7.14,38.62,26.36,Maharashtra
20100504,0.76,38.92,24.44,Maharashtra
20100505,0.0,40.49,24.49,Maharashtra
20100506,0.0,41.21,24.78,Maharashtra
20100507,0.03,41.34,25.54,Maharashtra
20100508,0.0,40.91,27.38,Maharashtra
20100509,0.0,41.61,26.59,Maharashtra
20100510,0.0,41.74,25.94,Maharashtra
20100511,0.0,42.27,25.89,Maharashtra
20100512,0.0,42.97,23.93,Maharashtra
20100513,0.0,43.22,24.31,Maharashtra
20100514,0.0,42.48,26.05,Maharashtra
20100515,0.0,42.71,25.85,Maharashtra
20100516,0.0,43.04,24.79,Maharashtra
20100517,0.0,43.35,25.77,Maharashtra
20100518,0.0,43.55,27.21,Maharashtra
20100519,0.0,44.87,27.95,Maharashtra
20100520,0.0,44.08,26.51,Maharashtra
20100521,0.01,42.37,28.32,Maharashtra
20100522,0.01,43.67,26.8,Maharashtra
20100523,0.0,43.28,26.64,Maharashtra
20100524,0.0,43.07,26.54,Maharashtra
20100525,0.0,42.81,25.4,Maharashtra
20100526,0.0,42.37,25.21,Maharashtra
20100527,0.0,41.97,24.59,Maharashtra
20100528,0.0,41.69,25.15,Maharashtra
20100529,0.0,41.94,23.29,Maharashtra
20100530,0.0,41.54,24.42,Maharashtra
20100531,0.06,41.13,24.39,Maharashtra
20100601,8.72,40.83,26.24,Maharashtra
20100602,2.7,35.76,25.19,Maharashtra
20100603,0.16,36.13,25.01,Maharashtra
20100604,0.0,37.58,24.73,Maharashtra
20100605,0.0,38.03,23.9,Maharashtra
20100606,0.05,38.63,24.38,Maharashtra
20100607,0.17,37.73,24.02,Maharashtra
20100608,0.34,37.84,24.17,Maharashtra
20100609,0.08,36.23,24.62,Maharashtra
20100610,1.61,39.01,26.76,Maharashtra
20100611,8.47,37.72,27.35,Maharashtra
20100612,2.6,37.78,25.77,Maharashtra
20100613,5.24,35.42,25.45,Maharashtra
20100614,7.41,32.82,24.47,Maharashtra
20100615,15.24,29.08,23.83,Maharashtra
20100616,34.43,28.4,23.66,Maharashtra
20100617,4.71,30.86,23.34,Maharashtra
20100618,0.04,29.97,23.22,Maharashtra
20100619,1.24,28.95,23.94,Maharashtra
20100620,0.13,32.68,23.5,Maharashtra
20100621,7.21,33.87,22.93,Maharashtra
20100622,18.22,32.63,23.66,Maharashtra
20100623,2.59,33.43,23.58,Maharashtra
20100624,0.28,32.6,22.85,Maharashtra
20100625,0.01,31.6,24.1,Maharashtra
20100626,0.01,34.6,23.31,Maharashtra
20100627,10.12,33.63,22.94,Maharashtra
20100628,0.58,32.17,24.86,Maharashtra
20100629,7.69,31.57,23.5,Maharashtra
20100630,9.87,30.89,23.88,Maharashtra
20100701,7.48,30.48,23.13,Maharashtra
20100702,50.8,27.75,21.37,Maharashtra
20100703,17.81,28.37,22.69,Maharashtra
20100704,0.88,27.24,22.31,Maharashtra
20100705,3.08,31.64,22.15,Maharashtra
20100706,19.0,30.39,22.25,Maharashtra
20100707,7.95,29.72,22.64,Maharashtra
20100708,7.06,31.16,22.64,Maharashtra
20100709,0.59,30.94,22.45,Maharashtra
20100710,2.87,31.57,23.08,Maharashtra
20100711,10.06,28.25,23.34,Maharashtra
20100712,1.08,30.74,22.78,Maharashtra
20100713,0.8,31.78,22.26,Maharashtra
20100714,0.36,30.24,22.72,Maharashtra
20100715,1.0,28.91,22.92,Maharashtra
20100716,27.78,27.93,22.4,Maharashtra
20100717,49.34,29.35,23.41,Maharashtra
20100718,0.22,30.04,22.17,Maharashtra
20100719,0.44,30.05,23.86,Maharashtra
20100720,2.11,30.67,23.82,Maharashtra
20100721,1.86,28.79,23.67,Maharashtra
20100722,10.39,28.96,23.53,Maharashtra
20100723,4.2,26.91,23.09,Maharashtra
20100724,17.52,29.41,22.97,Maharashtra
20100725,13.81,27.5,22.73,Maharashtra
20100726,2.93,27.79,22.62,Maharashtra
20100727,1.5,31.15,22.6,Maharashtra
20100728,10.09,30.31,22.27,Maharashtra
20100729,2.35,30.39,22.21,Maharashtra
20100730,6.53,27.43,22.4,Maharashtra
20100731,2.83,28.07,22.57,Maharashtra
20100801,5.5,30.06,22.04,Maharashtra
20100802,4.36,28.49,22.39,Maharashtra
20100803,13.78,27.99,23.01,Maharashtra
20100804,1.02,26.1,21.89,Maharashtra
20100805,0.15,28.99,21.35,Maharashtra
20100806,19.88,26.02,21.58,Maharashtra
20100807,23.68,26.31,20.53,Maharashtra
20100808,4.22,29.55,20.1,Maharashtra
20100809,0.06,30.63,21.38,Maharashtra
20100810,0.03,30.69,21.33,Maharashtra
20100811,0.03,30.73,22.42,Maharashtra
20100812,2.67,28.66,23.25,Maharashtra
20100813,12.36,27.8,23.11,Maharashtra
20100814,1.82,26.75,22.06,Maharashtra
20100815,3.3,28.67,22.06,Maharashtra
20100816,16.86,29.15,22.35,Maharashtra
20100817,7.83,27.78,22.96,Maharashtra
20100818,1.6,28.79,22.27,Maharashtra
20100819,0.57,28.38,22.16,Maharashtra
20100820,1.0,27.28,22.78,Maharashtra
20100821,1.21,29.04,22.24,Maharashtra
20100822,0.33,29.01,22.92,Maharashtra
20100823,0.08,29.76,21.79,Maharashtra
20100824,0.37,29.29,22.61,Maharashtra
20100825,2.2,28.36,22.22,Maharashtra
20100826,20.86,26.29,21.9,Maharashtra
20100827,27.1,28.8,22.65,Maharashtra
20100828,12.81,30.35,22.31,Maharashtra
20100829,4.62,26.86,23.03,Maharashtra
20100830,22.94,26.74,22.22,Maharashtra
20100831,8.39,26.78,21.43,Maharashtra
20100901,1.69,29.87,21.46,Maharashtra
20100902,0.31,29.05,21.54,Maharashtra
20100903,1.21,28.65,22.12,Maharashtra
20100904,3.34,28.15,21.75,Maharashtra
20100905,6.91,26.72,22.01,Maharashtra
20100906,16.32,28.02,21.99,Maharashtra
20100907,18.85,26.59,22.19,Maharashtra
20100908,10.23,26.42,21.83,Maharashtra
20100909,5.6,27.76,20.56,Maharashtra
20100910,0.62,29.3,19.36,Maharashtra
20100911,0.07,29.39,20.2,Maharashtra
20100912,0.08,30.07,20.63,Maharashtra
20100913,0.01,29.62,21.07,Maharashtra
20100914,0.02,29.3,21.78,Maharashtra
20100915,0.0,27.14,22.6,Maharashtra
20100916,1.51,27.28,21.99,Maharashtra
20100917,0.42,27.31,22.15,Maharashtra
20100918,0.1,28.95,21.45,Maharashtra
20100919,0.03,29.58,19.52,Maharashtra
20100920,0.01,29.56,19.64,Maharashtra
20100921,0.71,29.0,20.47,Maharashtra
20100922,0.25,30.0,19.48,Maharashtra
20100923,0.07,28.54,22.37,Maharashtra
20100924,15.32,29.34,22.6,Maharashtra
20100925,9.44,29.72,20.57,Maharashtra
20100926,2.02,29.47,21.6,Maharashtra
20100927,0.37,29.48,21.67,Maharashtra
20100928,0.71,29.33,21.66,Maharashtra
20100929,1.41,28.96,21.46,Maharashtra
20100930,0.15,29.8,20.03,Maharashtra
20101001,0.0,29.45,18.38,Maharashtra
20101002,0.0,29.9,19.22,Maharashtra
20101003,0.0,29.15,21.28,Maharashtra
20101004,15.53,28.94,21.93,Maharashtra
20101005,6.02,29.88,21.13,Maharashtra
20101006,0.01,30.82,19.85,Maharashtra
20101007,0.0,30.16,19.18,Maharashtra
20101008,0.0,29.84,19.2,Maharashtra
20101009,0.0,29.46,17.85,Maharashtra
20101010,0.83,30.02,19.11,Maharashtra
20101011,4.3,27.88,20.42,Maharashtra
20101012,3.86,28.99,20.71,Maharashtra
20101013,1.23,29.52,19.62,Maharashtra
20101014,0.54,29.21,19.63,Maharashtra
20101015,0.05,29.79,18.46,Maharashtra
20101016,1.66,24.86,20.24,Maharashtra
20101017,2.36,27.38,21.24,Maharashtra
20101018,4.97,29.1,22.38,Maharashtra
20101019,3.49,28.94,22.11,Maharashtra
20101020,9.74,27.3,22.11,Maharashtra
20101021,6.84,27.94,21.51,Maharashtra
20101022,12.65,29.16,21.76,Maharashtra
20101023,2.17,29.02,20.66,Maharashtra
20101024,0.22,28.78,20.07,Maharashtra
20101025,0.03,28.86,19.35,Maharashtra
20101026,0.0,28.9,19.33,Maharashtra
20101027,0.0,28.73,18.21,Maharashtra
20101028,0.01,28.19,16.78,Maharashtra
20101029,0.0,28.02,16.6,Maharashtra
20101030,0.03,28.09,16.14,Maharashtra
20101031,0.03,27.46,16.79,Maharashtra
20101101,0.0,26.87,15.56,Maharashtra
20101102,0.0,27.49,15.27,Maharashtra
20101103,0.16,28.65,19.35,Maharashtra
20101104,1.92,28.65,20.37,Maharashtra
20101105,18.52,28.28,20.51,Maharashtra
20101106,2.86,27.35,17.55,Maharashtra
20101107,0.04,27.02,15.25,Maharashtra
20101108,1.05,28.27,19.15,Maharashtra
20101109,0.87,27.96,21.28,Maharashtra
20101110,0.71,28.73,20.71,Maharashtra
20101111,6.27,28.57,20.15,Maharashtra
20101112,1.68,26.98,21.14,Maharashtra
20101113,17.26,28.58,20.79,Maharashtra
20101114,4.98,28.1,19.84,Maharashtra
20101115,4.76,27.79,20.71,Maharashtra
20101116,2.29,27.67,19.8,Maharashtra
20101117,1.14,27.72,17.99,Maharashtra
20101118,1.21,28.15,19.82,Maharashtra
20101119,0.17,28.76,20.21,Maharashtra
20101120,1.53,27.68,20.2,Maharashtra
20101121,18.71,24.16,20.28,Maharashtra
20101122,3.17,25.44,19.01,Maharashtra
20101123,0.25,27.42,17.85,Maharashtra
20101124,0.69,27.63,18.89,Maharashtra
20101125,0.14,28.34,18.72,Maharashtra
20101126,0.0,28.08,19.06,Maharashtra
20101127,0.02,27.3,17.01,Maharashtra
20101128,0.08,27.45,16.29,Maharashtra
20101129,0.0,27.71,15.49,Maharashtra
20101130,0.0,27.99,16.53,Maharashtra
20101201,0.0,27.19,16.65,Maharashtra
20101202,0.0,27.36,17.17,Maharashtra
20101203,0.0,26.94,16.73,Maharashtra
20101204,0.0,26.68,15.69,Maharashtra
20101205,0.0,26.45,15.13,Maharashtra
20101206,0.0,25.15,12.78,Maharashtra
20101207,0.0,24.6,12.52,Maharashtra
20101208,0.0,26.56,15.9,Maharashtra
20101209,0.04,27.5,17.05,Maharashtra
20101210,0.08,27.1,14.86,Maharashtra
20101211,0.0,25.75,13.71,Maharashtra
20101212,0.0,24.64,10.87,Maharashtra
20101213,0.0,24.21,10.39,Maharashtra
20101214,0.0,25.36,11.06,Maharashtra
20101215,0.0,25.02,9.68,Maharashtra
20101216,0.0,25.03,10.18,Maharashtra
20101217,0.0,25.14,9.14,Maharashtra
20101218,0.0,25.33,10.11,Maharashtra
20101219,0.0,25.72,9.14,Maharashtra
20101220,0.0,25.33,7.47,Maharashtra
20101221,0.0,26.51,9.69,Maharashtra
20101222,0.0,27.15,9.59,Maharashtra
20101223,0.0,28.05,11.74,Maharashtra
20101224,0.0,27.85,12.78,Maharashtra
20101225,0.0,27.83,11.07,Maharashtra
20101226,0.0,27.56,10.03,Maharashtra
20101227,0.0,27.42,11.24,Maharashtra
20101228,0.0,26.85,12.04,Maharashtra
20101229,0.0,27.3,12.35,Maharashtra
20101230,0.0,27.12,12.12,Maharashtra
20101231,0.0,22.47,14.07,Maharashtra
20110101,0.0,24.34,9.98,Maharashtra
20110102,0.0,25.92,10.42,Maharashtra
20110103,0.0,26.17,11.74,Maharashtra
20110104,0.0,26.99,12.3,Maharashtra
20110105,0.0,27.04,12.37,Maharashtra
20110106,0.0,26.35,9.64,Maharashtra
20110107,0.0,25.51,6.81,Maharashtra
20110108,0.0,27.25,8.07,Maharashtra
20110109,0.0,27.7,9.54,Maharashtra
20110110,0.0,27.95,8.25,Maharashtra
20110111,0.0,27.96,9.32,Maharashtra
20110112,0.0,29.34,9.66,Maharashtra
20110113,0.0,30.0,10.17,Maharashtra
20110114,0.0,29.66,10.27,Maharashtra
20110115,0.0,29.58,11.17,Maharashtra
20110116,0.0,27.94,10.94,Maharashtra
20110117,0.0,29.27,8.52,Maharashtra
20110118,0.0,30.58,11.92,Maharashtra
20110119,0.0,30.21,11.99,Maharashtra
20110120,0.0,30.96,11.55,Maharashtra
20110121,0.0,29.83,9.85,Maharashtra
20110122,0.0,30.69,12.99,Maharashtra
20110123,0.0,30.64,11.96,Maharashtra
20110124,0.0,31.29,14.28,Maharashtra
20110125,0.0,31.74,14.85,Maharashtra
20110126,0.0,30.84,11.94,Maharashtra
20110127,0.0,31.64,12.75,Maharashtra
20110128,0.0,32.04,13.65,Maharashtra
20110129,0.0,31.97,14.06,Maharashtra
20110130,0.0,30.97,13.14,Maharashtra
20110131,0.0,31.61,12.94,Maharashtra
20110201,0.0,32.31,14.84,Maharashtra
20110202,0.0,32.4,14.56,Maharashtra
20110203,0.0,32.38,14.15,Maharashtra
20110204,0.0,32.86,14.41,Maharashtra
20110205,0.0,33.76,16.22,Maharashtra
20110206,0.0,34.01,13.79,Maharashtra
20110207,0.0,33.26,14.69,Maharashtra
20110208,0.0,31.94,14.27,Maharashtra
20110209,0.0,32.82,14.76,Maharashtra
20110210,0.0,33.42,15.99,Maharashtra
20110211,0.0,33.24,15.23,Maharashtra
20110212,0.0,33.49,15.95,Maharashtra
20110213,0.0,34.02,17.33,Maharashtra
20110214,0.0,33.56,15.32,Maharashtra
20110215,0.0,32.55,15.38,Maharashtra
20110216,0.0,29.46,15.32,Maharashtra
20110217,0.0,29.9,13.9,Maharashtra
20110218,0.0,31.98,13.19,Maharashtra
20110219,0.0,32.56,14.06,Maharashtra
20110220,0.0,31.24,16.75,Maharashtra
20110221,0.0,31.8,14.93,Maharashtra
20110222,0.0,32.85,13.97,Maharashtra
20110223,0.15,31.91,15.85,Maharashtra
20110224,1.09,32.12,20.42,Maharashtra
20110225,0.12,31.88,16.0,Maharashtra
20110226,0.0,32.91,15.18,Maharashtra
20110227,0.0,33.61,15.83,Maharashtra
20110228,2.35,32.16,19.67,Maharashtra
20110301,0.0,32.18,21.89,Maharashtra
20110302,0.0,35.07,21.73,Maharashtra
20110303,3.65,35.85,19.48,Maharashtra
20110304,0.36,35.62,20.58,Maharashtra
20110305,0.0,35.63,19.96,Maharashtra
20110306,0.0,36.96,20.08,Maharashtra
20110307,0.0,37.59,20.19,Maharashtra
20110308,0.0,38.09,20.27,Maharashtra
20110309,0.0,36.73,19.29,Maharashtra
20110310,0.0,36.07,16.44,Maharashtra
20110311,0.0,35.32,15.57,Maharashtra
20110312,0.0,35.57,14.93,Maharashtra
20110313,0.0,37.03,15.93,Maharashtra
20110314,0.0,37.03,18.53,Maharashtra
20110315,0.0,37.89,18.89,Maharashtra
20110316,0.0,37.41,17.78,Maharashtra
20110317,0.0,38.49,20.19,Maharashtra
20110318,0.0,38.57,17.74,Maharashtra
20110319,0.0,39.12,18.2,Maharashtra
20110320,0.0,39.15,18.11,Maharashtra
20110321,0.0,38.08,18.41,Maharashtra
20110322,0.0,37.7,18.23,Maharashtra
20110323,0.0,37.66,18.56,Maharashtra
20110324,0.01,36.25,20.91,Maharashtra
20110325,0.06,36.95,21.03,Maharashtra
20110326,0.0,37.66,21.23,Maharashtra
20110327,0.0,38.77,20.68,Maharashtra
20110328,0.0,39.26,21.4,Maharashtra
20110329,0.0,38.91,20.59,Maharashtra
20110330,0.0,38.47,20.57,Maharashtra
20110331,0.0,38.63,19.94,Maharashtra
20110401,0.0,38.84,19.2,Maharashtra
20110402,0.0,37.59,18.33,Maharashtra
20110403,0.0,37.44,18.9,Maharashtra
20110404,0.0,36.84,19.05,Maharashtra
20110405,0.0,38.34,19.44,Maharashtra
20110406,0.22,38.1,20.93,Maharashtra
20110407,0.71,38.58,21.1,Maharashtra
20110408,0.5,38.13,22.82,Maharashtra
20110409,0.0,39.11,24.84,Maharashtra
20110410,0.0,38.67,24.29,Maharashtra
20110411,0.0,39.46,26.02,Maharashtra
20110412,2.0,39.48,25.29,Maharashtra
20110413,3.07,38.6,26.19,Maharashtra
20110414,0.0,39.55,23.1,Maharashtra
20110415,0.0,39.08,23.66,Maharashtra
20110416,0.0,39.65,24.16,Maharashtra
20110417,0.1,40.18,24.14,Maharashtra
20110418,0.0,39.54,27.03,Maharashtra
20110419,0.0,40.22,24.04,Maharashtra
20110420,0.0,39.8,22.47,Maharashtra
20110421,0.0,39.88,23.55,Maharashtra
20110422,0.0,39.62,23.21,Maharashtra
20110423,0.72,37.63,25.4,Maharashtra
20110424,2.04,38.66,25.91,Maharashtra
20110425,0.34,40.08,23.63,Maharashtra
20110426,0.0,41.03,22.02,Maharashtra
20110427,0.0,41.84,22.44,Maharashtra
20110428,0.0,42.12,23.69,Maharashtra
20110429,0.0,41.57,23.61,Maharashtra
20110430,0.0,42.26,26.12,Maharashtra
20110501,0.06,41.26,26.51,Maharashtra
20110502,0.03,39.97,29.11,Maharashtra
20110503,0.0,40.92,24.41,Maharashtra
20110504,0.0,39.67,22.27,Maharashtra
20110505,0.0,38.87,22.2,Maharashtra
20110506,0.0,39.31,23.31,Maharashtra
20110507,0.0,38.57,22.37,Maharashtra
20110508,0.0,39.56,23.49,Maharashtra
20110509,0.0,40.4,26.31,Maharashtra
20110510,0.0,40.36,25.92,Maharashtra
20110511,0.0,40.65,23.07,Maharashtra
20110512,0.0,41.12,22.25,Maharashtra
20110513,0.0,41.69,22.57,Maharashtra
20110514,0.0,41.09,23.89,Maharashtra
20110515,0.0,41.13,25.33,Maharashtra
20110516,0.0,40.34,25.55,Maharashtra
20110517,0.03,42.12,26.57,Maharashtra
20110518,0.0,42.12,25.5,Maharashtra
20110519,0.01,42.83,25.51,Maharashtra
20110520,0.0,41.58,24.0,Maharashtra
20110521,0.0,40.64,23.09,Maharashtra
20110522,0.0,39.61,23.93,Maharashtra
20110523,0.0,39.93,24.8,Maharashtra
20110524,0.0,40.1,25.43,Maharashtra
20110525,8.6,39.56,25.4,Maharashtra
20110526,1.73,35.86,26.62,Maharashtra
20110527,0.84,36.63,25.72,Maharashtra
20110528,0.02,40.02,25.22,Maharashtra
20110529,0.37,41.18,25.66,Maharashtra
20110530,0.06,41.79,25.36,Maharashtra
20110531,0.0,39.96,25.82,Maharashtra
20110601,0.04,39.52,24.7,Maharashtra
20110602,0.89,33.65,26.81,Maharashtra
20110603,38.36,35.66,25.68,Maharashtra
20110604,6.17,34.0,24.36,Maharashtra
20110605,2.16,34.21,24.31,Maharashtra
20110606,2.13,35.45,23.79,Maharashtra
20110607,6.13,35.6,24.66,Maharashtra
20110608,8.79,36.31,23.24,Maharashtra
20110609,0.01,31.9,23.13,Maharashtra
20110610,0.0,32.67,22.64,Maharashtra
20110611,0.0,35.52,22.29,Maharashtra
20110612,0.0,35.99,22.49,Maharashtra
20110613,0.05,35.07,23.3,Maharashtra
20110614,2.92,36.26,23.4,Maharashtra
20110615,0.73,34.15,23.35,Maharashtra
20110616,0.54,34.14,23.5,Maharashtra
20110617,0.06,34.67,23.42,Maharashtra
20110618,0.11,34.76,23.07,Maharashtra
20110619,0.1,35.73,22.82,Maharashtra
20110620,0.15,34.05,23.87,Maharashtra
20110621,6.86,32.55,24.04,Maharashtra
20110622,7.56,32.0,23.78,Maharashtra
20110623,0.2,34.76,23.36,Maharashtra
20110624,2.43,33.62,23.74,Maharashtra
20110625,5.15,31.03,23.59,Maharashtra
20110626,0.81,31.19,23.72,Maharashtra
20110627,1.26,29.14,23.65,Maharashtra
20110628,2.66,30.63,23.49,Maharashtra
20110629,1.06,32.23,23.37,Maharashtra
20110630,0.07,34.54,22.84,Maharashtra
20110701,0.15,35.1,22.98,Maharashtra
20110702,0.99,34.89,22.8,Maharashtra
20110703,0.2,31.08,23.23,Maharashtra
20110704,0.06,34.39,22.61,Maharashtra
20110705,23.13,30.13,23.42,Maharashtra
20110706,18.2,29.94,22.79,Maharashtra
20110707,21.96,27.89,22.88,Maharashtra
20110708,4.26,28.66,22.04,Maharashtra
20110709,4.09,31.0,21.62,Maharashtra
20110710,1.37,32.5,22.13,Maharashtra
20110711,2.52,31.36,22.82,Maharashtra
20110712,4.35,31.89,21.77,Maharashtra
20110713,11.76,28.17,22.55,Maharashtra
20110714,4.62,27.33,21.81,Maharashtra
20110715,0.22,32.74,20.76,Maharashtra
20110716,0.25,33.45,22.77,Maharashtra
20110717,1.17,29.06,23.28,Maharashtra
20110718,5.1,31.02,23.11,Maharashtra
20110719,8.41,29.07,22.6,Maharashtra
20110720,2.54,28.95,22.13,Maharashtra
20110721,0.11,29.44,22.3,Maharashtra
20110722,0.23,29.07,22.21,Maharashtra
20110723,0.39,30.94,22.18,Maharashtra
20110724,1.54,32.23,22.03,Maharashtra
20110725,24.65,32.78,22.42,Maharashtra
20110726,13.71,30.28,22.91,Maharashtra
20110727,76.45,29.6,22.72,Maharashtra
20110728,2.0,29.16,21.56,Maharashtra
20110729,1.64,29.0,21.92,Maharashtra
20110730,0.92,28.9,22.7,Maharashtra
20110731,3.97,28.04,22.51,Maharashtra
20110801,0.84,29.02,22.18,Maharashtra
20110802,0.82,30.27,22.46,Maharashtra
20110803,4.27,28.6,22.49,Maharashtra
20110804,4.07,30.94,22.27,Maharashtra
20110805,0.47,31.56,22.26,Maharashtra
20110806,0.39,30.12,22.32,Maharashtra
20110807,0.53,29.54,22.28,Maharashtra
20110808,1.35,31.77,22.18,Maharashtra
20110809,0.6,29.81,22.49,Maharashtra
20110810,0.42,31.96,22.16,Maharashtra
20110811,0.38,30.89,21.92,Maharashtra
20110812,1.88,29.36,22.02,Maharashtra
20110813,5.6,29.46,22.13,Maharashtra
20110814,1.94,31.65,22.17,Maharashtra
20110815,0.24,31.74,22.09,Maharashtra
20110816,0.28,32.12,22.09,Maharashtra
20110817,0.32,31.61,22.07,Maharashtra
20110818,24.55,27.83,22.33,Maharashtra
20110819,2.75,28.64,21.97,Maharashtra
20110820,21.47,28.74,22.11,Maharashtra
20110821,10.62,29.36,22.02,Maharashtra
20110822,17.34,28.11,22.2,Maharashtra
20110823,3.69,27.85,22.77,Maharashtra
20110824,21.44,27.99,22.25,Maharashtra
20110825,24.95,28.31,22.0,Maharashtra
20110826,14.34,25.19,20.96,Maharashtra
20110827,12.03,24.89,20.52,Maharashtra
20110828,26.67,25.98,20.42,Maharashtra
20110829,2.14,27.98,22.3,Maharashtra
20110830,1.25,30.02,21.83,Maharashtra
20110831,5.33,29.01,22.11,Maharashtra
20110901,6.67,25.87,23.14,Maharashtra
20110902,19.24,27.18,22.29,Maharashtra
20110903,13.17,29.15,22.29,Maharashtra
20110904,7.64,28.81,21.79,Maharashtra
20110905,5.86,28.87,21.95,Maharashtra
20110906,2.73,28.22,21.7,Maharashtra
20110907,11.13,27.75,21.96,Maharashtra
20110908,0.84,29.42,21.3,Maharashtra
20110909,0.3,28.77,21.1,Maharashtra
20110910,1.3,28.62,21.31,Maharashtra
20110911,3.07,27.91,21.86,Maharashtra
20110912,1.71,29.93,21.04,Maharashtra
20110913,0.05,30.5,20.87,Maharashtra
20110914,8.08,28.21,21.89,Maharashtra
20110915,9.49,28.73,21.97,Maharashtra
20110916,1.67,29.3,21.59,Maharashtra
20110917,0.31,29.11,21.37,Maharashtra
20110918,0.04,29.46,21.04,Maharashtra
20110919,0.03,28.85,19.99,Maharashtra
20110920,0.03,29.12,20.2,Maharashtra
20110921,0.06,28.7,20.33,Maharashtra
20110922,0.03,25.26,20.76,Maharashtra
20110923,0.02,27.24,20.49,Maharashtra
20110924,1.23,26.68,20.51,Maharashtra
20110925,0.13,29.16,21.18,Maharashtra
20110926,0.3,29.19,20.43,Maharashtra
20110927,0.03,28.68,20.76,Maharashtra
20110928,0.58,28.68,20.37,Maharashtra
20110929,0.61,28.71,20.47,Maharashtra
20110930,1.86,29.73,20.2,Maharashtra
20111001,3.61,30.31,19.44,Maharashtra
20111002,1.25,29.3,21.54,Maharashtra
20111003,0.85,28.7,20.99,Maharashtra
20111004,0.52,28.39,20.02,Maharashtra
20111005,0.07,29.58,18.09,Maharashtra
20111006,0.48,29.9,18.98,Maharashtra
20111007,3.82,29.87,19.55,Maharashtra
20111008,0.76,30.23,19.87,Maharashtra
20111009,0.06,30.61,19.95,Maharashtra
20111010,0.0,30.31,19.37,Maharashtra
20111011,4.23,26.68,20.75,Maharashtra
20111012,1.51,27.35,20.47,Maharashtra
20111013,0.17,28.29,21.04,Maharashtra
20111014,0.51,29.99,20.81,Maharashtra
20111015,2.2,30.54,21.08,Maharashtra
20111016,36.06,28.29,21.6,Maharashtra
20111017,1.35,29.26,20.31,Maharashtra
20111018,2.25,30.02,20.47,Maharashtra
20111019,2.15,29.63,19.84,Maharashtra
20111020,0.2,28.85,19.3,Maharashtra
20111021,0.0,29.15,17.92,Maharashtra
20111022,0.0,29.44,16.87,Maharashtra
20111023,0.0,29.26,15.96,Maharashtra
20111024,0.0,28.19,15.04,Maharashtra
20111025,0.0,28.55,14.46,Maharashtra
20111026,0.0,29.18,14.25,Maharashtra
20111027,0.0,29.1,14.67,Maharashtra
20111028,0.0,29.21,16.12,Maharashtra
20111029,0.0,28.9,16.43,Maharashtra
20111030,0.0,28.97,15.99,Maharashtra
20111031,0.0,28.42,15.7,Maharashtra
20111101,0.0,28.83,15.29,Maharashtra
20111102,0.0,28.67,15.92,Maharashtra
20111103,0.0,28.69,14.78,Maharashtra
20111104,0.0,28.93,14.06,Maharashtra
20111105,0.0,29.66,15.47,Maharashtra
20111106,0.0,30.44,14.74,Maharashtra
20111107,0.0,30.78,15.13,Maharashtra
20111108,0.0,30.86,16.84,Maharashtra
20111109,0.0,30.49,16.5,Maharashtra
20111110,0.0,30.82,16.21,Maharashtra
20111111,0.0,31.81,17.36,Maharashtra
20111112,0.0,31.72,16.6,Maharashtra
20111113,0.0,31.83,16.66,Maharashtra
20111114,0.0,30.93,16.21,Maharashtra
20111115,0.0,30.35,16.36,Maharashtra
20111116,0.0,30.23,14.91,Maharashtra
20111117,0.0,30.2,13.16,Maharashtra
20111118,0.0,31.02,14.48,Maharashtra
20111119,0.0,31.7,16.21,Maharashtra
20111120,0.0,31.78,16.66,Maharashtra
20111121,0.0,30.87,13.7,Maharashtra
20111122,0.0,29.57,13.52,Maharashtra
20111123,0.0,29.0,12.53,Maharashtra
20111124,0.0,29.27,13.04,Maharashtra
20111125,0.0,29.73,13.23,Maharashtra
20111126,0.0,29.67,14.33,Maharashtra
20111127,0.0,30.92,17.97,Maharashtra
20111128,0.0,30.76,18.51,Maharashtra
20111129,0.0,31.99,18.98,Maharashtra
20111130,0.0,32.05,17.34,Maharashtra
20111201,0.0,32.19,17.18,Maharashtra
20111202,0.0,32.03,14.27,Maharashtra
20111203,0.0,32.75,14.1,Maharashtra
20111204,0.0,33.01,15.83,Maharashtra
20111205,0.0,33.0,16.49,Maharashtra
20111206,0.0,32.38,16.48,Maharashtra
20111207,0.0,32.06,15.33,Maharashtra
20111208,0.0,31.45,14.6,Maharashtra
20111209,0.0,31.48,13.12,Maharashtra
20111210,0.0,31.92,13.99,Maharashtra
20111211,0.0,31.32,13.59,Maharashtra
20111212,0.0,30.85,12.63,Maharashtra
20111213,0.0,31.48,13.28,Maharashtra
20111214,0.0,31.12,13.32,Maharashtra
20111215,0.0,30.71,12.99,Maharashtra
20111216,0.0,30.91,12.38,Maharashtra
20111217,0.0,30.65,12.23,Maharashtra
20111218,0.0,30.52,12.91,Maharashtra
20111219,0.0,30.34,13.09,Maharashtra
20111220,0.0,29.21,12.74,Maharashtra
20111221,0.0,30.7,13.23,Maharashtra
20111222,0.0,29.88,11.94,Maharashtra
20111223,0.0,30.39,11.97,Maharashtra
20111224,0.0,31.28,12.61,Maharashtra
20111225,0.0,31.61,12.01,Maharashtra
20111226,0.0,31.56,13.61,Maharashtra
20111227,0.0,30.99,12.12,Maharashtra
20111228,0.0,30.13,12.08,Maharashtra
20111229,0.0,29.91,11.51,Maharashtra
20111230,0.0,31.05,12.46,Maharashtra
20111231,0.0,32.67,16.65,Maharashtra
20120101,0.0,30.61,18.14,Maharashtra
20120102,0.0,32.07,17.39,Maharashtra
20120103,0.0,32.2,16.11,Maharashtra
20120104,0.0,32.71,15.67,Maharashtra
20120105,0.0,32.61,14.85,Maharashtra
20120106,0.0,32.37,14.98,Maharashtra
20120107,0.0,31.03,14.0,Maharashtra
20120108,0.0,29.81,12.53,Maharashtra
20120109,0.0,28.32,9.97,Maharashtra
20120110,0.0,27.7,10.48,Maharashtra
20120111,0.0,27.94,10.62,Maharashtra
20120112,0.0,27.22,9.79,Maharashtra
20120113,0.0,26.85,9.89,Maharashtra
20120114,0.0,28.2,9.32,Maharashtra
20120115,0.0,30.37,9.89,Maharashtra
20120116,0.0,31.12,12.91,Maharashtra
20120117,0.0,30.2,11.0,Maharashtra
20120118,0.0,28.77,10.29,Maharashtra
20120119,0.0,27.34,8.69,Maharashtra
20120120,0.0,27.32,9.95,Maharashtra
20120121,0.0,28.79,9.6,Maharashtra
20120122,0.0,29.68,11.27,Maharashtra
20120123,0.0,30.07,12.81,Maharashtra
20120124,0.0,30.66,13.85,Maharashtra
20120125,0.0,30.77,15.9,Maharashtra
20120126,0.0,27.73,17.07,Maharashtra
20120127,0.0,30.25,13.91,Maharashtra
20120128,0.0,30.24,13.88,Maharashtra
20120129,0.0,29.45,11.3,Maharashtra
20120130,1.2,29.6,13.68,Maharashtra
20120131,0.0,30.3,17.48,Maharashtra
20120201,0.0,29.53,14.74,Maharashtra
20120202,0.0,31.0,14.12,Maharashtra
20120203,0.0,31.76,14.09,Maharashtra
20120204,0.0,32.08,13.8,Maharashtra
20120205,0.0,32.53,14.79,Maharashtra
20120206,0.0,33.58,15.33,Maharashtra
20120207,0.0,33.83,15.14,Maharashtra
20120208,0.0,27.9,12.89,Maharashtra
20120209,0.0,29.54,8.29,Maharashtra
20120210,0.0,31.33,9.67,Maharashtra
20120211,0.0,32.04,12.43,Maharashtra
20120212,0.0,33.92,14.82,Maharashtra
20120213,0.0,34.43,15.46,Maharashtra
20120214,0.0,34.22,15.62,Maharashtra
20120215,0.0,33.07,16.55,Maharashtra
20120216,0.0,31.27,13.34,Maharashtra
20120217,0.0,33.05,12.94,Maharashtra
20120218,0.0,34.31,16.56,Maharashtra
20120219,0.0,35.37,17.3,Maharashtra
20120220,0.0,35.79,18.03,Maharashtra
20120221,0.0,35.95,16.13,Maharashtra
20120222,0.0,36.48,18.19,Maharashtra
20120223,0.0,36.12,16.6,Maharashtra
20120224,0.0,35.65,15.74,Maharashtra
20120225,0.0,36.0,15.88,Maharashtra
20120226,0.0,36.63,16.18,Maharashtra
20120227,0.0,36.69,19.49,Maharashtra
20120228,0.0,36.74,16.84,Maharashtra
20120229,0.0,34.0,13.91,Maharashtra
20120301,0.0,34.6,13.41,Maharashtra
20120302,0.0,33.96,13.33,Maharashtra
20120303,0.0,33.73,15.27,Maharashtra
20120304,0.0,35.96,15.87,Maharashtra
20120305,0.0,37.19,17.88,Maharashtra
20120306,0.0,36.65,17.27,Maharashtra
20120307,0.0,35.06,15.29,Maharashtra
20120308,0.0,32.62,14.34,Maharashtra
20120309,0.0,32.3,13.41,Maharashtra
20120310,0.0,33.95,12.07,Maharashtra
20120311,0.0,36.11,13.69,Maharashtra
20120312,0.0,35.76,18.88,Maharashtra
20120313,0.0,34.19,16.7,Maharashtra
20120314,0.0,35.66,14.61,Maharashtra
20120315,0.0,36.93,15.65,Maharashtra
20120316,0.0,37.96,19.72,Maharashtra
20120317,0.0,38.27,20.33,Maharashtra
20120318,0.0,38.66,18.89,Maharashtra
20120319,0.0,38.62,18.26,Maharashtra
20120320,0.0,39.55,18.4,Maharashtra
20120321,0.0,38.9,19.09,Maharashtra
20120322,0.0,38.78,18.19,Maharashtra
20120323,0.0,38.98,17.84,Maharashtra
20120324,0.0,39.48,19.35,Maharashtra
20120325,0.0,39.11,19.49,Maharashtra
20120326,0.0,39.59,20.02,Maharashtra
20120327,0.0,38.87,21.93,Maharashtra
20120328,0.0,39.06,23.36,Maharashtra
20120329,0.0,40.03,20.73,Maharashtra
20120330,0.0,39.07,21.44,Maharashtra
20120331,0.0,38.98,20.44,Maharashtra
20120401,0.0,39.7,22.3,Maharashtra
20120402,0.0,40.21,23.51,Maharashtra
20120403,0.0,40.28,23.79,Maharashtra
20120404,0.27,40.55,23.63,Maharashtra
20120405,0.0,40.32,22.66,Maharashtra
20120406,0.0,39.44,21.17,Maharashtra
20120407,0.0,39.94,20.62,Maharashtra
20120408,0.0,40.52,22.24,Maharashtra
20120409,0.0,41.09,23.42,Maharashtra
20120410,0.0,40.74,24.03,Maharashtra
20120411,0.0,40.27,23.47,Maharashtra
20120412,0.01,39.32,22.6,Maharashtra
20120413,0.0,39.46,22.26,Maharashtra
20120414,0.0,39.51,23.75,Maharashtra
20120415,0.08,39.63,24.07,Maharashtra
20120416,0.07,40.03,24.41,Maharashtra
20120417,0.01,37.57,26.0,Maharashtra
20120418,0.0,37.94,23.74,Maharashtra
20120419,0.97,35.85,25.58,Maharashtra
20120420,1.38,36.74,25.1,Maharashtra
20120421,2.69,36.99,25.01,Maharashtra
20120422,0.15,39.63,24.92,Maharashtra
20120423,0.0,39.97,22.6,Maharashtra
20120424,0.0,39.67,21.16,Maharashtra
20120425,0.0,39.76,22.08,Maharashtra
20120426,0.0,39.96,23.0,Maharashtra
20120427,0.0,39.69,23.56,Maharashtra
20120428,0.0,40.36,23.31,Maharashtra
20120429,0.0,40.02,23.04,Maharashtra
20120430,0.0,40.57,22.61,Maharashtra
20120501,0.0,40.69,21.87,Maharashtra
20120502,0.0,40.24,21.36,Maharashtra
20120503,0.0,40.13,22.31,Maharashtra
20120504,0.0,40.66,23.0,Maharashtra
20120505,0.02,39.89,22.19,Maharashtra
20120506,0.08,39.05,22.95,Maharashtra
20120507,0.13,39.89,23.65,Maharashtra
20120508,0.12,39.74,25.03,Maharashtra
20120509,1.47,40.24,25.3,Maharashtra
20120510,3.1,40.22,26.3,Maharashtra
20120511,0.24,37.8,26.44,Maharashtra
20120512,7.01,38.28,25.18,Maharashtra
20120513,0.07,37.46,22.55,Maharashtra
20120514,0.0,38.48,22.2,Maharashtra
20120515,0.0,39.9,23.0,Maharashtra
20120516,0.0,40.01,22.63,Maharashtra
20120517,0.0,40.16,22.7,Maharashtra
20120518,0.0,40.7,23.2,Maharashtra
20120519,0.0,41.36,24.65,Maharashtra
20120520,0.0,41.93,24.33,Maharashtra
20120521,0.0,41.54,24.62,Maharashtra
20120522,0.0,41.7,23.98,Maharashtra
20120523,0.0,41.17,23.49,Maharashtra
20120524,0.0,41.48,24.97,Maharashtra
20120525,0.0,41.44,24.61,Maharashtra
20120526,0.0,41.13,25.38,Maharashtra
20120527,0.0,40.53,24.67,Maharashtra
20120528,0.0,41.28,25.33,Maharashtra
20120529,0.0,41.98,24.61,Maharashtra
20120530,0.0,41.82,24.6,Maharashtra
20120531,0.0,41.43,23.84,Maharashtra
20120601,0.0,41.66,23.68,Maharashtra
20120602,0.0,40.85,24.41,Maharashtra
20120603,0.0,40.0,23.57,Maharashtra
20120604,0.0,40.27,24.41,Maharashtra
20120605,0.09,40.08,27.07,Maharashtra
20120606,1.13,36.34,25.24,Maharashtra
20120607,0.28,35.87,23.64,Maharashtra
20120608,1.43,36.78,24.95,Maharashtra
20120609,5.08,35.9,25.32,Maharashtra
20120610,0.44,36.34,24.05,Maharashtra
20120611,0.0,36.73,23.79,Maharashtra
20120612,0.0,37.35,25.51,Maharashtra
20120613,5.15,33.45,26.78,Maharashtra
20120614,0.42,36.72,24.3,Maharashtra
20120615,12.3,33.1,25.25,Maharashtra
20120616,4.21,30.84,23.98,Maharashtra
20120617,35.65,30.48,22.46,Maharashtra
20120618,2.26,30.65,23.69,Maharashtra
20120619,1.14,32.49,23.59,Maharashtra
20120620,5.63,31.93,22.91,Maharashtra
20120621,1.36,32.81,22.81,Maharashtra
20120622,0.03,34.43,23.15,Maharashtra
20120623,0.78,33.97,23.15,Maharashtra
20120624,0.94,32.71,23.69,Maharashtra
20120625,0.2,35.33,23.39,Maharashtra
20120626,0.03,35.36,23.43,Maharashtra
20120627,0.56,35.65,22.88,Maharashtra
20120628,0.02,32.12,23.03,Maharashtra
20120629,3.49,33.79,21.67,Maharashtra
20120630,56.3,33.01,22.79,Maharashtra
20120701,18.91,31.52,22.07,Maharashtra
20120702,0.32,30.88,23.41,Maharashtra
20120703,3.37,29.15,23.46,Maharashtra
20120704,1.07,29.45,23.07,Maharashtra
20120705,1.81,30.26,23.3,Maharashtra
20120706,7.61,28.11,23.04,Maharashtra
20120707,5.49,28.45,22.88,Maharashtra
20120708,2.8,31.49,22.58,Maharashtra
20120709,42.02,27.36,22.89,Maharashtra
20120710,14.27,30.46,22.71,Maharashtra
20120711,0.39,31.3,21.6,Maharashtra
20120712,0.13,31.23,22.07,Maharashtra
20120713,3.66,29.63,23.25,Maharashtra
20120714,0.3,30.54,22.83,Maharashtra
20120715,0.18,29.9,22.53,Maharashtra
20120716,0.79,30.32,22.67,Maharashtra
20120717,0.31,30.85,23.02,Maharashtra
20120718,6.89,30.46,22.66,Maharashtra
20120719,7.29,28.74,22.69,Maharashtra
20120720,0.57,30.05,22.36,Maharashtra
20120721,2.47,29.9,22.89,Maharashtra
20120722,5.45,27.61,22.78,Maharashtra
20120723,3.04,28.3,22.61,Maharashtra
20120724,3.86,30.85,22.3,Maharashtra
20120725,0.54,30.07,22.4,Maharashtra
20120726,1.02,29.11,22.69,Maharashtra
20120727,2.01,29.25,22.27,Maharashtra
20120728,2.57,29.51,22.56,Maharashtra
20120729,2.16,28.74,22.45,Maharashtra
20120730,7.13,28.58,22.11,Maharashtra
20120731,17.05,26.35,22.38,Maharashtra
20120801,0.47,29.78,21.34,Maharashtra
20120802,0.7,29.59,21.29,Maharashtra
20120803,1.14,28.46,22.31,Maharashtra
20120804,1.48,28.43,22.04,Maharashtra
20120805,1.15,28.59,21.87,Maharashtra
20120806,0.9,27.28,22.46,Maharashtra
20120807,0.83,29.51,22.4,Maharashtra
20120808,1.26,31.84,22.36,Maharashtra
20120809,3.11,30.57,22.33,Maharashtra
20120810,3.11,29.53,22.72,Maharashtra
20120811,2.29,28.83,22.4,Maharashtra
20120812,1.68,31.07,21.82,Maharashtra
20120813,0.4,31.07,22.03,Maharashtra
20120814,0.1,29.61,21.67,Maharashtra
20120815,0.12,31.55,21.7,Maharashtra
20120816,0.0,32.48,21.61,Maharashtra
20120817,0.01,31.8,21.91,Maharashtra
20120818,0.7,27.35,22.01,Maharashtra
20120819,1.92,29.1,21.97,Maharashtra
20120820,0.1,29.03,21.74,Maharashtra
20120821,1.03,28.01,21.67,Maharashtra
20120822,1.89,31.45,21.47,Maharashtra
20120823,0.45,33.29,21.45,Maharashtra
20120824,0.01,33.25,21.7,Maharashtra
20120825,0.34,33.33,21.6,Maharashtra
20120826,4.02,30.63,22.04,Maharashtra
20120827,3.81,29.08,22.67,Maharashtra
20120828,4.51,31.21,22.36,Maharashtra
20120829,1.12,32.91,21.99,Maharashtra
20120830,60.47,29.03,23.3,Maharashtra
20120831,11.88,29.48,23.42,Maharashtra
20120901,3.76,30.28,23.24,Maharashtra
20120902,1.54,30.09,22.01,Maharashtra
20120903,40.32,27.14,22.92,Maharashtra
20120904,11.22,28.97,22.14,Maharashtra
20120905,7.27,26.53,22.39,Maharashtra
20120906,9.68,28.99,22.2,Maharashtra
20120907,0.41,30.83,21.65,Maharashtra
20120908,0.28,29.7,22.03,Maharashtra
20120909,1.21,30.5,21.66,Maharashtra
20120910,9.12,29.0,22.34,Maharashtra
20120911,2.26,27.77,22.14,Maharashtra
20120912,0.1,29.58,21.55,Maharashtra
20120913,0.15,29.34,20.81,Maharashtra
20120914,0.29,30.16,21.23,Maharashtra
20120915,0.34,30.47,21.15,Maharashtra
20120916,0.03,29.76,20.96,Maharashtra
20120917,0.05,29.81,20.67,Maharashtra
20120918,0.31,30.03,20.4,Maharashtra
20120919,0.08,29.93,20.86,Maharashtra
20120920,0.77,28.08,21.57,Maharashtra
20120921,8.52,28.04,22.14,Maharashtra
20120922,12.73,27.07,21.03,Maharashtra
20120923,0.5,30.04,20.07,Maharashtra
20120924,0.61,29.8,19.76,Maharashtra
20120925,0.48,29.95,19.35,Maharashtra
20120926,0.13,28.44,21.2,Maharashtra
20120927,0.01,30.04,19.73,Maharashtra
20120928,0.33,30.26,19.6,Maharashtra
20120929,0.0,31.44,20.65,Maharashtra
20120930,0.46,30.65,21.73,Maharashtra
20121001,9.55,27.83,22.68,Maharashtra
20121002,29.42,28.93,22.37,Maharashtra
20121003,4.75,26.93,22.18,Maharashtra
20121004,4.72,29.92,20.4,Maharashtra
20121005,1.91,28.68,22.26,Maharashtra
20121006,6.64,30.24,21.31,Maharashtra
20121007,1.55,29.84,20.48,Maharashtra
20121008,0.1,30.3,20.38,Maharashtra
20121009,0.09,31.29,20.01,Maharashtra
20121010,0.09,30.97,19.16,Maharashtra
20121011,0.0,30.76,20.24,Maharashtra
20121012,0.0,30.94,19.64,Maharashtra
20121013,0.0,31.15,18.61,Maharashtra
20121014,0.0,31.26,18.75,Maharashtra
20121015,0.0,31.43,19.83,Maharashtra
20121016,0.0,30.74,19.71,Maharashtra
20121017,0.0,31.11,19.6,Maharashtra
20121018,0.0,31.38,18.9,Maharashtra
20121019,0.0,31.39,18.02,Maharashtra
20121020,0.0,30.76,17.0,Maharashtra
20121021,0.0,26.82,18.96,Maharashtra
20121022,0.37,30.85,17.96,Maharashtra
20121023,0.02,31.07,19.9,Maharashtra
20121024,0.43,31.32,19.6,Maharashtra
20121025,0.04,31.25,19.84,Maharashtra
20121026,5.09,29.95,19.82,Maharashtra
20121027,0.36,30.54,19.95,Maharashtra
20121028,0.0,30.62,19.09,Maharashtra
20121029,0.0,31.13,16.87,Maharashtra
20121030,0.0,30.53,15.59,Maharashtra
20121031,0.0,31.78,13.76,Maharashtra
20121101,0.1,30.34,17.13,Maharashtra
20121102,0.91,30.58,20.1,Maharashtra
20121103,0.04,30.91,18.89,Maharashtra
20121104,0.0,30.97,16.97,Maharashtra
20121105,0.0,31.64,16.19,Maharashtra
20121106,0.0,31.83,15.79,Maharashtra
20121107,0.0,31.68,16.33,Maharashtra
20121108,0.0,31.02,16.79,Maharashtra
20121109,0.0,31.02,17.56,Maharashtra
20121110,0.0,30.7,18.25,Maharashtra
20121111,0.0,30.03,18.52,Maharashtra
20121112,0.0,30.09,18.18,Maharashtra
20121113,0.0,30.56,17.27,Maharashtra
20121114,0.0,30.63,15.76,Maharashtra
20121115,0.0,30.38,15.27,Maharashtra
20121116,0.0,29.73,12.7,Maharashtra
20121117,0.0,30.09,13.15,Maharashtra
20121118,0.0,29.8,12.52,Maharashtra
20121119,0.0,29.45,10.91,Maharashtra
20121120,0.0,30.18,11.92,Maharashtra
20121121,0.0,31.07,13.23,Maharashtra
20121122,0.0,32.29,14.34,Maharashtra
20121123,0.0,32.52,16.79,Maharashtra
20121124,0.0,31.97,15.42,Maharashtra
20121125,0.0,32.24,17.63,Maharashtra
20121126,0.0,32.83,18.89,Maharashtra
20121127,0.0,32.92,18.74,Maharashtra
20121128,0.0,32.98,17.19,Maharashtra
20121129,0.0,33.39,15.68,Maharashtra
20121130,0.0,32.05,14.06,Maharashtra
20121201,0.0,32.13,14.7,Maharashtra
20121202,0.0,31.78,15.27,Maharashtra
20121203,0.0,31.72,15.63,Maharashtra
20121204,0.0,31.18,14.65,Maharashtra
20121205,0.0,32.27,14.26,Maharashtra
20121206,0.0,28.87,18.07,Maharashtra
20121207,0.0,32.54,17.95,Maharashtra
20121208,0.0,33.78,18.09,Maharashtra
20121209,0.0,33.68,20.28,Maharashtra
20121210,0.0,32.79,18.3,Maharashtra
20121211,0.0,32.1,17.12,Maharashtra
20121212,0.0,31.71,14.76,Maharashtra
20121213,0.0,31.95,14.9,Maharashtra
20121214,0.0,31.4,12.98,Maharashtra
20121215,0.0,31.74,13.49,Maharashtra
20121216,0.0,32.33,17.02,Maharashtra
20121217,0.0,31.38,16.63,Maharashtra
20121218,0.0,30.04,15.23,Maharashtra
20121219,0.0,30.23,13.85,Maharashtra
20121220,0.0,30.69,13.67,Maharashtra
20121221,0.0,31.45,12.75,Maharashtra
20121222,0.0,31.43,13.77,Maharashtra
20121223,0.0,31.45,14.68,Maharashtra
20121224,0.0,30.48,13.76,Maharashtra
20121225,0.0,29.79,13.65,Maharashtra
20121226,0.0,29.86,11.24,Maharashtra
20121227,0.0,30.2,10.46,Maharashtra
20121228,0.0,30.84,10.83,Maharashtra
20121229,0.0,31.32,13.03,Maharashtra
20121230,0.0,31.59,15.25,Maharashtra
20121231,0.76,32.48,19.5,Maharashtra
20130101,0.04,32.13,19.42,Maharashtra
20130102,0.12,31.89,18.31,Maharashtra
20130103,0.01,33.02,14.84,Maharashtra
20130104,0.0,33.27,15.54,Maharashtra
20130105,0.0,31.5,11.61,Maharashtra
20130106,0.0,31.03,11.21,Maharashtra
20130107,0.0,29.72,9.5,Maharashtra
20130108,0.0,29.36,9.96,Maharashtra
20130109,0.0,30.35,12.5,Maharashtra
20130110,0.0,31.09,12.8,Maharashtra
20130111,0.0,30.87,12.71,Maharashtra
20130112,0.0,32.04,13.01,Maharashtra
20130113,0.0,33.3,12.99,Maharashtra
20130114,0.0,34.0,17.13,Maharashtra
20130115,0.0,33.87,14.98,Maharashtra
20130116,0.0,32.65,16.3,Maharashtra
20130117,0.0,31.72,14.39,Maharashtra
20130118,0.0,28.42,14.52,Maharashtra
20130119,0.0,29.84,11.5,Maharashtra
20130120,0.0,30.28,13.18,Maharashtra
20130121,0.0,29.9,12.75,Maharashtra
20130122,0.1,30.78,13.98,Maharashtra
20130123,3.02,31.0,16.86,Maharashtra
20130124,0.01,30.88,14.76,Maharashtra
20130125,0.0,31.29,15.86,Maharashtra
20130126,0.0,30.76,15.06,Maharashtra
20130127,0.0,29.15,16.82,Maharashtra
20130128,0.03,30.7,17.97,Maharashtra
20130129,0.0,30.76,16.59,Maharashtra
20130130,0.0,29.42,17.21,Maharashtra
20130131,0.0,30.93,17.24,Maharashtra
20130201,0.0,31.55,18.88,Maharashtra
20130202,0.0,32.25,19.03,Maharashtra
20130203,0.0,32.91,18.35,Maharashtra
20130204,0.05,32.79,18.97,Maharashtra
20130205,0.0,31.65,17.21,Maharashtra
20130206,0.0,30.49,19.24,Maharashtra
20130207,0.4,31.86,16.32,Maharashtra
20130208,0.0,31.05,18.63,Maharashtra
20130209,0.0,32.66,18.79,Maharashtra
20130210,0.0,34.44,19.93,Maharashtra
20130211,5.98,33.65,20.07,Maharashtra
20130212,0.14,32.85,21.47,Maharashtra
20130213,0.0,32.64,20.24,Maharashtra
20130214,0.23,33.04,22.37,Maharashtra
20130215,0.42,32.99,21.07,Maharashtra
20130216,0.15,31.14,15.48,Maharashtra
20130217,0.0,28.56,11.46,Maharashtra
20130218,0.0,31.02,11.93,Maharashtra
20130219,0.0,33.42,13.29,Maharashtra
20130220,0.0,34.23,16.19,Maharashtra
20130221,0.0,34.88,15.52,Maharashtra
20130222,0.1,35.8,18.21,Maharashtra
20130223,0.2,34.51,18.9,Maharashtra
20130224,0.04,34.88,15.92,Maharashtra
20130225,0.0,34.78,14.94,Maharashtra
20130226,0.0,35.96,18.4,Maharashtra
20130227,0.0,33.9,15.71,Maharashtra
20130228,0.0,34.36,15.7,Maharashtra
20130301,0.0,34.72,16.68,Maharashtra
20130302,0.0,35.62,15.2,Maharashtra
20130303,0.0,35.9,14.65,Maharashtra
20130304,0.0,36.29,14.96,Maharashtra
20130305,0.0,36.45,15.67,Maharashtra
20130306,0.0,35.87,16.06,Maharashtra
20130307,0.0,36.68,17.58,Maharashtra
20130308,0.0,36.74,17.38,Maharashtra
20130309,0.0,37.5,18.3,Maharashtra
20130310,0.0,37.0,17.87,Maharashtra
20130311,0.0,36.88,18.47,Maharashtra
20130312,0.0,35.96,20.75,Maharashtra
20130313,0.0,37.01,19.32,Maharashtra
20130314,0.0,35.17,20.35,Maharashtra
20130315,0.0,36.72,19.64,Maharashtra
20130316,0.3,34.22,23.63,Maharashtra
20130317,0.03,36.55,22.72,Maharashtra
20130318,0.0,37.35,21.97,Maharashtra
20130319,0.05,37.75,21.86,Maharashtra
20130320,0.01,37.29,21.22,Maharashtra
20130321,0.0,37.51,18.6,Maharashtra
20130322,0.0,37.34,18.79,Maharashtra
20130323,0.0,37.91,21.24,Maharashtra
20130324,0.0,37.15,20.59,Maharashtra
20130325,0.0,37.69,22.81,Maharashtra
20130326,0.0,37.63,24.83,Maharashtra
20130327,0.0,37.83,23.32,Maharashtra
20130328,0.0,37.07,21.56,Maharashtra
20130329,0.0,37.29,21.18,Maharashtra
20130330,0.0,37.57,19.08,Maharashtra
20130331,0.0,39.09,19.55,Maharashtra
20130401,0.03,39.47,20.64,Maharashtra
20130402,0.01,38.71,22.49,Maharashtra
20130403,0.0,37.86,21.53,Maharashtra
20130404,0.0,37.79,19.9,Maharashtra
20130405,0.0,38.91,20.03,Maharashtra
20130406,0.0,40.32,20.04,Maharashtra
20130407,0.0,39.8,20.42,Maharashtra
20130408,0.0,40.43,20.75,Maharashtra
20130409,0.0,40.55,21.6,Maharashtra
20130410,0.0,38.94,24.0,Maharashtra
20130411,0.0,39.12,23.54,Maharashtra
20130412,0.0,40.01,22.98,Maharashtra
20130413,0.0,39.59,25.65,Maharashtra
20130414,0.09,39.8,25.55,Maharashtra
20130415,0.0,40.2,21.97,Maharashtra
20130416,0.0,39.72,20.83,Maharashtra
20130417,0.0,38.62,20.68,Maharashtra
20130418,0.0,38.33,20.49,Maharashtra
20130419,0.48,34.89,23.68,Maharashtra
20130420,0.08,36.73,21.64,Maharashtra
20130421,0.06,36.76,22.63,Maharashtra
20130422,0.02,37.52,22.9,Maharashtra
20130423,0.0,38.94,23.16,Maharashtra
20130424,0.0,38.25,24.01,Maharashtra
20130425,0.34,40.03,25.24,Maharashtra
20130426,0.02,41.05,25.43,Maharashtra
20130427,0.0,41.73,24.54,Maharashtra
20130428,0.01,42.27,24.79,Maharashtra
20130429,0.0,42.28,25.32,Maharashtra
20130430,0.0,42.94,25.46,Maharashtra
20130501,0.03,43.35,27.94,Maharashtra
20130502,0.0,42.4,26.87,Maharashtra
20130503,0.0,41.79,23.63,Maharashtra
20130504,0.0,40.41,23.74,Maharashtra
20130505,0.0,42.05,24.44,Maharashtra
20130506,0.0,41.8,24.86,Maharashtra
20130507,0.01,42.34,24.47,Maharashtra
20130508,0.0,40.44,25.5,Maharashtra
20130509,0.0,41.81,23.62,Maharashtra
20130510,0.0,41.71,24.0,Maharashtra
20130511,0.0,41.1,25.29,Maharashtra
20130512,0.0,40.31,23.71,Maharashtra
20130513,0.0,39.57,22.91,Maharashtra
20130514,0.0,40.38,25.74,Maharashtra
20130515,0.44,40.68,26.8,Maharashtra
20130516,0.04,41.41,25.4,Maharashtra
20130517,0.0,41.38,24.87,Maharashtra
20130518,0.0,42.67,25.23,Maharashtra
20130519,1.37,43.37,26.48,Maharashtra
20130520,0.0,42.36,27.98,Maharashtra
20130521,0.0,42.88,26.4,Maharashtra
20130522,0.0,42.19,25.83,Maharashtra
20130523,0.0,42.66,25.31,Maharashtra
20130524,0.0,42.15,24.92,Maharashtra
20130525,0.0,40.72,23.46,Maharashtra
20130526,0.0,40.48,24.14,Maharashtra
20130527,0.06,39.49,25.05,Maharashtra
20130528,0.0,39.16,25.56,Maharashtra
20130529,0.22,36.52,25.54,Maharashtra
20130530,0.71,40.35,25.26,Maharashtra
20130531,0.05,40.17,25.47,Maharashtra
20130601,0.56,39.98,26.43,Maharashtra
20130602,6.34,39.19,27.42,Maharashtra
20130603,5.95,32.24,25.12,Maharashtra
20130604,3.21,34.64,23.54,Maharashtra
20130605,1.01,31.44,24.62,Maharashtra
20130606,32.17,31.1,24.45,Maharashtra
20130607,3.39,30.1,23.56,Maharashtra
20130608,9.49,29.9,23.98,Maharashtra
20130609,8.53,31.14,23.82,Maharashtra
20130610,0.85,31.63,23.06,Maharashtra
20130611,6.23,30.78,23.55,Maharashtra
20130612,1.11,30.19,23.11,Maharashtra
20130613,6.13,32.72,22.73,Maharashtra
20130614,10.3,30.7,23.15,Maharashtra
20130615,6.3,26.44,23.62,Maharashtra
20130616,5.2,29.83,22.98,Maharashtra
20130617,5.42,29.08,23.5,Maharashtra
20130618,12.21,31.54,22.55,Maharashtra
20130619,1.22,31.3,22.64,Maharashtra
20130620,0.69,32.02,22.12,Maharashtra
20130621,9.13,32.65,22.38,Maharashtra
20130622,4.35,32.25,22.36,Maharashtra
20130623,0.36,29.52,22.83,Maharashtra
20130624,28.58,29.34,22.91,Maharashtra
20130625,12.57,29.59,22.97,Maharashtra
20130626,5.28,28.64,22.71,Maharashtra
20130627,1.86,29.77,22.8,Maharashtra
20130628,0.74,31.3,22.39,Maharashtra
20130629,0.17,29.05,22.43,Maharashtra
20130630,1.31,32.24,22.8,Maharashtra
20130701,1.49,30.75,22.6,Maharashtra
20130702,3.5,30.99,22.81,Maharashtra
20130703,16.91,27.4,22.92,Maharashtra
20130704,2.81,25.0,20.63,Maharashtra
20130705,0.32,31.89,20.2,Maharashtra
20130706,1.72,29.79,22.26,Maharashtra
20130707,1.65,32.0,22.46,Maharashtra
20130708,1.2,31.22,22.87,Maharashtra
20130709,6.78,29.59,22.19,Maharashtra
20130710,6.0,27.44,22.39,Maharashtra
20130711,7.96,27.18,22.09,Maharashtra
20130712,4.77,26.76,20.34,Maharashtra
20130713,2.98,27.79,20.46,Maharashtra
20130714,2.77,28.7,21.38,Maharashtra
20130715,6.08,26.81,22.06,Maharashtra
20130716,25.53,25.2,21.93,Maharashtra
20130717,26.2,25.91,21.01,Maharashtra
20130718,9.08,29.88,21.93,Maharashtra
20130719,12.63,27.51,22.77,Maharashtra
20130720,2.37,29.07,22.09,Maharashtra
20130721,2.4,29.2,22.18,Maharashtra
20130722,10.42,28.03,22.44,Maharashtra
20130723,11.5,27.49,22.36,Maharashtra
20130724,20.96,27.34,22.14,Maharashtra
20130725,2.41,27.72,21.97,Maharashtra
20130726,4.46,27.88,21.93,Maharashtra
20130727,1.31,28.32,21.25,Maharashtra
20130728,0.58,28.55,22.23,Maharashtra
20130729,0.84,29.09,21.92,Maharashtra
20130730,1.35,29.08,21.51,Maharashtra
20130731,33.49,25.58,21.59,Maharashtra
20130801,15.16,26.06,21.28,Maharashtra
20130802,6.54,27.21,21.09,Maharashtra
20130803,0.14,30.9,20.38,Maharashtra
20130804,0.25,29.64,20.79,Maharashtra
20130805,0.96,27.53,21.36,Maharashtra
20130806,0.85,28.02,21.67,Maharashtra
20130807,2.18,29.62,21.34,Maharashtra
20130808,0.69,29.12,21.76,Maharashtra
20130809,2.87,28.38,21.8,Maharashtra
20130810,1.74,27.95,21.35,Maharashtra
20130811,0.07,29.72,21.17,Maharashtra
20130812,5.94,29.78,21.44,Maharashtra
20130813,10.92,28.19,21.88,Maharashtra
20130814,0.8,29.62,21.56,Maharashtra
20130815,0.05,30.49,21.25,Maharashtra
20130816,0.14,29.0,21.64,Maharashtra
20130817,1.11,27.89,21.83,Maharashtra
20130818,0.54,28.91,22.0,Maharashtra
20130819,0.39,29.65,21.77,Maharashtra
20130820,0.45,28.68,21.55,Maharashtra
20130821,0.1,29.0,21.1,Maharashtra
20130822,2.84,26.15,21.61,Maharashtra
20130823,3.2,27.77,21.46,Maharashtra
20130824,6.32,25.98,21.49,Maharashtra
20130825,9.24,27.99,20.55,Maharashtra
20130826,1.0,27.82,20.54,Maharashtra
20130827,0.06,29.59,20.65,Maharashtra
20130828,0.25,28.29,21.33,Maharashtra
20130829,0.48,29.04,21.13,Maharashtra
20130830,0.49,30.45,20.85,Maharashtra
20130831,0.61,30.79,21.09,Maharashtra
20130901,0.16,30.79,20.9,Maharashtra
20130902,0.07,30.14,21.31,Maharashtra
20130903,0.06,30.68,20.68,Maharashtra
20130904,0.05,30.12,20.72,Maharashtra
20130905,1.32,29.72,20.57,Maharashtra
20130906,0.11,30.26,20.34,Maharashtra
20130907,0.02,30.26,20.6,Maharashtra
20130908,0.8,29.24,21.41,Maharashtra
20130909,22.88,29.11,21.75,Maharashtra
20130910,23.49,28.63,21.86,Maharashtra
20130911,5.41,29.39,21.47,Maharashtra
20130912,3.46,29.25,21.58,Maharashtra
20130913,5.48,29.0,22.0,Maharashtra
20130914,7.73,30.08,22.95,Maharashtra
20130915,26.77,27.53,22.94,Maharashtra
20130916,35.9,28.37,22.22,Maharashtra
20130917,9.05,27.36,22.65,Maharashtra
20130918,4.38,29.31,21.8,Maharashtra
20130919,3.73,29.33,22.56,Maharashtra
20130920,1.66,30.22,22.24,Maharashtra
20130921,8.63,27.41,21.86,Maharashtra
20130922,3.87,23.57,21.35,Maharashtra
20130923,5.15,25.82,21.01,Maharashtra
20130924,1.1,28.86,20.66,Maharashtra
20130925,8.14,29.33,19.76,Maharashtra
20130926,1.29,29.51,20.03,Maharashtra
20130927,0.32,28.56,21.09,Maharashtra
20130928,0.03,28.47,21.13,Maharashtra
20130929,1.38,28.96,20.48,Maharashtra
20130930,0.17,29.27,20.88,Maharashtra
20131001,0.01,29.63,21.16,Maharashtra
20131002,4.02,27.6,22.24,Maharashtra
20131003,10.63,27.31,22.34,Maharashtra
20131004,6.07,27.15,21.93,Maharashtra
20131005,2.76,28.89,21.37,Maharashtra
20131006,1.3,29.16,20.62,Maharashtra
20131007,0.15,29.44,21.17,Maharashtra
20131008,0.26,29.08,21.74,Maharashtra
20131009,20.32,27.53,21.67,Maharashtra
20131010,10.98,27.76,21.45,Maharashtra
20131011,1.74,28.09,20.03,Maharashtra
20131012,0.86,28.69,20.05,Maharashtra
20131013,0.74,29.04,20.91,Maharashtra
20131014,0.08,28.8,20.7,Maharashtra
20131015,21.3,28.5,20.39,Maharashtra
20131016,4.12,28.95,19.74,Maharashtra
20131017,0.03,29.53,19.09,Maharashtra
20131018,0.04,29.65,18.25,Maharashtra
20131019,0.01,29.85,19.12,Maharashtra
20131020,0.0,29.12,18.95,Maharashtra
20131021,0.0,28.95,18.2,Maharashtra
20131022,0.0,27.87,17.21,Maharashtra
20131023,0.06,28.09,18.21,Maharashtra
20131024,0.29,27.64,20.21,Maharashtra
20131025,0.41,28.57,20.62,Maharashtra
20131026,0.29,28.86,20.13,Maharashtra
20131027,0.05,28.81,20.43,Maharashtra
20131028,0.0,28.35,17.84,Maharashtra
20131029,0.0,28.73,17.08,Maharashtra
20131030,0.0,28.69,15.07,Maharashtra
20131031,0.0,27.7,14.52,Maharashtra
20131101,0.0,27.08,14.3,Maharashtra
20131102,0.26,27.84,14.4,Maharashtra
20131103,0.01,28.45,15.7,Maharashtra
20131104,0.0,28.12,15.3,Maharashtra
20131105,0.0,27.27,15.23,Maharashtra
20131106,0.0,26.73,15.28,Maharashtra
20131107,0.0,27.51,14.84,Maharashtra
20131108,0.0,27.77,16.48,Maharashtra
20131109,0.0,27.49,17.4,Maharashtra
20131110,0.0,27.62,15.34,Maharashtra
20131111,0.0,27.01,15.57,Maharashtra
20131112,0.0,27.08,15.56,Maharashtra
20131113,0.0,27.51,14.24,Maharashtra
20131114,0.0,27.01,13.74,Maharashtra
20131115,0.0,26.86,13.54,Maharashtra
20131116,0.0,26.28,12.89,Maharashtra
20131117,0.0,27.95,11.12,Maharashtra
20131118,0.01,29.11,15.54,Maharashtra
20131119,0.0,29.82,14.51,Maharashtra
20131120,0.0,29.18,12.64,Maharashtra
20131121,0.0,28.77,12.12,Maharashtra
20131122,0.0,28.17,13.01,Maharashtra
20131123,0.11,28.4,13.9,Maharashtra
20131124,39.71,25.37,19.1,Maharashtra
20131125,11.41,27.3,18.72,Maharashtra
20131126,0.02,27.67,17.86,Maharashtra
20131127,0.0,26.76,15.38,Maharashtra
20131128,0.0,26.24,12.78,Maharashtra
20131129,0.09,26.88,13.14,Maharashtra
20131130,0.03,27.34,18.13,Maharashtra
20131201,0.04,28.12,17.83,Maharashtra
20131202,28.4,27.24,17.01,Maharashtra
20131203,5.39,26.35,17.1,Maharashtra
20131204,0.01,26.23,17.82,Maharashtra
20131205,0.0,26.75,14.96,Maharashtra
20131206,0.0,25.71,11.46,Maharashtra
20131207,0.0,25.55,11.32,Maharashtra
20131208,0.0,25.38,9.75,Maharashtra
20131209,0.0,25.89,11.91,Maharashtra
20131210,0.0,26.49,13.07,Maharashtra
20131211,0.0,26.26,10.86,Maharashtra
20131212,0.0,25.49,9.31,Maharashtra
20131213,0.0,25.58,8.22,Maharashtra
20131214,0.0,26.54,12.37,Maharashtra
20131215,0.0,27.29,13.81,Maharashtra
20131216,0.0,26.58,12.46,Maharashtra
20131217,0.0,26.14,10.46,Maharashtra
20131218,0.0,26.32,11.25,Maharashtra
20131219,0.0,27.5,11.6,Maharashtra
20131220,0.0,27.16,13.3,Maharashtra
20131221,0.0,27.62,10.07,Maharashtra
20131222,0.0,27.21,11.5,Maharashtra
20131223,0.0,26.87,12.67,Maharashtra
20131224,0.0,26.39,13.05,Maharashtra
20131225,0.0,26.65,12.3,Maharashtra
20131226,0.0,26.61,13.22,Maharashtra
20131227,0.0,27.11,12.74,Maharashtra
20131228,0.0,27.68,12.75,Maharashtra
20131229,0.0,27.12,12.06,Maharashtra
20131230,0.0,27.18,13.71,Maharashtra
20131231,0.0,27.51,11.91,Maharashtra
20140101,0.0,27.24,12.63,Maharashtra
20140102,0.0,27.57,12.41,Maharashtra
20140103,0.0,27.57,12.21,Maharashtra
20140104,0.0,28.76,12.92,Maharashtra
20140105,0.0,27.38,12.8,Maharashtra
20140106,0.0,26.89,10.88,Maharashtra
20140107,0.0,28.07,11.8,Maharashtra
20140108,0.0,29.18,14.2,Maharashtra
20140109,0.0,29.59,12.6,Maharashtra
20140110,0.0,29.72,13.35,Maharashtra
20140111,0.0,26.99,8.84,Maharashtra
20140112,0.0,27.83,9.66,Maharashtra
20140113,0.0,28.76,13.78,Maharashtra
20140114,0.0,29.68,14.81,Maharashtra
20140115,0.0,29.37,14.93,Maharashtra
20140116,0.0,30.07,14.07,Maharashtra
20140117,0.01,29.94,15.02,Maharashtra
20140118,0.0,26.97,11.47,Maharashtra
20140119,0.0,28.55,13.51,Maharashtra
20140120,0.01,30.02,15.06,Maharashtra
20140121,0.43,28.01,17.24,Maharashtra
20140122,0.52,29.57,16.49,Maharashtra
20140123,5.66,27.16,17.05,Maharashtra
20140124,0.41,26.79,17.02,Maharashtra
20140125,0.0,28.15,15.56,Maharashtra
20140126,0.0,28.29,14.27,Maharashtra
20140127,0.0,28.53,13.36,Maharashtra
20140128,0.0,28.29,11.69,Maharashtra
20140129,0.0,28.72,10.74,Maharashtra
20140130,0.0,28.9,11.35,Maharashtra
20140131,0.0,28.63,11.8,Maharashtra
20140201,0.0,29.52,12.37,Maharashtra
20140202,0.0,29.27,13.44,Maharashtra
20140203,0.0,31.37,13.17,Maharashtra
20140204,0.0,31.9,16.0,Maharashtra
20140205,0.0,32.12,14.5,Maharashtra
20140206,0.0,33.28,14.82,Maharashtra
20140207,0.0,33.67,15.01,Maharashtra
20140208,0.0,32.64,15.43,Maharashtra
20140209,0.0,30.38,12.39,Maharashtra
20140210,0.0,29.72,10.81,Maharashtra
20140211,0.0,29.41,12.43,Maharashtra
20140212,0.0,31.57,13.17,Maharashtra
20140213,0.0,30.1,12.98,Maharashtra
20140214,0.02,27.92,13.52,Maharashtra
20140215,0.19,28.04,11.91,Maharashtra
20140216,0.01,26.77,11.8,Maharashtra
20140217,0.0,28.78,12.24,Maharashtra
20140218,0.0,30.92,11.16,Maharashtra
20140219,0.0,32.62,13.22,Maharashtra
20140220,0.0,33.99,14.99,Maharashtra
20140221,0.0,31.31,20.08,Maharashtra
20140222,0.0,31.51,18.43,Maharashtra
20140223,0.0,31.41,18.09,Maharashtra
20140224,0.15,33.13,20.21,Maharashtra
20140225,0.22,34.47,19.97,Maharashtra
20140226,8.98,33.93,18.78,Maharashtra
20140227,4.04,29.37,19.71,Maharashtra
20140228,0.06,30.34,15.05,Maharashtra
20140301,0.0,28.64,11.2,Maharashtra
20140302,0.0,29.45,10.88,Maharashtra
20140303,5.48,30.45,12.3,Maharashtra
20140304,12.74,26.85,15.71,Maharashtra
20140305,1.98,28.14,14.01,Maharashtra
20140306,0.2,28.39,17.56,Maharashtra
20140307,0.02,29.0,16.76,Maharashtra
20140308,2.63,28.81,18.41,Maharashtra
20140309,9.94,29.01,17.48,Maharashtra
20140310,2.92,30.13,17.65,Maharashtra
20140311,0.01,32.34,17.96,Maharashtra
20140312,16.03,31.13,18.92,Maharashtra
20140313,3.27,31.85,18.71,Maharashtra
20140314,0.0,33.81,18.91,Maharashtra
20140315,0.0,34.43,20.53,Maharashtra
20140316,0.0,34.73,22.08,Maharashtra
20140317,0.0,34.62,22.02,Maharashtra
20140318,0.0,32.95,20.46,Maharashtra
20140319,0.0,35.64,18.48,Maharashtra
20140320,0.0,36.19,18.22,Maharashtra
20140321,0.0,36.91,17.93,Maharashtra
20140322,0.0,36.39,16.66,Maharashtra
20140323,0.0,36.65,16.97,Maharashtra
20140324,0.0,36.67,19.69,Maharashtra
20140325,0.0,36.29,21.09,Maharashtra
20140326,0.0,37.81,19.9,Maharashtra
20140327,0.0,38.36,21.36,Maharashtra
20140328,0.0,38.78,21.75,Maharashtra
20140329,0.0,38.64,21.83,Maharashtra
20140330,0.0,39.23,21.52,Maharashtra
20140331,0.0,39.5,22.24,Maharashtra
20140401,0.0,38.48,22.22,Maharashtra
20140402,0.0,37.09,19.94,Maharashtra
20140403,0.0,38.03,19.82,Maharashtra
20140404,0.0,40.02,20.87,Maharashtra
20140405,0.0,40.13,21.12,Maharashtra
20140406,0.0,40.19,22.75,Maharashtra
20140407,0.0,39.18,25.79,Maharashtra
20140408,0.0,33.21,24.24,Maharashtra
20140409,0.01,38.87,21.64,Maharashtra
20140410,0.0,38.54,20.78,Maharashtra
20140411,0.0,39.06,20.86,Maharashtra
20140412,0.0,38.8,19.64,Maharashtra
20140413,0.0,39.49,19.29,Maharashtra
20140414,0.0,38.98,20.16,Maharashtra
20140415,0.01,39.69,21.29,Maharashtra
20140416,0.07,40.59,24.06,Maharashtra
20140417,0.02,40.37,24.37,Maharashtra
20140418,0.0,38.37,25.14,Maharashtra
20140419,5.27,39.56,25.04,Maharashtra
20140420,6.77,36.64,23.47,Maharashtra
20140421,0.09,37.75,24.12,Maharashtra
20140422,0.56,33.15,24.69,Maharashtra
20140423,0.0,38.05,25.31,Maharashtra
20140424,0.0,39.62,26.06,Maharashtra
20140425,0.0,40.75,22.39,Maharashtra
20140426,0.0,41.49,23.63,Maharashtra
20140427,0.01,41.69,23.25,Maharashtra
20140428,0.0,42.21,24.96,Maharashtra
20140429,0.01,41.97,26.21,Maharashtra
20140430,0.68,41.29,26.48,Maharashtra
20140501,0.04,41.59,25.36,Maharashtra
20140502,0.0,41.2,26.81,Maharashtra
20140503,0.41,40.91,25.62,Maharashtra
20140504,0.01,39.64,24.29,Maharashtra
20140505,0.0,40.19,23.75,Maharashtra
20140506,0.0,40.18,27.18,Maharashtra
20140507,1.46,39.86,28.88,Maharashtra
20140508,0.6,39.39,28.11,Maharashtra
20140509,3.81,37.67,27.24,Maharashtra
20140510,1.16,38.73,25.1,Maharashtra
20140511,0.0,38.61,21.96,Maharashtra
20140512,0.0,38.28,22.06,Maharashtra
20140513,0.0,38.67,22.92,Maharashtra
20140514,0.03,37.99,23.88,Maharashtra
20140515,0.06,37.74,23.73,Maharashtra
20140516,0.03,38.65,24.66,Maharashtra
20140517,1.33,39.23,25.5,Maharashtra
20140518,0.09,39.68,26.08,Maharashtra
20140519,0.22,41.33,26.63,Maharashtra
20140520,0.03,41.37,29.31,Maharashtra
20140521,0.0,40.89,27.19,Maharashtra
20140522,0.0,41.22,25.13,Maharashtra
20140523,0.0,41.33,24.22,Maharashtra
20140524,0.0,42.14,23.42,Maharashtra
20140525,0.0,41.86,26.33,Maharashtra
20140526,0.11,40.63,28.86,Maharashtra
20140527,2.36,41.16,29.7,Maharashtra
20140528,2.14,41.67,26.64,Maharashtra
20140529,0.08,40.69,26.27,Maharashtra
20140530,0.0,41.96,25.0,Maharashtra
20140531,0.0,42.3,23.78,Maharashtra
20140601,0.0,42.11,24.37,Maharashtra
20140602,0.24,42.84,26.53,Maharashtra
20140603,0.08,42.56,28.49,Maharashtra
20140604,4.24,42.03,27.14,Maharashtra
20140605,0.01,41.78,27.05,Maharashtra
20140606,0.18,41.8,26.26,Maharashtra
20140607,0.33,41.13,26.32,Maharashtra
20140608,0.0,40.36,25.69,Maharashtra
20140609,14.16,39.28,25.91,Maharashtra
20140610,27.54,36.02,24.69,Maharashtra
20140611,1.78,37.93,25.22,Maharashtra
20140612,0.01,36.92,23.94,Maharashtra
20140613,0.05,36.76,23.47,Maharashtra
20140614,0.07,35.95,23.55,Maharashtra
20140615,0.1,36.09,23.47,Maharashtra
20140616,0.58,36.09,24.3,Maharashtra
20140617,0.29,37.21,24.76,Maharashtra
20140618,0.0,37.56,24.28,Maharashtra
20140619,1.16,34.9,25.13,Maharashtra
20140620,0.06,36.46,24.71,Maharashtra
20140621,0.0,36.81,24.78,Maharashtra
20140622,0.0,38.24,25.09,Maharashtra
20140623,0.0,38.29,24.71,Maharashtra
20140624,0.0,38.85,24.59,Maharashtra
20140625,0.0,38.52,24.68,Maharashtra
20140626,0.0,38.4,24.04,Maharashtra
20140627,0.1,38.65,23.82,Maharashtra
20140628,0.01,36.85,24.85,Maharashtra
20140629,0.0,38.41,23.64,Maharashtra
20140630,0.0,38.52,23.67,Maharashtra
20140701,0.0,37.85,24.65,Maharashtra
20140702,0.15,37.1,24.16,Maharashtra
20140703,0.03,35.78,24.03,Maharashtra
20140704,0.37,37.54,23.9,Maharashtra
20140705,0.06,37.0,24.55,Maharashtra
20140706,16.09,36.37,25.34,Maharashtra
20140707,2.88,30.83,24.15,Maharashtra
20140708,28.73,28.19,23.64,Maharashtra
20140709,19.56,30.69,23.06,Maharashtra
20140710,5.12,32.86,22.19,Maharashtra
20140711,1.29,32.52,22.07,Maharashtra
20140712,0.33,29.28,23.26,Maharashtra
20140713,0.02,31.6,23.06,Maharashtra
20140714,0.13,29.7,23.39,Maharashtra
20140715,9.25,31.83,23.28,Maharashtra
20140716,7.49,31.91,23.32,Maharashtra
20140717,1.61,32.27,23.64,Maharashtra
20140718,1.48,30.46,23.57,Maharashtra
20140719,5.28,30.18,23.13,Maharashtra
20140720,0.66,30.13,22.8,Maharashtra
20140721,3.17,30.76,22.78,Maharashtra
20140722,20.02,27.19,22.92,Maharashtra
20140723,22.97,25.6,22.35,Maharashtra
20140724,1.59,31.75,21.81,Maharashtra
20140725,0.67,30.49,21.9,Maharashtra
20140726,2.07,31.62,22.07,Maharashtra
20140727,1.25,31.8,22.33,Maharashtra
20140728,11.29,27.28,22.94,Maharashtra
20140729,9.33,28.71,23.2,Maharashtra
20140730,11.27,27.53,23.16,Maharashtra
20140731,5.12,29.1,22.71,Maharashtra
20140801,0.4,31.61,22.39,Maharashtra
20140802,0.44,31.89,21.78,Maharashtra
20140803,0.84,31.3,22.12,Maharashtra
20140804,10.56,27.96,21.94,Maharashtra
20140805,13.9,29.4,22.22,Maharashtra
20140806,4.87,29.86,21.75,Maharashtra
20140807,1.84,31.29,21.62,Maharashtra
20140808,4.58,30.82,21.57,Maharashtra
20140809,1.89,31.7,21.35,Maharashtra
20140810,0.23,31.02,21.76,Maharashtra
20140811,0.25,30.39,22.05,Maharashtra
20140812,0.78,30.29,21.52,Maharashtra
20140813,2.15,31.62,21.52,Maharashtra
20140814,1.82,31.41,21.68,Maharashtra
20140815,0.48,30.42,21.83,Maharashtra
20140816,0.48,31.5,21.52,Maharashtra
20140817,0.04,31.49,21.35,Maharashtra
20140818,0.0,31.25,22.25,Maharashtra
20140819,15.4,31.48,22.01,Maharashtra
20140820,1.45,30.25,22.92,Maharashtra
20140821,1.59,29.4,23.0,Maharashtra
20140822,31.78,29.92,23.01,Maharashtra
20140823,11.7,29.28,23.38,Maharashtra
20140824,12.24,30.81,22.11,Maharashtra
20140825,6.62,29.74,22.52,Maharashtra
20140826,4.3,28.58,22.68,Maharashtra
20140827,19.5,28.97,21.41,Maharashtra
20140828,5.04,27.67,21.71,Maharashtra
20140829,8.18,28.59,21.82,Maharashtra
20140830,5.26,27.97,22.77,Maharashtra
20140831,11.06,26.87,23.07,Maharashtra
20140901,7.44,26.77,22.16,Maharashtra
20140902,4.42,29.07,20.82,Maharashtra
20140903,1.36,30.59,20.86,Maharashtra
20140904,1.31,30.31,22.12,Maharashtra
20140905,16.15,28.89,21.89,Maharashtra
20140906,0.98,29.8,21.68,Maharashtra
20140907,15.22,27.62,21.51,Maharashtra
20140908,20.7,24.43,19.98,Maharashtra
20140909,2.82,24.67,19.66,Maharashtra
20140910,1.06,28.29,19.19,Maharashtra
20140911,0.26,29.49,20.03,Maharashtra
20140912,0.29,29.98,19.19,Maharashtra
20140913,0.08,29.81,20.44,Maharashtra
20140914,6.61,27.06,21.6,Maharashtra
20140915,1.46,27.65,21.5,Maharashtra
20140916,0.02,28.58,21.81,Maharashtra
20140917,0.14,29.23,21.7,Maharashtra
20140918,0.02,29.49,21.4,Maharashtra
20140919,0.17,29.52,21.1,Maharashtra
20140920,0.77,29.12,21.88,Maharashtra
20140921,0.08,29.8,20.94,Maharashtra
20140922,0.0,30.22,20.68,Maharashtra
20140923,0.0,30.37,20.77,Maharashtra
20140924,0.82,30.35,20.84,Maharashtra
20140925,4.71,30.15,20.09,Maharashtra
20140926,0.5,31.1,19.54,Maharashtra
20140927,0.08,31.01,19.3,Maharashtra
20140928,0.0,31.07,20.45,Maharashtra
20140929,0.0,31.25,19.62,Maharashtra
20140930,1.36,31.45,19.0,Maharashtra
20141001,0.32,30.72,20.44,Maharashtra
20141002,0.02,31.18,21.59,Maharashtra
20141003,0.12,31.85,21.58,Maharashtra
20141004,0.07,31.29,21.56,Maharashtra
20141005,1.58,31.53,20.65,Maharashtra
20141006,2.36,31.45,20.85,Maharashtra
20141007,1.86,31.27,21.26,Maharashtra
20141008,2.27,30.82,20.85,Maharashtra
20141009,1.2,31.41,21.0,Maharashtra
20141010,0.03,32.14,21.41,Maharashtra
20141011,0.0,32.72,20.23,Maharashtra
20141012,0.0,32.84,17.69,Maharashtra
20141013,0.0,31.96,17.23,Maharashtra
20141014,0.0,33.01,16.64,Maharashtra
20141015,0.0,32.87,19.41,Maharashtra
20141016,0.01,32.96,20.84,Maharashtra
20141017,2.15,32.11,21.64,Maharashtra
20141018,0.42,30.87,21.83,Maharashtra
20141019,0.64,32.97,20.09,Maharashtra
20141020,0.04,33.26,19.45,Maharashtra
20141021,0.05,32.78,19.65,Maharashtra
20141022,0.01,33.08,19.26,Maharashtra
20141023,0.0,32.69,16.59,Maharashtra
20141024,0.01,30.64,18.42,Maharashtra
20141025,7.18,25.78,18.64,Maharashtra
20141026,0.59,25.43,17.84,Maharashtra
20141027,0.2,24.99,16.63,Maharashtra
20141028,0.0,30.75,16.12,Maharashtra
20141029,0.0,31.48,15.34,Maharashtra
20141030,0.0,31.89,14.91,Maharashtra
20141031,0.0,31.73,15.88,Maharashtra
20141101,0.0,32.74,15.97,Maharashtra
20141102,0.0,32.48,16.78,Maharashtra
20141103,0.0,32.27,16.18,Maharashtra
20141104,0.0,31.92,17.45,Maharashtra
20141105,0.0,32.05,17.32,Maharashtra
20141106,0.0,32.0,15.33,Maharashtra
20141107,0.0,32.76,15.99,Maharashtra
20141108,0.0,31.92,14.93,Maharashtra
20141109,0.0,31.57,15.28,Maharashtra
20141110,0.31,33.04,17.22,Maharashtra
20141111,0.41,32.3,20.59,Maharashtra
20141112,1.02,33.49,19.17,Maharashtra
20141113,0.13,30.85,20.37,Maharashtra
20141114,10.98,27.9,19.73,Maharashtra
20141115,14.35,28.1,19.18,Maharashtra
20141116,9.12,27.37,18.73,Maharashtra
20141117,0.38,27.75,18.95,Maharashtra
20141118,0.0,30.46,18.01,Maharashtra
20141119,0.13,30.62,16.14,Maharashtra
20141120,0.0,30.16,15.16,Maharashtra
20141121,0.0,30.04,15.18,Maharashtra
20141122,0.0,30.23,15.59,Maharashtra
20141123,0.0,30.51,14.53,Maharashtra
20141124,0.0,29.85,13.66,Maharashtra
20141125,0.0,30.45,13.24,Maharashtra
20141126,0.0,30.69,14.95,Maharashtra
20141127,0.0,31.01,14.38,Maharashtra
20141128,0.0,31.13,13.25,Maharashtra
20141129,0.0,30.62,14.42,Maharashtra
20141130,0.0,30.82,13.97,Maharashtra
20141201,0.0,30.72,14.35,Maharashtra
20141202,0.0,31.16,13.74,Maharashtra
20141203,0.0,31.23,14.46,Maharashtra
20141204,0.0,31.61,13.82,Maharashtra
20141205,0.0,31.36,13.79,Maharashtra
20141206,0.0,31.19,12.68,Maharashtra
20141207,0.0,31.65,14.03,Maharashtra
20141208,0.0,32.1,13.51,Maharashtra
20141209,0.0,32.28,13.69,Maharashtra
20141210,0.0,31.97,14.63,Maharashtra
20141211,0.05,30.3,17.31,Maharashtra
20141212,9.79,28.41,18.33,Maharashtra
20141213,2.12,26.43,17.87,Maharashtra
20141214,0.05,27.23,14.05,Maharashtra
20141215,0.0,26.91,10.12,Maharashtra
20141216,0.0,26.56,9.28,Maharashtra
20141217,0.0,25.85,7.5,Maharashtra
20141218,0.0,26.44,7.51,Maharashtra
20141219,0.0,26.62,8.18,Maharashtra
20141220,0.0,26.12,10.5,Maharashtra
20141221,0.0,28.49,9.29,Maharashtra
20141222,0.0,29.08,8.94,Maharashtra
20141223,0.0,29.79,9.58,Maharashtra
20141224,0.0,30.14,12.18,Maharashtra
20141225,0.0,29.56,11.28,Maharashtra
20141226,0.0,27.62,11.41,Maharashtra
20141227,0.0,26.96,9.5,Maharashtra
20141228,0.0,27.01,9.32,Maharashtra
20141229,0.0,28.06,8.99,Maharashtra
20141230,0.13,29.66,10.64,Maharashtra
20141231,3.16,27.53,17.09,Maharashtra
20150101,13.09,26.19,17.15,Maharashtra
20150102,2.52,26.24,15.74,Maharashtra
20150103,0.16,26.12,14.55,Maharashtra
20150104,0.0,26.4,14.35,Maharashtra
20150105,0.0,26.66,10.88,Maharashtra
20150106,0.0,27.57,9.85,Maharashtra
20150107,0.0,28.0,12.87,Maharashtra
20150108,0.0,27.33,10.79,Maharashtra
20150109,0.0,27.22,8.47,Maharashtra
20150110,0.0,28.02,9.01,Maharashtra
20150111,0.0,28.55,9.04,Maharashtra
20150112,0.0,29.37,11.44,Maharashtra
20150113,0.0,29.51,11.41,Maharashtra
20150114,0.0,29.92,9.43,Maharashtra
20150115,0.0,28.43,9.33,Maharashtra
20150116,0.0,28.75,10.27,Maharashtra
20150117,0.0,28.49,10.37,Maharashtra
20150118,0.0,28.8,10.44,Maharashtra
20150119,0.0,28.91,10.88,Maharashtra
20150120,0.0,29.6,12.3,Maharashtra
20150121,0.02,27.61,13.72,Maharashtra
20150122,0.06,28.18,17.07,Maharashtra
20150123,0.02,27.96,15.18,Maharashtra
20150124,1.21,29.53,15.75,Maharashtra
20150125,0.09,31.08,16.62,Maharashtra
20150126,0.0,28.46,16.29,Maharashtra
20150127,0.0,30.34,17.07,Maharashtra
20150128,0.0,30.72,14.39,Maharashtra
20150129,0.0,29.83,13.6,Maharashtra
20150130,0.0,29.5,13.83,Maharashtra
20150131,0.0,31.41,12.21,Maharashtra
20150201,0.0,31.58,12.47,Maharashtra
20150202,0.0,32.29,14.35,Maharashtra
20150203,0.0,31.77,14.77,Maharashtra
20150204,0.0,32.0,14.76,Maharashtra
20150205,0.0,31.82,14.34,Maharashtra
20150206,0.0,31.75,14.92,Maharashtra
20150207,0.0,32.13,15.03,Maharashtra
20150208,0.0,30.94,14.39,Maharashtra
20150209,0.0,31.02,13.73,Maharashtra
20150210,3.08,30.97,18.22,Maharashtra
20150211,0.23,32.08,16.94,Maharashtra
20150212,0.0,31.81,16.72,Maharashtra
20150213,0.0,32.54,15.06,Maharashtra
20150214,0.0,33.57,15.72,Maharashtra
20150215,0.0,34.35,16.51,Maharashtra
20150216,0.0,35.5,15.67,Maharashtra
20150217,0.0,34.86,16.18,Maharashtra
20150218,0.0,33.74,14.97,Maharashtra
20150219,0.0,33.9,16.37,Maharashtra
20150220,0.0,34.09,15.27,Maharashtra
20150221,0.0,33.92,16.13,Maharashtra
20150222,0.0,35.19,17.22,Maharashtra
20150223,0.0,34.9,16.55,Maharashtra
20150224,0.0,35.5,16.69,Maharashtra
20150225,0.0,34.72,16.53,Maharashtra
20150226,0.0,33.65,16.94,Maharashtra
20150227,0.0,33.02,15.04,Maharashtra
20150228,8.63,33.38,17.85,Maharashtra
20150301,11.75,27.69,16.74,Maharashtra
20150302,2.19,28.12,15.59,Maharashtra
20150303,0.0,26.74,11.99,Maharashtra
20150304,0.0,28.06,10.62,Maharashtra
20150305,0.0,31.69,12.19,Maharashtra
20150306,0.0,32.6,15.2,Maharashtra
20150307,0.0,32.82,15.34,Maharashtra
20150308,0.0,33.82,15.83,Maharashtra
20150309,0.37,33.84,16.18,Maharashtra
20150310,0.25,34.03,19.3,Maharashtra
20150311,7.35,32.68,19.99,Maharashtra
20150312,0.1,33.21,18.13,Maharashtra
20150313,5.1,34.29,17.62,Maharashtra
20150314,2.6,33.34,18.93,Maharashtra
20150315,27.2,30.42,19.8,Maharashtra
20150316,0.0,31.06,16.19,Maharashtra
20150317,0.0,32.28,15.05,Maharashtra
20150318,0.0,32.89,15.9,Maharashtra
20150319,0.0,34.46,16.46,Maharashtra
20150320,0.0,35.13,17.64,Maharashtra
20150321,0.0,35.65,19.39,Maharashtra
20150322,0.0,36.93,20.72,Maharashtra
20150323,0.0,37.02,22.61,Maharashtra
20150324,0.0,38.3,20.28,Maharashtra
20150325,0.0,38.86,20.84,Maharashtra
20150326,0.0,39.08,22.05,Maharashtra
20150327,0.0,38.63,21.03,Maharashtra
20150328,0.0,38.11,23.07,Maharashtra
20150329,0.1,36.28,23.58,Maharashtra
20150330,1.54,33.8,21.06,Maharashtra
20150331,0.0,37.02,19.87,Maharashtra
20150401,0.0,38.03,18.18,Maharashtra
20150402,0.0,38.46,18.02,Maharashtra
20150403,0.0,37.29,18.08,Maharashtra
20150404,0.0,36.9,17.78,Maharashtra
20150405,0.0,37.31,18.49,Maharashtra
20150406,0.0,38.12,18.67,Maharashtra
20150407,0.0,38.33,18.76,Maharashtra
20150408,0.0,38.27,20.57,Maharashtra
20150409,0.01,39.16,24.02,Maharashtra
20150410,0.39,35.61,25.63,Maharashtra
20150411,6.3,35.06,24.21,Maharashtra
20150412,11.31,31.25,21.98,Maharashtra
20150413,7.44,32.0,19.59,Maharashtra
20150414,6.7,29.1,19.55,Maharashtra
20150415,0.01,32.0,19.58,Maharashtra
20150416,0.0,33.27,21.25,Maharashtra
20150417,0.0,36.47,20.71,Maharashtra
20150418,0.0,38.89,20.64,Maharashtra
20150419,0.0,39.5,21.75,Maharashtra
20150420,0.0,40.24,23.46,Maharashtra
20150421,0.0,40.12,25.83,Maharashtra
20150422,0.0,38.93,26.33,Maharashtra
20150423,0.0,39.85,25.07,Maharashtra
20150424,0.0,38.97,22.78,Maharashtra
20150425,0.0,40.2,21.19,Maharashtra
20150426,0.0,40.54,22.16,Maharashtra
20150427,0.0,41.07,24.61,Maharashtra
20150428,0.04,42.14,23.85,Maharashtra
20150429,0.0,42.04,23.8,Maharashtra
20150430,0.0,41.89,22.48,Maharashtra
20150501,0.0,41.37,23.48,Maharashtra
20150502,0.0,41.55,22.59,Maharashtra
20150503,0.0,41.11,23.73,Maharashtra
20150504,0.0,41.26,23.58,Maharashtra
20150505,0.39,40.5,25.06,Maharashtra
20150506,0.4,40.92,25.99,Maharashtra
20150507,0.02,41.74,24.64,Maharashtra
20150508,0.0,42.03,24.89,Maharashtra
20150509,0.6,41.67,26.82,Maharashtra
20150510,7.4,38.54,25.62,Maharashtra
20150511,0.08,40.39,25.77,Maharashtra
20150512,0.11,39.74,26.64,Maharashtra
20150513,2.26,37.11,26.58,Maharashtra
20150514,1.44,35.01,24.75,Maharashtra
20150515,1.91,35.66,25.61,Maharashtra
20150516,0.15,40.48,24.47,Maharashtra
20150517,0.0,41.9,25.9,Maharashtra
20150518,0.0,43.03,24.98,Maharashtra
20150519,0.0,43.67,24.77,Maharashtra
20150520,0.0,43.65,25.01,Maharashtra
20150521,0.0,43.18,24.74,Maharashtra
20150522,0.0,42.12,24.4,Maharashtra
20150523,0.0,41.1,24.63,Maharashtra
20150524,0.0,41.23,24.21,Maharashtra
20150525,0.0,39.87,23.58,Maharashtra
20150526,0.0,41.99,23.19,Maharashtra
20150527,0.0,42.19,23.92,Maharashtra
20150528,0.0,42.39,24.07,Maharashtra
20150529,0.14,41.7,25.05,Maharashtra
20150530,0.25,40.6,26.25,Maharashtra
20150531,0.09,40.55,26.97,Maharashtra
20150601,0.0,41.39,24.83,Maharashtra
20150602,0.0,40.87,24.5,Maharashtra
20150603,0.0,39.21,23.62,Maharashtra
20150604,0.09,40.67,25.3,Maharashtra
20150605,0.62,38.0,28.5,Maharashtra
20150606,0.07,39.6,27.07,Maharashtra
20150607,3.94,39.22,27.11,Maharashtra
20150608,13.31,34.4,25.65,Maharashtra
20150609,6.2,33.96,24.43,Maharashtra
20150610,7.79,35.66,23.77,Maharashtra
20150611,16.93,32.95,24.07,Maharashtra
20150612,25.39,29.79,24.53,Maharashtra
20150613,7.78,29.4,23.21,Maharashtra
20150614,49.64,30.12,23.0,Maharashtra
20150615,11.9,31.51,21.92,Maharashtra
20150616,6.8,31.88,21.41,Maharashtra
20150617,4.29,32.2,21.92,Maharashtra
20150618,44.52,28.66,22.53,Maharashtra
20150619,1.9,29.63,23.01,Maharashtra
20150620,0.35,30.42,22.27,Maharashtra
20150621,6.65,31.19,23.6,Maharashtra
20150622,5.55,30.87,23.4,Maharashtra
20150623,5.55,31.22,22.97,Maharashtra
20150624,1.45,30.62,23.06,Maharashtra
20150625,0.17,31.93,23.45,Maharashtra
20150626,1.34,33.16,22.44,Maharashtra
20150627,0.12,33.49,22.4,Maharashtra
20150628,0.0,32.71,22.25,Maharashtra
20150629,0.0,32.97,22.4,Maharashtra
20150630,0.0,32.12,22.63,Maharashtra
20150701,0.26,33.46,22.53,Maharashtra
20150702,0.05,32.48,22.54,Maharashtra
20150703,0.0,33.04,21.98,Maharashtra
20150704,0.0,34.03,22.61,Maharashtra
20150705,0.0,34.62,22.65,Maharashtra
20150706,0.0,33.41,22.44,Maharashtra
20150707,0.0,32.85,22.84,Maharashtra
20150708,0.03,33.58,22.25,Maharashtra
20150709,0.02,32.27,22.62,Maharashtra
20150710,0.01,33.76,22.77,Maharashtra
20150711,0.0,34.29,22.57,Maharashtra
20150712,0.0,34.55,22.61,Maharashtra
20150713,0.0,34.06,22.77,Maharashtra
20150714,0.23,35.36,23.08,Maharashtra
20150715,0.0,35.68,23.12,Maharashtra
20150716,0.0,34.45,22.88,Maharashtra
20150717,0.0,32.75,23.12,Maharashtra
20150718,0.34,32.44,23.11,Maharashtra
20150719,1.66,30.32,23.13,Maharashtra
20150720,5.56,29.6,23.11,Maharashtra
20150721,0.96,30.94,23.11,Maharashtra
20150722,11.02,30.35,23.25,Maharashtra
20150723,3.45,32.77,23.19,Maharashtra
20150724,5.76,31.23,22.82,Maharashtra
20150725,2.29,28.88,22.22,Maharashtra
20150726,0.52,32.49,22.14,Maharashtra
20150727,1.37,30.25,22.22,Maharashtra
20150728,2.46,31.64,22.09,Maharashtra
20150729,4.11,32.35,21.91,Maharashtra
20150730,0.21,32.86,21.64,Maharashtra
20150731,0.07,33.46,21.93,Maharashtra
20150801,0.02,33.78,21.72,Maharashtra
20150802,0.01,33.68,21.67,Maharashtra
20150803,1.89,30.12,22.06,Maharashtra
20150804,38.61,27.11,21.83,Maharashtra
20150805,47.07,27.9,21.83,Maharashtra
20150806,4.49,29.82,21.56,Maharashtra
20150807,0.84,31.87,21.67,Maharashtra
20150808,1.7,31.87,22.2,Maharashtra
20150809,0.94,30.09,22.39,Maharashtra
20150810,0.35,31.15,22.82,Maharashtra
20150811,6.32,29.37,23.21,Maharashtra
20150812,7.07,27.36,22.0,Maharashtra
20150813,1.65,29.66,21.86,Maharashtra
20150814,0.77,31.93,21.73,Maharashtra
20150815,0.04,31.55,21.88,Maharashtra
20150816,0.95,32.25,22.21,Maharashtra
20150817,0.58,31.51,22.1,Maharashtra
20150818,0.01,30.39,22.72,Maharashtra
20150819,0.19,30.46,22.75,Maharashtra
20150820,0.23,33.4,22.35,Maharashtra
20150821,0.16,32.62,21.06,Maharashtra
20150822,0.01,33.49,21.51,Maharashtra
20150823,0.0,33.11,21.49,Maharashtra
20150824,0.12,33.16,21.57,Maharashtra
20150825,0.9,32.76,21.4,Maharashtra
20150826,3.98,32.89,21.62,Maharashtra
20150827,4.12,31.49,21.75,Maharashtra
20150828,7.15,30.15,22.25,Maharashtra
20150829,4.53,31.26,22.33,Maharashtra
20150830,0.47,30.73,22.66,Maharashtra
20150831,0.1,32.41,22.13,Maharashtra
20150901,0.01,32.67,21.42,Maharashtra
20150902,0.0,32.56,21.18,Maharashtra
20150903,0.77,32.57,21.31,Maharashtra
20150904,11.31,32.98,21.96,Maharashtra
20150905,3.44,32.67,22.35,Maharashtra
20150906,3.13,29.06,23.09,Maharashtra
20150907,7.44,29.75,21.65,Maharashtra
20150908,3.34,28.75,21.37,Maharashtra
20150909,3.22,30.61,21.28,Maharashtra
20150910,1.33,31.72,21.34,Maharashtra
20150911,0.29,33.71,21.42,Maharashtra
20150912,8.87,33.03,22.27,Maharashtra
20150913,0.76,32.06,22.24,Maharashtra
20150914,0.84,32.68,20.85,Maharashtra
20150915,12.2,30.62,22.56,Maharashtra
20150916,2.18,30.47,21.86,Maharashtra
20150917,21.32,30.79,22.35,Maharashtra
20150918,128.75,27.76,22.56,Maharashtra
20150919,23.42,28.92,21.47,Maharashtra
20150920,1.77,29.57,20.69,Maharashtra
20150921,0.56,29.41,20.7,Maharashtra
20150922,0.04,30.28,20.79,Maharashtra
20150923,1.17,29.88,21.15,Maharashtra
20150924,0.13,30.14,20.64,Maharashtra
20150925,0.02,30.43,20.24,Maharashtra
20150926,0.01,29.35,18.22,Maharashtra
20150927,0.0,29.53,17.37,Maharashtra
20150928,0.96,30.42,17.82,Maharashtra
20150929,0.51,31.3,20.37,Maharashtra
20150930,0.0,31.6,19.94,Maharashtra
20151001,0.77,31.25,19.92,Maharashtra
20151002,14.9,31.22,21.69,Maharashtra
20151003,5.16,30.28,21.54,Maharashtra
20151004,1.73,30.25,21.97,Maharashtra
20151005,0.38,31.64,22.19,Maharashtra
20151006,0.0,32.2,20.06,Maharashtra
20151007,0.0,32.47,19.34,Maharashtra
20151008,0.0,33.05,21.56,Maharashtra
20151009,0.0,33.16,21.72,Maharashtra
20151010,0.14,33.06,19.38,Maharashtra
20151011,0.62,33.46,20.93,Maharashtra
20151012,0.6,32.36,21.82,Maharashtra
20151013,0.0,33.67,21.28,Maharashtra
20151014,0.0,34.48,19.85,Maharashtra
20151015,0.0,34.43,19.7,Maharashtra
20151016,0.01,32.94,19.67,Maharashtra
20151017,0.01,33.23,20.09,Maharashtra
20151018,0.0,33.0,20.18,Maharashtra
20151019,0.0,33.93,18.68,Maharashtra
20151020,0.0,33.9,19.56,Maharashtra
20151021,0.0,34.14,21.43,Maharashtra
20151022,0.0,33.83,22.49,Maharashtra
20151023,0.0,33.4,22.28,Maharashtra
20151024,0.0,33.79,21.93,Maharashtra
20151025,1.59,32.55,21.2,Maharashtra
20151026,0.64,32.11,18.95,Maharashtra
20151027,0.0,32.89,20.2,Maharashtra
20151028,0.04,32.83,20.51,Maharashtra
20151029,0.04,31.86,20.29,Maharashtra
20151030,0.0,32.21,19.37,Maharashtra
20151031,0.0,31.73,17.66,Maharashtra
20151101,0.0,31.68,18.44,Maharashtra
20151102,0.0,31.79,17.49,Maharashtra
20151103,0.0,31.63,18.26,Maharashtra
20151104,0.0,32.98,18.93,Maharashtra
20151105,0.0,33.68,18.13,Maharashtra
20151106,0.0,33.46,19.31,Maharashtra
20151107,0.0,33.65,19.71,Maharashtra
20151108,0.0,33.57,18.4,Maharashtra
20151109,0.0,33.31,18.91,Maharashtra
20151110,0.0,32.33,18.29,Maharashtra
20151111,0.0,33.35,17.37,Maharashtra
20151112,0.0,34.05,17.65,Maharashtra
20151113,0.0,33.62,17.36,Maharashtra
20151114,0.0,33.63,17.87,Maharashtra
20151115,0.0,34.05,16.72,Maharashtra
20151116,0.0,33.55,16.94,Maharashtra
20151117,0.0,33.73,16.83,Maharashtra
20151118,0.0,32.62,16.51,Maharashtra
20151119,0.0,32.23,15.47,Maharashtra
20151120,0.0,32.32,15.5,Maharashtra
20151121,0.62,31.46,18.6,Maharashtra
20151122,2.79,29.92,21.3,Maharashtra
20151123,0.97,28.75,19.9,Maharashtra
20151124,0.05,30.12,19.56,Maharashtra
20151125,0.0,32.92,18.78,Maharashtra
20151126,0.0,32.79,17.64,Maharashtra
20151127,0.0,32.23,19.12,Maharashtra
20151128,0.0,32.98,18.56,Maharashtra
20151129,0.0,31.97,18.97,Maharashtra
20151130,0.0,33.2,18.65,Maharashtra
20151201,0.0,33.4,18.41,Maharashtra
20151202,0.0,33.18,19.87,Maharashtra
20151203,0.0,32.44,17.82,Maharashtra
20151204,0.0,32.7,15.91,Maharashtra
20151205,0.0,32.82,14.92,Maharashtra
20151206,0.0,32.34,14.49,Maharashtra
20151207,0.0,32.24,13.33,Maharashtra
20151208,0.0,32.03,13.13,Maharashtra
20151209,0.0,31.55,13.41,Maharashtra
20151210,0.0,33.15,16.86,Maharashtra
20151211,0.0,33.37,18.07,Maharashtra
20151212,0.0,33.31,16.65,Maharashtra
20151213,0.0,33.19,17.51,Maharashtra
20151214,0.0,33.76,18.0,Maharashtra
20151215,0.0,33.06,16.94,Maharashtra
20151216,0.0,33.63,18.43,Maharashtra
20151217,0.0,32.86,18.96,Maharashtra
20151218,0.0,31.35,14.99,Maharashtra
20151219,0.0,30.97,14.22,Maharashtra
20151220,0.0,31.56,15.85,Maharashtra
20151221,0.0,31.74,15.87,Maharashtra
20151222,0.0,30.87,14.1,Maharashtra
20151223,0.0,30.63,11.48,Maharashtra
20151224,0.0,27.07,10.79,Maharashtra
20151225,0.0,27.29,8.33,Maharashtra
20151226,0.0,28.51,9.22,Maharashtra
20151227,0.0,30.89,11.8,Maharashtra
20151228,0.0,33.25,13.81,Maharashtra
20151229,0.0,33.79,16.91,Maharashtra
20151230,0.0,33.95,17.62,Maharashtra
20151231,0.0,33.26,14.88,Maharashtra
20160101,0.0,33.53,15.32,Maharashtra
20160102,0.0,32.46,15.26,Maharashtra
20160103,0.0,31.21,14.18,Maharashtra
20160104,0.0,31.16,12.96,Maharashtra
20160105,0.0,30.46,12.96,Maharashtra
20160106,0.0,31.13,13.5,Maharashtra
20160107,0.0,30.69,13.99,Maharashtra
20160108,0.0,30.44,15.32,Maharashtra
20160109,0.0,30.57,15.15,Maharashtra
20160110,0.0,30.46,15.49,Maharashtra
20160111,0.0,30.5,13.45,Maharashtra
20160112,0.0,30.96,13.74,Maharashtra
20160113,0.0,30.73,13.79,Maharashtra
20160114,0.0,30.89,14.33,Maharashtra
20160115,0.0,30.25,14.14,Maharashtra
20160116,0.0,27.86,18.18,Maharashtra
20160117,0.0,28.96,17.19,Maharashtra
20160118,0.0,28.78,16.21,Maharashtra
20160119,0.0,27.48,13.24,Maharashtra
20160120,0.0,26.98,11.18,Maharashtra
20160121,0.0,26.6,10.22,Maharashtra
20160122,0.0,28.35,8.46,Maharashtra
20160123,0.0,29.16,8.96,Maharashtra
20160124,0.0,30.47,10.96,Maharashtra
20160125,0.0,31.4,14.03,Maharashtra
20160126,0.0,32.82,15.53,Maharashtra
20160127,0.0,32.72,11.74,Maharashtra
20160128,0.0,32.8,13.35,Maharashtra
20160129,0.0,33.72,14.71,Maharashtra
20160130,0.0,34.85,15.52,Maharashtra
20160131,0.0,34.62,15.25,Maharashtra
20160201,0.0,34.08,15.87,Maharashtra
20160202,0.0,34.05,14.97,Maharashtra
20160203,0.0,33.09,14.93,Maharashtra
20160204,0.0,32.7,12.82,Maharashtra
20160205,0.0,33.62,14.43,Maharashtra
20160206,0.0,33.97,15.21,Maharashtra
20160207,0.0,32.31,14.55,Maharashtra
20160208,0.0,32.55,13.74,Maharashtra
20160209,0.0,33.19,14.72,Maharashtra
20160210,0.0,33.66,16.63,Maharashtra
20160211,0.0,33.08,17.01,Maharashtra
20160212,0.0,33.29,14.35,Maharashtra
20160213,0.0,31.91,13.33,Maharashtra
20160214,0.0,32.86,14.88,Maharashtra
20160215,0.0,33.34,16.3,Maharashtra
20160216,0.0,34.65,19.47,Maharashtra
20160217,0.0,34.18,18.76,Maharashtra
20160218,0.0,35.19,16.44,Maharashtra
20160219,0.0,34.97,17.78,Maharashtra
20160220,0.0,34.68,19.76,Maharashtra
20160221,0.0,35.14,21.07,Maharashtra
20160222,0.0,37.39,19.94,Maharashtra
20160223,0.0,36.93,20.39,Maharashtra
20160224,0.0,37.64,20.84,Maharashtra
20160225,0.0,36.98,17.9,Maharashtra
20160226,0.0,37.26,20.13,Maharashtra
20160227,0.0,36.72,19.12,Maharashtra
20160228,0.0,36.83,21.32,Maharashtra
20160229,2.8,36.83,25.53,Maharashtra
20160301,5.02,34.0,23.85,Maharashtra
20160302,0.13,34.63,21.34,Maharashtra
20160303,6.1,35.3,22.1,Maharashtra
20160304,7.56,33.13,22.25,Maharashtra
20160305,0.0,34.44,21.4,Maharashtra
20160306,0.0,34.12,20.2,Maharashtra
20160307,0.0,34.45,18.01,Maharashtra
20160308,0.0,35.52,17.99,Maharashtra
20160309,0.0,35.2,19.25,Maharashtra
20160310,0.0,37.49,19.62,Maharashtra
20160311,0.0,38.45,21.1,Maharashtra
20160312,0.0,37.87,20.84,Maharashtra
20160313,0.01,35.26,20.93,Maharashtra
20160314,0.0,34.04,16.31,Maharashtra
20160315,0.0,35.47,17.87,Maharashtra
20160316,0.0,36.28,17.84,Maharashtra
20160317,0.0,37.38,20.3,Maharashtra
20160318,0.0,38.23,20.51,Maharashtra
20160319,0.0,38.03,21.8,Maharashtra
20160320,0.0,37.82,21.39,Maharashtra
20160321,0.0,37.75,20.82,Maharashtra
20160322,0.0,38.6,18.27,Maharashtra
20160323,0.0,39.31,19.22,Maharashtra
20160324,0.0,40.45,20.12,Maharashtra
20160325,0.0,40.52,20.8,Maharashtra
20160326,0.0,40.78,24.55,Maharashtra
20160327,0.2,39.46,24.19,Maharashtra
20160328,0.7,39.51,22.7,Maharashtra
20160329,0.0,39.31,20.99,Maharashtra
20160330,0.0,39.95,21.72,Maharashtra
20160331,0.0,39.15,21.26,Maharashtra
20160401,0.0,40.12,20.82,Maharashtra
20160402,0.0,41.49,22.61,Maharashtra
20160403,0.0,41.36,23.56,Maharashtra
20160404,0.0,39.04,25.92,Maharashtra
20160405,0.17,36.77,25.26,Maharashtra
20160406,0.18,38.64,24.76,Maharashtra
20160407,0.13,38.38,25.18,Maharashtra
20160408,0.0,39.55,22.86,Maharashtra
20160409,0.0,39.71,23.55,Maharashtra
20160410,0.0,40.28,23.45,Maharashtra
20160411,0.0,39.34,24.44,Maharashtra
20160412,0.0,40.57,23.83,Maharashtra
20160413,0.0,40.46,23.34,Maharashtra
20160414,0.0,41.61,21.86,Maharashtra
20160415,0.0,42.63,22.33,Maharashtra
20160416,0.0,42.69,23.85,Maharashtra
20160417,0.0,41.71,22.7,Maharashtra
20160418,0.0,41.35,23.16,Maharashtra
20160419,0.0,40.29,26.0,Maharashtra
20160420,0.0,41.26,29.22,Maharashtra
20160421,0.0,42.19,27.06,Maharashtra
20160422,0.0,42.38,24.29,Maharashtra
20160423,0.0,40.32,20.94,Maharashtra
20160424,0.0,39.97,21.31,Maharashtra
20160425,0.0,40.55,22.86,Maharashtra
20160426,0.0,41.4,23.65,Maharashtra
20160427,0.0,41.12,24.69,Maharashtra
20160428,0.0,41.84,25.5,Maharashtra
20160429,0.0,42.08,26.5,Maharashtra
20160430,0.0,42.14,26.02,Maharashtra
20160501,0.0,41.84,25.04,Maharashtra
20160502,0.0,41.94,25.19,Maharashtra
20160503,0.0,41.55,24.72,Maharashtra
20160504,0.0,39.94,25.1,Maharashtra
20160505,0.04,39.25,24.31,Maharashtra
20160506,0.47,39.03,25.04,Maharashtra
20160507,0.11,38.84,24.18,Maharashtra
20160508,0.87,39.39,26.19,Maharashtra
20160509,6.15,38.63,26.19,Maharashtra
20160510,2.93,38.96,25.5,Maharashtra
20160511,2.61,40.59,24.72,Maharashtra
20160512,0.07,40.59,25.66,Maharashtra
20160513,0.86,41.4,24.99,Maharashtra
20160514,0.0,42.11,26.19,Maharashtra
20160515,0.0,42.36,26.09,Maharashtra
20160516,0.0,42.65,25.9,Maharashtra
20160517,0.0,42.92,26.71,Maharashtra
20160518,0.0,44.06,28.63,Maharashtra
20160519,0.0,44.36,27.29,Maharashtra
20160520,0.0,42.83,26.98,Maharashtra
20160521,0.0,40.46,24.82,Maharashtra
20160522,0.0,42.49,24.63,Maharashtra
20160523,0.0,40.86,24.77,Maharashtra
20160524,0.0,41.48,24.03,Maharashtra
20160525,0.0,40.84,23.65,Maharashtra
20160526,0.0,41.2,24.22,Maharashtra
20160527,0.0,40.97,25.0,Maharashtra
20160528,0.0,40.07,24.58,Maharashtra
20160529,0.0,39.89,24.44,Maharashtra
20160530,0.0,40.07,23.91,Maharashtra
20160531,0.0,39.73,24.44,Maharashtra
20160601,0.01,40.3,25.49,Maharashtra
20160602,0.01,40.6,25.38,Maharashtra
20160603,0.84,39.57,26.07,Maharashtra
20160604,3.74,42.03,26.88,Maharashtra
20160605,4.02,41.3,27.18,Maharashtra
20160606,3.32,38.36,25.45,Maharashtra
20160607,0.52,39.63,25.42,Maharashtra
20160608,0.05,40.04,25.9,Maharashtra
20160609,0.18,39.17,26.05,Maharashtra
20160610,0.02,38.34,25.98,Maharashtra
20160611,0.28,36.3,25.93,Maharashtra
20160612,0.09,37.15,25.21,Maharashtra
20160613,0.29,38.56,25.66,Maharashtra
20160614,0.32,39.64,24.67,Maharashtra
20160615,0.54,38.54,24.85,Maharashtra
20160616,0.0,39.32,24.78,Maharashtra
20160617,4.14,36.55,24.71,Maharashtra
20160618,16.95,33.96,23.53,Maharashtra
20160619,10.37,33.08,24.34,Maharashtra
20160620,4.63,33.87,23.63,Maharashtra
20160621,4.23,34.6,24.2,Maharashtra
20160622,10.1,31.78,24.18,Maharashtra
20160623,8.18,33.34,23.66,Maharashtra
20160624,11.94,29.61,23.41,Maharashtra
20160625,14.69,29.72,23.0,Maharashtra
20160626,0.63,31.33,22.48,Maharashtra
20160627,0.71,32.8,23.14,Maharashtra
20160628,0.7,31.32,23.5,Maharashtra
20160629,16.37,31.54,23.79,Maharashtra
20160630,0.65,31.56,23.13,Maharashtra
20160701,0.91,30.83,23.36,Maharashtra
20160702,6.6,30.04,23.96,Maharashtra
20160703,12.78,30.14,23.52,Maharashtra
20160704,7.93,28.77,22.97,Maharashtra
20160705,22.12,28.79,22.86,Maharashtra
20160706,2.17,29.56,22.57,Maharashtra
20160707,0.85,32.23,22.64,Maharashtra
20160708,0.95,28.83,22.59,Maharashtra
20160709,16.53,27.73,22.92,Maharashtra
20160710,56.02,26.27,22.59,Maharashtra
20160711,39.49,27.19,22.52,Maharashtra
20160712,12.77,27.39,22.5,Maharashtra
20160713,1.62,30.86,21.63,Maharashtra
20160714,3.26,32.13,21.57,Maharashtra
20160715,0.44,31.85,21.7,Maharashtra
20160716,0.06,31.48,21.7,Maharashtra
20160717,0.02,31.2,22.11,Maharashtra
20160718,3.32,31.02,21.96,Maharashtra
20160719,3.49,29.72,21.89,Maharashtra
20160720,2.0,30.57,21.84,Maharashtra
20160721,0.45,28.54,22.16,Maharashtra
20160722,8.38,27.74,22.13,Maharashtra
20160723,5.77,29.96,21.78,Maharashtra
20160724,7.4,30.17,22.39,Maharashtra
20160725,14.54,27.05,22.72,Maharashtra
20160726,9.88,27.23,22.47,Maharashtra
20160727,21.94,28.02,22.4,Maharashtra
20160728,5.96,29.47,21.58,Maharashtra
20160729,7.04,29.69,21.7,Maharashtra
20160730,2.64,29.05,21.81,Maharashtra
20160731,7.49,28.76,22.04,Maharashtra
20160801,9.36,29.11,22.36,Maharashtra
20160802,26.77,26.74,22.34,Maharashtra
20160803,12.55,26.19,21.97,Maharashtra
20160804,3.83,29.55,21.5,Maharashtra
20160805,9.11,29.4,21.93,Maharashtra
20160806,7.32,28.81,22.2,Maharashtra
20160807,2.81,28.21,21.8,Maharashtra
20160808,0.74,30.04,21.23,Maharashtra
20160809,0.14,30.31,21.54,Maharashtra
20160810,1.33,29.25,21.61,Maharashtra
20160811,0.47,29.47,21.51,Maharashtra
20160812,0.05,30.39,21.13,Maharashtra
20160813,0.42,29.81,21.6,Maharashtra
20160814,0.03,30.39,21.18,Maharashtra
20160815,0.03,29.86,20.81,Maharashtra
20160816,0.0,30.87,20.93,Maharashtra
20160817,0.0,30.55,20.41,Maharashtra
20160818,0.13,30.28,20.93,Maharashtra
20160819,0.2,29.96,20.51,Maharashtra
20160820,0.74,27.92,21.01,Maharashtra
20160821,0.78,28.75,21.21,Maharashtra
20160822,1.03,30.27,21.06,Maharashtra
20160823,3.04,28.77,21.38,Maharashtra
20160824,2.68,30.8,21.51,Maharashtra
20160825,0.18,30.42,20.55,Maharashtra
20160826,0.11,29.71,20.32,Maharashtra
20160827,4.94,29.1,22.25,Maharashtra
20160828,5.41,30.14,22.15,Maharashtra
20160829,1.27,30.43,22.78,Maharashtra
20160830,2.29,29.25,22.48,Maharashtra
20160831,11.04,29.91,21.88,Maharashtra
20160901,4.93,29.31,21.92,Maharashtra
20160902,4.58,29.72,21.14,Maharashtra
20160903,0.41,29.69,20.68,Maharashtra
20160904,0.09,29.77,19.84,Maharashtra
20160905,0.31,29.81,19.82,Maharashtra
20160906,0.0,29.27,18.92,Maharashtra
20160907,0.4,29.29,19.29,Maharashtra
20160908,2.83,29.63,19.73,Maharashtra
20160909,0.14,29.77,20.09,Maharashtra
20160910,0.04,29.46,20.88,Maharashtra
20160911,0.0,29.86,20.95,Maharashtra
20160912,0.02,29.88,20.4,Maharashtra
20160913,2.25,28.8,21.32,Maharashtra
20160914,5.81,29.52,21.51,Maharashtra
20160915,15.29,28.16,22.12,Maharashtra
20160916,34.52,28.73,22.7,Maharashtra
20160917,23.49,28.62,23.32,Maharashtra
20160918,2.8,28.66,22.39,Maharashtra
20160919,0.24,28.32,21.49,Maharashtra
20160920,4.05,28.69,21.15,Maharashtra
20160921,4.56,28.52,22.21,Maharashtra
20160922,20.39,28.97,21.9,Maharashtra
20160923,21.59,27.1,22.54,Maharashtra
20160924,38.78,27.47,22.55,Maharashtra
20160925,3.39,28.76,22.23,Maharashtra
20160926,1.66,28.89,22.03,Maharashtra
20160927,0.56,29.63,21.43,Maharashtra
20160928,2.53,29.91,20.67,Maharashtra
20160929,3.3,29.27,20.84,Maharashtra
20160930,2.85,27.88,20.17,Maharashtra
20161001,14.06,26.32,21.38,Maharashtra
20161002,17.29,27.19,21.69,Maharashtra
20161003,8.65,29.35,21.83,Maharashtra
20161004,4.76,26.75,21.81,Maharashtra
20161005,2.38,28.83,20.78,Maharashtra
20161006,0.06,28.81,20.38,Maharashtra
20161007,0.0,29.09,20.91,Maharashtra
20161008,5.64,26.73,20.48,Maharashtra
20161009,0.65,28.69,21.66,Maharashtra
20161010,0.44,29.26,19.97,Maharashtra
20161011,0.19,29.55,18.45,Maharashtra
20161012,0.02,29.36,17.25,Maharashtra
20161013,0.0,28.73,16.66,Maharashtra
20161014,0.0,28.35,17.39,Maharashtra
20161015,0.0,28.24,17.11,Maharashtra
20161016,0.0,28.86,17.38,Maharashtra
20161017,0.0,28.52,18.97,Maharashtra
20161018,0.0,28.5,18.42,Maharashtra
20161019,0.0,28.88,18.2,Maharashtra
20161020,0.0,29.05,15.51,Maharashtra
20161021,0.0,28.63,15.01,Maharashtra
20161022,0.0,28.53,16.54,Maharashtra
20161023,0.0,28.42,16.1,Maharashtra
20161024,0.0,27.68,16.33,Maharashtra
20161025,0.0,27.27,14.73,Maharashtra
20161026,0.0,27.17,15.13,Maharashtra
20161027,0.0,28.47,16.01,Maharashtra
20161028,0.0,27.88,14.31,Maharashtra
20161029,0.0,27.45,15.25,Maharashtra
20161030,0.0,27.89,15.76,Maharashtra
20161031,0.0,27.8,15.29,Maharashtra
20161101,0.0,27.49,13.95,Maharashtra
20161102,0.0,27.1,13.1,Maharashtra
20161103,0.0,26.61,13.26,Maharashtra
20161104,0.0,26.99,14.05,Maharashtra
20161105,0.0,27.68,14.16,Maharashtra
20161106,0.0,27.54,14.01,Maharashtra
20161107,0.0,28.62,15.03,Maharashtra
20161108,0.0,28.78,14.78,Maharashtra
20161109,0.0,28.44,13.19,Maharashtra
20161110,0.0,28.06,13.13,Maharashtra
20161111,0.0,28.27,13.84,Maharashtra
20161112,0.0,27.88,11.14,Maharashtra
20161113,0.0,27.73,11.43,Maharashtra
20161114,0.0,28.3,12.84,Maharashtra
20161115,0.0,28.67,13.37,Maharashtra
20161116,0.0,28.78,14.37,Maharashtra
20161117,0.0,28.19,12.73,Maharashtra
20161118,0.0,28.47,12.07,Maharashtra
20161119,0.0,29.69,14.21,Maharashtra
20161120,0.0,29.39,12.13,Maharashtra
20161121,0.0,29.5,11.34,Maharashtra
20161122,0.0,29.69,11.26,Maharashtra
20161123,0.0,30.04,12.23,Maharashtra
20161124,0.0,29.45,12.64,Maharashtra
20161125,0.0,29.66,11.41,Maharashtra
20161126,0.0,31.05,14.77,Maharashtra
20161127,0.0,31.51,14.94,Maharashtra
20161128,0.0,31.98,15.55,Maharashtra
20161129,0.0,32.12,14.25,Maharashtra
20161130,0.0,30.69,12.77,Maharashtra
20161201,0.0,30.51,12.54,Maharashtra
20161202,0.0,30.3,13.41,Maharashtra
20161203,0.0,29.86,12.53,Maharashtra
20161204,0.0,30.04,14.16,Maharashtra
20161205,0.0,29.14,13.07,Maharashtra
20161206,0.0,28.93,11.94,Maharashtra
20161207,0.0,28.8,11.0,Maharashtra
20161208,0.0,29.41,13.09,Maharashtra
20161209,0.0,28.53,11.08,Maharashtra
20161210,0.0,28.98,11.65,Maharashtra
20161211,0.0,30.01,11.15,Maharashtra
20161212,0.0,30.95,12.8,Maharashtra
20161213,0.0,30.83,11.81,Maharashtra
20161214,0.0,28.03,12.36,Maharashtra
20161215,0.0,30.11,14.13,Maharashtra
20161216,0.0,30.18,13.78,Maharashtra
20161217,0.0,30.6,13.92,Maharashtra
20161218,0.0,30.24,13.24,Maharashtra
20161219,0.0,30.29,12.33,Maharashtra
20161220,0.0,30.51,11.93,Maharashtra
20161221,0.0,30.86,12.55,Maharashtra
20161222,0.0,31.88,13.28,Maharashtra
20161223,0.0,32.27,12.16,Maharashtra
20161224,0.0,33.01,14.49,Maharashtra
20161225,0.0,32.52,12.5,Maharashtra
20161226,0.0,30.1,11.17,Maharashtra
20161227,0.0,29.35,9.29,Maharashtra
20161228,0.0,29.58,9.83,Maharashtra
20161229,0.0,30.88,10.59,Maharashtra
20161230,0.0,31.02,12.72,Maharashtra
20161231,0.0,30.42,12.21,Maharashtra
20170101,0.0,30.79,13.3,Maharashtra
20170102,0.0,30.13,13.29,Maharashtra
20170103,0.0,28.82,10.63,Maharashtra
20170104,0.0,29.52,10.52,Maharashtra
20170105,0.0,29.65,11.75,Maharashtra
20170106,0.0,30.38,11.01,Maharashtra
20170107,0.0,29.47,11.02,Maharashtra
20170108,0.0,29.92,11.13,Maharashtra
20170109,0.0,29.76,12.41,Maharashtra
20170110,0.0,28.14,11.2,Maharashtra
20170111,0.0,27.65,9.72,Maharashtra
20170112,0.0,26.73,8.99,Maharashtra
20170113,0.0,27.55,8.75,Maharashtra
20170114,0.0,27.59,10.6,Maharashtra
20170115,0.0,29.04,12.96,Maharashtra
20170116,0.0,28.44,14.42,Maharashtra
20170117,0.0,29.62,15.65,Maharashtra
20170118,0.0,30.31,14.76,Maharashtra
20170119,0.0,29.43,13.83,Maharashtra
20170120,0.0,29.44,12.42,Maharashtra
20170121,0.0,30.8,13.48,Maharashtra
20170122,0.0,32.09,14.46,Maharashtra
20170123,0.0,31.96,14.8,Maharashtra
20170124,0.0,32.69,15.57,Maharashtra
20170125,0.0,31.84,15.19,Maharashtra
20170126,0.0,31.82,15.11,Maharashtra
20170127,0.0,30.98,15.56,Maharashtra
20170128,0.0,31.54,12.75,Maharashtra
20170129,0.0,31.99,12.2,Maharashtra
20170130,0.0,33.65,13.87,Maharashtra
20170131,0.0,33.47,16.36,Maharashtra
20170201,0.0,33.28,16.44,Maharashtra
20170202,0.0,32.98,14.64,Maharashtra
20170203,0.0,32.93,15.21,Maharashtra
20170204,0.0,33.82,16.61,Maharashtra
20170205,0.0,33.23,15.12,Maharashtra
20170206,0.0,31.4,14.9,Maharashtra
20170207,0.0,32.44,13.95,Maharashtra
20170208,0.0,33.92,14.7,Maharashtra
20170209,0.0,33.03,14.95,Maharashtra
20170210,0.0,32.59,15.29,Maharashtra
20170211,0.0,33.41,16.79,Maharashtra
20170212,0.0,33.17,16.06,Maharashtra
20170213,0.0,33.03,16.17,Maharashtra
20170214,0.0,33.36,17.4,Maharashtra
20170215,0.0,33.27,17.55,Maharashtra
20170216,0.0,34.46,17.39,Maharashtra
20170217,0.0,34.95,17.02,Maharashtra
20170218,0.0,35.95,17.36,Maharashtra
20170219,0.0,36.05,19.78,Maharashtra
20170220,0.0,36.55,16.84,Maharashtra
20170221,0.0,36.82,16.72,Maharashtra
20170222,0.0,36.34,15.98,Maharashtra
20170223,0.0,36.47,17.54,Maharashtra
20170224,0.0,36.09,17.33,Maharashtra
20170225,0.0,35.29,15.44,Maharashtra
20170226,0.0,36.41,17.51,Maharashtra
20170227,0.0,36.71,17.49,Maharashtra
20170228,0.0,36.51,16.53,Maharashtra
20170301,0.0,36.73,17.32,Maharashtra
20170302,0.0,36.12,17.93,Maharashtra
20170303,0.0,35.87,18.15,Maharashtra
20170304,0.0,35.64,17.42,Maharashtra
20170305,0.0,35.75,16.84,Maharashtra
20170306,0.0,35.81,16.55,Maharashtra
20170307,0.0,35.48,17.52,Maharashtra
20170308,0.0,34.03,17.26,Maharashtra
20170309,0.0,34.56,17.72,Maharashtra
20170310,0.0,32.76,15.76,Maharashtra
20170311,0.0,32.45,16.27,Maharashtra
20170312,0.0,31.82,13.24,Maharashtra
20170313,0.0,35.19,14.47,Maharashtra
20170314,0.0,35.26,15.14,Maharashtra
20170315,0.0,35.62,17.8,Maharashtra
20170316,2.05,35.9,21.05,Maharashtra
20170317,0.0,35.46,17.5,Maharashtra
20170318,0.0,36.05,18.65,Maharashtra
20170319,0.0,36.27,18.84,Maharashtra
20170320,0.0,35.79,17.97,Maharashtra
20170321,0.0,36.58,18.29,Maharashtra
20170322,0.0,38.39,19.64,Maharashtra
20170323,0.0,38.82,21.34,Maharashtra
20170324,0.0,38.88,19.98,Maharashtra
20170325,0.0,39.97,21.7,Maharashtra
20170326,0.0,40.37,22.26,Maharashtra
20170327,0.0,41.27,21.42,Maharashtra
20170328,0.0,41.45,24.25,Maharashtra
20170329,0.0,41.66,22.12,Maharashtra
20170330,0.0,41.4,22.08,Maharashtra
20170331,0.0,41.5,21.99,Maharashtra
20170401,0.0,40.4,24.05,Maharashtra
20170402,0.0,40.18,23.94,Maharashtra
20170403,0.0,40.17,22.07,Maharashtra
20170404,0.0,40.3,21.51,Maharashtra
20170405,0.0,39.88,21.15,Maharashtra
20170406,0.0,40.26,21.62,Maharashtra
20170407,0.0,39.84,20.2,Maharashtra
20170408,0.0,39.89,19.75,Maharashtra
20170409,0.0,41.08,20.13,Maharashtra
20170410,0.0,40.32,20.69,Maharashtra
20170411,0.0,40.41,20.46,Maharashtra
20170412,0.0,41.06,22.9,Maharashtra
20170413,0.0,41.97,21.57,Maharashtra
20170414,0.0,42.14,21.85,Maharashtra
20170415,0.0,42.41,22.64,Maharashtra
20170416,0.0,42.74,23.45,Maharashtra
20170417,0.0,42.73,24.45,Maharashtra
20170418,0.0,42.46,24.32,Maharashtra
20170419,0.0,42.3,24.46,Maharashtra
20170420,0.0,42.57,23.1,Maharashtra
20170421,0.0,42.05,21.39,Maharashtra
20170422,0.0,40.42,21.3,Maharashtra
20170423,0.0,39.1,21.03,Maharashtra
20170424,0.0,39.13,20.13,Maharashtra
20170425,0.0,39.43,19.66,Maharashtra
20170426,0.0,39.46,21.08,Maharashtra
20170427,0.0,40.1,21.89,Maharashtra
20170428,0.0,40.27,22.47,Maharashtra
20170429,0.0,40.23,21.8,Maharashtra
20170430,0.0,40.1,22.22,Maharashtra
20170501,0.0,39.88,23.59,Maharashtra
20170502,0.0,40.57,23.65,Maharashtra
20170503,0.0,41.23,24.92,Maharashtra
20170504,0.0,41.63,25.29,Maharashtra
20170505,0.0,42.35,26.17,Maharashtra
20170506,0.0,42.78,26.21,Maharashtra
20170507,0.0,42.51,25.3,Maharashtra
20170508,0.0,42.29,26.03,Maharashtra
20170509,0.0,42.06,24.59,Maharashtra
20170510,0.0,41.56,25.21,Maharashtra
20170511,0.0,41.77,24.96,Maharashtra
20170512,0.06,41.36,27.59,Maharashtra
20170513,1.32,41.24,29.14,Maharashtra
20170514,1.2,41.34,28.98,Maharashtra
20170515,0.0,41.17,26.79,Maharashtra
20170516,0.0,41.37,25.85,Maharashtra
20170517,0.0,41.02,25.21,Maharashtra
20170518,0.0,41.54,24.65,Maharashtra
20170519,0.0,40.77,24.9,Maharashtra
20170520,0.0,41.66,23.61,Maharashtra
20170521,0.0,41.54,22.76,Maharashtra
20170522,0.0,40.94,23.61,Maharashtra
20170523,0.0,41.34,25.19,Maharashtra
20170524,0.0,42.72,26.68,Maharashtra
20170525,0.0,42.73,26.49,Maharashtra
20170526,0.0,40.83,27.36,Maharashtra
20170527,0.01,42.12,26.09,Maharashtra
20170528,0.01,42.2,24.32,Maharashtra
20170529,0.0,40.98,23.76,Maharashtra
20170530,0.0,38.88,25.43,Maharashtra
20170531,0.61,40.42,26.07,Maharashtra
20170601,1.16,36.17,27.36,Maharashtra
20170602,0.96,39.59,26.31,Maharashtra
20170603,9.91,39.43,27.52,Maharashtra
20170604,4.23,34.26,24.81,Maharashtra
20170605,6.73,33.04,24.87,Maharashtra
20170606,11.14,36.47,24.02,Maharashtra
20170607,8.9,34.73,23.99,Maharashtra
20170608,4.72,31.9,23.99,Maharashtra
20170609,11.67,32.6,23.03,Maharashtra
20170610,31.61,32.78,23.11,Maharashtra
20170611,5.45,33.31,23.68,Maharashtra
20170612,4.63,32.68,24.64,Maharashtra
20170613,3.33,34.27,24.08,Maharashtra
20170614,11.43,33.85,24.14,Maharashtra
20170615,23.91,29.76,24.6,Maharashtra
20170616,6.67,33.1,23.02,Maharashtra
20170617,1.88,33.31,24.29,Maharashtra
20170618,0.08,34.62,23.8,Maharashtra
20170619,3.82,35.13,23.41,Maharashtra
20170620,2.4,34.33,23.38,Maharashtra
20170621,0.23,34.89,22.96,Maharashtra
20170622,0.3,33.3,23.09,Maharashtra
20170623,2.52,33.82,23.47,Maharashtra
20170624,1.78,34.03,23.3,Maharashtra
20170625,2.62,29.16,24.3,Maharashtra
20170626,5.2,30.53,23.8,Maharashtra
20170627,6.61,32.12,23.14,Maharashtra
20170628,0.67,31.68,22.83,Maharashtra
20170629,0.62,32.61,23.29,Maharashtra
20170630,0.12,32.5,23.48,Maharashtra
20170701,5.7,30.66,23.1,Maharashtra
20170702,11.56,30.65,23.35,Maharashtra
20170703,4.67,32.0,22.97,Maharashtra
20170704,0.92,31.24,22.8,Maharashtra
20170705,0.06,31.1,23.02,Maharashtra
20170706,0.07,33.49,22.47,Maharashtra
20170707,0.1,33.46,22.44,Maharashtra
20170708,0.02,33.88,22.24,Maharashtra
20170709,0.01,34.03,22.47,Maharashtra
20170710,6.51,31.64,23.16,Maharashtra
20170711,1.89,30.53,22.85,Maharashtra
20170712,4.42,32.27,22.74,Maharashtra
20170713,10.05,32.1,22.94,Maharashtra
20170714,3.31,30.77,23.23,Maharashtra
20170715,3.97,31.25,22.86,Maharashtra
20170716,18.7,30.96,22.18,Maharashtra
20170717,3.64,31.73,22.02,Maharashtra
20170718,3.56,28.01,23.19,Maharashtra
20170719,4.17,29.66,22.57,Maharashtra
20170720,21.41,29.4,23.16,Maharashtra
20170721,2.16,31.2,22.91,Maharashtra
20170722,3.47,31.21,22.98,Maharashtra
20170723,3.77,29.79,22.35,Maharashtra
20170724,3.28,31.35,22.5,Maharashtra
20170725,0.22,30.99,22.04,Maharashtra
20170726,3.17,31.75,21.98,Maharashtra
20170727,6.15,29.74,22.02,Maharashtra
20170728,1.12,31.47,22.18,Maharashtra
20170729,4.5,32.23,22.12,Maharashtra
20170730,0.44,31.84,21.89,Maharashtra
20170731,0.07,32.48,22.08,Maharashtra
20170801,1.14,32.98,21.98,Maharashtra
20170802,1.82,33.19,22.17,Maharashtra
20170803,3.19,31.32,21.81,Maharashtra
20170804,0.08,30.84,21.96,Maharashtra
20170805,0.0,32.39,22.24,Maharashtra
20170806,0.07,30.82,22.49,Maharashtra
20170807,0.35,31.79,22.28,Maharashtra
20170808,0.17,28.27,22.69,Maharashtra
20170809,0.01,32.66,22.35,Maharashtra
20170810,0.0,33.2,21.92,Maharashtra
20170811,0.05,33.39,22.21,Maharashtra
20170812,0.13,30.2,22.26,Maharashtra
20170813,1.5,32.24,21.55,Maharashtra
20170814,3.12,32.72,21.81,Maharashtra
20170815,0.66,32.79,21.49,Maharashtra
20170816,0.89,32.47,21.93,Maharashtra
20170817,0.56,33.12,21.93,Maharashtra
20170818,5.52,30.13,21.91,Maharashtra
20170819,19.41,31.44,21.98,Maharashtra
20170820,53.07,29.13,22.07,Maharashtra
20170821,20.5,29.55,20.4,Maharashtra
20170822,1.26,29.49,19.77,Maharashtra
20170823,1.66,30.59,21.12,Maharashtra
20170824,3.19,31.53,21.7,Maharashtra
20170825,14.56,27.17,22.02,Maharashtra
20170826,8.86,28.81,22.28,Maharashtra
20170827,16.79,28.77,22.48,Maharashtra
20170828,37.3,27.26,22.1,Maharashtra
20170829,4.18,26.04,22.3,Maharashtra
20170830,2.9,30.53,21.23,Maharashtra
20170831,0.01,31.13,20.74,Maharashtra
20170901,0.15,30.73,20.48,Maharashtra
20170902,0.22,30.37,20.18,Maharashtra
20170903,0.09,30.2,21.29,Maharashtra
20170904,0.16,31.11,21.68,Maharashtra
20170905,0.02,30.87,21.97,Maharashtra
20170906,0.0,30.32,22.56,Maharashtra
20170907,8.34,29.67,22.24,Maharashtra
20170908,19.34,29.24,22.15,Maharashtra
20170909,3.81,31.1,22.34,Maharashtra
20170910,5.11,30.95,22.2,Maharashtra
20170911,8.83,31.17,22.86,Maharashtra
20170912,38.46,29.72,23.04,Maharashtra
20170913,23.26,30.05,22.06,Maharashtra
20170914,16.87,29.57,22.0,Maharashtra
20170915,58.65,27.82,22.39,Maharashtra
20170916,8.27,29.17,21.51,Maharashtra
20170917,8.15,29.52,21.39,Maharashtra
20170918,6.47,28.69,22.11,Maharashtra
20170919,2.26,29.1,21.89,Maharashtra
20170920,22.96,28.07,21.87,Maharashtra
20170921,21.68,28.43,21.74,Maharashtra
20170922,0.56,28.8,20.84,Maharashtra
20170923,0.25,30.06,20.43,Maharashtra
20170924,0.0,29.73,19.95,Maharashtra
20170925,0.32,29.77,20.53,Maharashtra
20170926,0.53,29.87,21.23,Maharashtra
20170927,0.31,29.2,20.46,Maharashtra
20170928,2.05,29.52,20.7,Maharashtra
20170929,2.11,29.14,21.6,Maharashtra
20170930,0.13,30.8,20.92,Maharashtra
20171001,0.0,30.89,19.96,Maharashtra
20171002,0.19,30.6,19.89,Maharashtra
20171003,0.33,30.65,20.71,Maharashtra
20171004,0.0,31.05,19.84,Maharashtra
20171005,0.0,30.79,19.02,Maharashtra
20171006,0.28,28.03,21.7,Maharashtra
20171007,4.97,29.28,21.7,Maharashtra
20171008,16.42,28.4,22.39,Maharashtra
20171009,15.39,26.91,22.57,Maharashtra
20171010,14.41,28.82,22.22,Maharashtra
20171011,12.08,28.67,21.39,Maharashtra
20171012,2.19,30.02,21.49,Maharashtra
20171013,2.48,29.02,22.1,Maharashtra
20171014,3.98,28.13,22.08,Maharashtra
20171015,0.19,30.64,22.67,Maharashtra
20171016,0.0,30.66,20.72,Maharashtra
20171017,0.0,30.89,18.68,Maharashtra
20171018,0.0,29.96,16.54,Maharashtra
20171019,0.0,29.08,17.0,Maharashtra
20171020,0.22,29.14,17.31,Maharashtra
20171021,0.29,29.71,19.34,Maharashtra
20171022,0.17,29.88,20.46,Maharashtra
20171023,0.04,29.43,17.17,Maharashtra
20171024,0.0,28.65,15.8,Maharashtra
20171025,0.0,28.99,17.66,Maharashtra
20171026,0.0,29.29,15.29,Maharashtra
20171027,0.0,28.7,17.81,Maharashtra
20171028,0.0,28.7,17.6,Maharashtra
20171029,0.0,28.15,15.68,Maharashtra
20171030,0.0,28.28,14.82,Maharashtra
20171031,0.0,28.51,14.71,Maharashtra
20171101,0.0,27.88,14.02,Maharashtra
20171102,0.0,27.35,13.49,Maharashtra
20171103,0.0,27.57,13.96,Maharashtra
20171104,0.0,27.15,13.22,Maharashtra
20171105,0.0,26.98,12.7,Maharashtra
20171106,0.0,27.82,13.36,Maharashtra
20171107,0.0,27.79,12.72,Maharashtra
20171108,0.0,27.8,13.22,Maharashtra
20171109,0.0,27.68,13.86,Maharashtra
20171110,0.0,27.81,14.17,Maharashtra
20171111,0.0,27.06,12.63,Maharashtra
20171112,0.0,27.43,12.74,Maharashtra
20171113,0.0,27.14,11.54,Maharashtra
20171114,0.0,28.25,12.43,Maharashtra
20171115,0.0,27.86,15.9,Maharashtra
20171116,0.0,27.49,14.81,Maharashtra
20171117,0.0,28.31,14.94,Maharashtra
20171118,0.0,29.15,16.13,Maharashtra
20171119,0.0,29.19,16.54,Maharashtra
20171120,0.42,29.27,18.01,Maharashtra
20171121,1.01,29.01,16.8,Maharashtra
20171122,0.12,29.79,17.9,Maharashtra
20171123,0.0,30.11,16.33,Maharashtra
20171124,0.0,29.7,14.33,Maharashtra
20171125,0.0,29.16,13.46,Maharashtra
20171126,0.0,29.02,12.3,Maharashtra
20171127,0.0,29.22,11.93,Maharashtra
20171128,0.0,29.32,11.45,Maharashtra
20171129,0.0,28.86,10.67,Maharashtra
20171130,0.0,28.52,11.13,Maharashtra
20171201,0.0,29.04,11.45,Maharashtra
20171202,0.0,28.41,12.57,Maharashtra
20171203,0.0,28.06,12.78,Maharashtra
20171204,0.01,28.25,12.28,Maharashtra
20171205,0.24,28.49,15.88,Maharashtra
20171206,0.04,29.18,17.2,Maharashtra
20171207,0.0,29.53,16.88,Maharashtra
20171208,0.0,30.14,15.02,Maharashtra
20171209,0.0,29.69,14.87,Maharashtra
20171210,0.0,29.31,14.54,Maharashtra
20171211,0.0,30.05,13.22,Maharashtra
20171212,0.0,29.02,14.37,Maharashtra
20171213,0.0,29.32,13.69,Maharashtra
20171214,0.0,28.98,14.25,Maharashtra
20171215,0.0,29.23,15.23,Maharashtra
20171216,0.0,29.53,14.6,Maharashtra
20171217,0.0,29.04,13.81,Maharashtra
20171218,0.0,27.83,14.45,Maharashtra
20171219,0.0,28.94,10.7,Maharashtra
20171220,0.0,30.04,11.61,Maharashtra
20171221,0.0,30.54,10.72,Maharashtra
20171222,0.0,28.59,13.5,Maharashtra
20171223,0.0,29.57,13.36,Maharashtra
20171224,0.0,29.85,11.87,Maharashtra
20171225,0.0,30.02,13.99,Maharashtra
20171226,0.0,28.34,10.12,Maharashtra
20171227,0.0,29.0,10.18,Maharashtra
20171228,0.0,29.92,9.64,Maharashtra
20171229,0.0,29.88,10.53,Maharashtra
20171230,0.0,29.2,10.76,Maharashtra
20171231,0.0,28.84,11.3,Maharashtra
20180101,0.0,28.91,11.93,Maharashtra
20180102,0.0,28.54,12.06,Maharashtra
20180103,0.0,28.95,11.35,Maharashtra
20180104,0.0,28.82,11.36,Maharashtra
20180105,0.0,29.17,14.1,Maharashtra
20180106,0.0,28.47,12.98,Maharashtra
20180107,0.0,27.91,11.85,Maharashtra
20180108,0.0,28.6,10.94,Maharashtra
20180109,0.0,27.76,11.62,Maharashtra
20180110,0.0,29.41,11.86,Maharashtra
20180111,0.0,30.9,13.12,Maharashtra
20180112,0.0,31.76,15.19,Maharashtra
20180113,0.0,31.96,15.77,Maharashtra
20180114,0.0,32.27,16.41,Maharashtra
20180115,0.0,32.28,18.52,Maharashtra
20180116,0.0,32.0,16.64,Maharashtra
20180117,0.0,31.96,15.75,Maharashtra
20180118,0.0,31.32,15.26,Maharashtra
20180119,0.0,31.11,14.24,Maharashtra
20180120,0.0,31.25,12.76,Maharashtra
20180121,0.0,31.52,13.74,Maharashtra
20180122,0.0,30.97,12.62,Maharashtra
20180123,0.02,30.9,12.91,Maharashtra
20180124,0.0,29.04,12.34,Maharashtra
20180125,0.0,29.56,10.64,Maharashtra
20180126,0.0,29.75,10.97,Maharashtra
20180127,0.0,30.35,11.03,Maharashtra
20180128,0.0,30.91,11.22,Maharashtra
20180129,0.0,31.31,11.8,Maharashtra
20180130,0.0,32.1,13.84,Maharashtra
20180131,0.0,32.88,16.52,Maharashtra
20180201,0.0,33.07,17.08,Maharashtra
20180202,0.0,33.63,14.27,Maharashtra
20180203,0.0,33.19,16.06,Maharashtra
20180204,0.0,33.64,16.75,Maharashtra
20180205,0.0,33.28,15.28,Maharashtra
20180206,0.0,30.02,16.43,Maharashtra
20180207,0.0,31.28,18.27,Maharashtra
20180208,0.0,31.86,15.12,Maharashtra
20180209,0.0,30.63,14.57,Maharashtra
20180210,0.0,32.39,15.11,Maharashtra
20180211,1.43,32.51,15.91,Maharashtra
20180212,0.16,31.47,16.1,Maharashtra
20180213,0.19,31.77,14.69,Maharashtra
20180214,0.0,30.79,16.92,Maharashtra
20180215,0.0,31.24,15.71,Maharashtra
20180216,0.0,33.21,15.51,Maharashtra
20180217,0.0,34.3,16.72,Maharashtra
20180218,0.0,34.5,17.1,Maharashtra
20180219,0.0,35.01,17.99,Maharashtra
20180220,0.0,34.78,17.26,Maharashtra
20180221,0.0,34.3,17.05,Maharashtra
20180222,0.0,34.7,18.96,Maharashtra
20180223,0.0,35.06,20.13,Maharashtra
20180224,0.0,35.16,20.82,Maharashtra
20180225,0.0,35.28,18.97,Maharashtra
20180226,0.0,36.15,21.34,Maharashtra
20180227,0.0,36.47,20.21,Maharashtra
20180228,0.0,36.49,19.44,Maharashtra
20180301,0.0,36.35,19.13,Maharashtra
20180302,0.0,36.65,19.96,Maharashtra
20180303,0.0,36.38,19.9,Maharashtra
20180304,0.0,36.25,19.89,Maharashtra
20180305,0.0,36.0,19.45,Maharashtra
20180306,0.0,36.43,19.35,Maharashtra
20180307,0.0,36.78,21.83,Maharashtra
20180308,0.0,36.92,21.87,Maharashtra
20180309,0.0,37.03,21.21,Maharashtra
20180310,0.0,36.52,21.06,Maharashtra
20180311,0.19,35.82,22.89,Maharashtra
20180312,0.09,36.57,22.42,Maharashtra
20180313,0.0,36.96,22.26,Maharashtra
20180314,0.0,37.68,21.92,Maharashtra
20180315,0.05,32.83,21.64,Maharashtra
20180316,0.29,34.8,22.75,Maharashtra
20180317,0.02,35.16,19.9,Maharashtra
20180318,0.03,36.71,20.38,Maharashtra
20180319,0.76,36.29,24.26,Maharashtra
20180320,0.16,37.76,24.38,Maharashtra
20180321,0.0,36.88,20.72,Maharashtra
20180322,0.0,35.61,18.31,Maharashtra
20180323,0.0,33.81,17.44,Maharashtra
20180324,0.0,37.24,18.78,Maharashtra
20180325,0.0,38.11,21.01,Maharashtra
20180326,0.0,39.39,21.19,Maharashtra
20180327,0.0,39.42,23.3,Maharashtra
20180328,0.0,39.27,21.25,Maharashtra
20180329,0.0,39.79,20.79,Maharashtra
20180330,0.0,40.24,19.58,Maharashtra
20180331,0.0,39.81,19.99,Maharashtra
20180401,0.0,39.69,20.7,Maharashtra
20180402,0.0,39.82,20.7,Maharashtra
20180403,0.0,39.65,20.16,Maharashtra
20180404,0.0,40.12,21.53,Maharashtra
20180405,0.0,39.04,22.15,Maharashtra
20180406,0.0,39.17,22.65,Maharashtra
20180407,0.0,39.77,23.36,Maharashtra
20180408,0.01,37.94,23.46,Maharashtra
20180409,0.0,38.66,23.09,Maharashtra
20180410,0.62,39.17,24.9,Maharashtra
20180411,0.11,38.61,22.85,Maharashtra
20180412,0.25,38.84,23.08,Maharashtra
20180413,0.0,39.49,23.24,Maharashtra
20180414,0.0,40.03,24.09,Maharashtra
20180415,0.01,39.75,24.21,Maharashtra
20180416,0.12,40.68,26.31,Maharashtra
20180417,1.45,41.54,26.14,Maharashtra
20180418,0.12,41.68,26.16,Maharashtra
20180419,0.0,41.53,24.23,Maharashtra
20180420,0.0,40.9,23.24,Maharashtra
20180421,0.0,39.85,22.88,Maharashtra
20180422,0.0,40.58,23.06,Maharashtra
20180423,0.0,41.34,22.39,Maharashtra
20180424,0.0,41.1,21.55,Maharashtra
20180425,0.0,40.97,20.67,Maharashtra
20180426,0.0,40.55,20.74,Maharashtra
20180427,0.0,41.78,21.55,Maharashtra
20180428,0.0,42.75,23.56,Maharashtra
20180429,0.0,42.67,25.53,Maharashtra
20180430,0.0,42.27,23.24,Maharashtra
20180501,0.0,42.57,24.59,Maharashtra
20180502,0.0,42.74,24.11,Maharashtra
20180503,0.0,42.1,23.87,Maharashtra
20180504,0.0,41.73,23.52,Maharashtra
20180505,0.0,41.49,24.35,Maharashtra
20180506,0.0,42.55,25.26,Maharashtra
20180507,0.0,40.82,26.65,Maharashtra
20180508,0.0,40.73,23.64,Maharashtra
20180509,0.0,40.68,23.89,Maharashtra
20180510,0.0,41.91,25.0,Maharashtra
20180511,0.0,42.0,25.31,Maharashtra
20180512,0.0,41.15,26.46,Maharashtra
20180513,0.03,41.31,24.64,Maharashtra
20180514,0.0,41.11,26.12,Maharashtra
20180515,0.0,40.38,23.58,Maharashtra
20180516,0.0,41.29,26.47,Maharashtra
20180517,0.1,41.83,26.44,Maharashtra
20180518,0.0,41.96,26.84,Maharashtra
20180519,0.0,41.98,25.39,Maharashtra
20180520,0.0,42.33,23.83,Maharashtra
20180521,0.0,42.16,24.61,Maharashtra
20180522,0.0,40.69,25.9,Maharashtra
20180523,0.0,42.35,26.52,Maharashtra
20180524,0.0,42.53,27.15,Maharashtra
20180525,0.0,41.74,24.71,Maharashtra
20180526,0.0,42.11,26.0,Maharashtra
20180527,0.1,43.75,27.58,Maharashtra
20180528,0.0,43.15,28.01,Maharashtra
20180529,0.0,41.84,26.95,Maharashtra
20180530,0.0,41.07,25.9,Maharashtra
20180531,0.03,41.79,26.26,Maharashtra
20180601,3.18,39.56,28.12,Maharashtra
20180602,5.75,40.1,27.67,Maharashtra
20180603,7.24,37.5,26.01,Maharashtra
20180604,1.47,38.34,24.65,Maharashtra
20180605,4.75,36.89,25.43,Maharashtra
20180606,4.68,37.79,25.53,Maharashtra
20180607,0.67,36.77,25.22,Maharashtra
20180608,3.48,35.14,25.19,Maharashtra
20180609,1.09,36.32,24.85,Maharashtra
20180610,4.65,34.17,24.57,Maharashtra
20180611,1.89,34.05,24.94,Maharashtra
20180612,0.02,36.98,25.07,Maharashtra
20180613,0.0,38.71,24.58,Maharashtra
20180614,0.0,38.41,24.46,Maharashtra
20180615,0.86,37.49,24.19,Maharashtra
20180616,0.08,35.35,23.82,Maharashtra
20180617,1.05,35.4,23.57,Maharashtra
20180618,1.22,36.95,23.77,Maharashtra
20180619,2.83,36.89,25.21,Maharashtra
20180620,8.95,33.68,25.34,Maharashtra
20180621,33.53,32.37,25.03,Maharashtra
20180622,8.24,33.16,23.68,Maharashtra
20180623,11.43,31.67,23.94,Maharashtra
20180624,3.4,31.23,22.75,Maharashtra
20180625,9.51,28.41,23.33,Maharashtra
20180626,8.43,30.64,23.22,Maharashtra
20180627,1.27,29.68,23.14,Maharashtra
20180628,1.97,30.61,22.88,Maharashtra
20180629,2.3,32.32,22.78,Maharashtra
20180630,0.47,34.27,22.5,Maharashtra
20180701,0.28,34.92,22.45,Maharashtra
20180702,4.74,32.02,22.81,Maharashtra
20180703,1.03,29.48,23.05,Maharashtra
20180704,1.41,29.86,22.64,Maharashtra
20180705,17.97,30.0,23.01,Maharashtra
20180706,6.27,30.0,22.94,Maharashtra
20180707,3.73,27.46,23.25,Maharashtra
20180708,9.11,29.64,22.67,Maharashtra
20180709,2.95,28.16,22.64,Maharashtra
20180710,10.12,26.92,22.22,Maharashtra
20180711,4.88,29.09,21.47,Maharashtra
20180712,2.93,30.4,21.96,Maharashtra
20180713,5.22,31.56,21.2,Maharashtra
20180714,14.78,30.26,21.99,Maharashtra
20180715,6.85,29.57,22.77,Maharashtra
20180716,7.94,27.61,22.96,Maharashtra
20180717,16.62,27.59,22.51,Maharashtra
20180718,0.06,29.75,22.42,Maharashtra
20180719,0.22,31.46,21.99,Maharashtra
20180720,3.43,28.49,22.0,Maharashtra
20180721,3.88,28.59,22.43,Maharashtra
20180722,3.51,28.38,21.85,Maharashtra
20180723,7.84,29.1,21.4,Maharashtra
20180724,2.0,30.04,21.5,Maharashtra
20180725,0.73,30.28,21.35,Maharashtra
20180726,0.13,30.58,21.97,Maharashtra
20180727,0.0,31.65,21.83,Maharashtra
20180728,0.0,32.19,21.6,Maharashtra
20180729,0.0,32.69,21.75,Maharashtra
20180730,0.22,32.01,21.84,Maharashtra
20180731,1.76,31.91,21.62,Maharashtra
20180801,1.16,31.99,22.01,Maharashtra
20180802,0.03,32.41,21.8,Maharashtra
20180803,0.02,32.13,21.49,Maharashtra
20180804,0.05,32.61,21.72,Maharashtra
20180805,0.04,31.45,21.68,Maharashtra
20180806,0.01,31.08,21.76,Maharashtra
20180807,0.01,31.26,21.82,Maharashtra
20180808,1.13,28.21,22.17,Maharashtra
20180809,0.83,31.92,21.7,Maharashtra
20180810,0.08,33.16,21.89,Maharashtra
20180811,1.63,30.43,22.2,Maharashtra
20180812,1.4,31.77,21.88,Maharashtra
20180813,1.38,32.35,21.75,Maharashtra
20180814,1.53,32.61,21.56,Maharashtra
20180815,7.44,29.05,22.18,Maharashtra
20180816,62.26,26.73,22.38,Maharashtra
20180817,68.57,25.9,21.86,Maharashtra
20180818,0.46,29.12,21.42,Maharashtra
20180819,2.85,30.63,21.49,Maharashtra
20180820,17.57,26.93,21.45,Maharashtra
20180821,32.4,26.8,21.4,Maharashtra
20180822,2.9,30.3,21.13,Maharashtra
20180823,0.14,30.17,21.54,Maharashtra
20180824,3.14,30.75,20.89,Maharashtra
20180825,3.96,29.0,20.95,Maharashtra
20180826,1.89,29.12,20.89,Maharashtra
20180827,3.07,28.93,21.37,Maharashtra
20180828,0.05,27.93,21.05,Maharashtra
20180829,0.0,29.92,20.95,Maharashtra
20180830,0.1,29.42,20.88,Maharashtra
20180831,0.28,29.37,20.62,Maharashtra
20180901,0.04,29.12,20.81,Maharashtra
20180902,2.81,29.98,20.63,Maharashtra
20180903,0.19,30.69,20.56,Maharashtra
20180904,2.97,30.32,20.21,Maharashtra
20180905,0.08,30.45,19.95,Maharashtra
20180906,0.0,28.84,19.82,Maharashtra
20180907,0.02,29.54,20.15,Maharashtra
20180908,0.0,30.01,19.34,Maharashtra
20180909,0.0,30.72,18.51,Maharashtra
20180910,0.0,29.93,19.35,Maharashtra
20180911,0.0,30.68,20.3,Maharashtra
20180912,0.0,31.24,20.43,Maharashtra
20180913,0.0,31.71,18.64,Maharashtra
20180914,0.52,31.61,19.43,Maharashtra
20180915,1.53,31.01,20.67,Maharashtra
20180916,2.63,29.41,20.67,Maharashtra
20180917,5.85,30.52,21.41,Maharashtra
20180918,9.25,30.47,19.87,Maharashtra
20180919,1.76,30.48,20.28,Maharashtra
20180920,0.62,32.19,21.17,Maharashtra
20180921,8.12,29.9,20.84,Maharashtra
20180922,8.28,30.62,21.42,Maharashtra
20180923,0.33,31.77,20.46,Maharashtra
20180924,0.1,32.13,20.41,Maharashtra
20180925,0.02,32.4,20.34,Maharashtra
20180926,0.0,32.59,20.47,Maharashtra
20180927,0.0,32.27,19.86,Maharashtra
20180928,0.0,33.18,20.66,Maharashtra
20180929,0.0,33.65,20.79,Maharashtra
20180930,0.0,34.05,20.71,Maharashtra
20181001,0.23,34.51,20.15,Maharashtra
20181002,0.0,34.31,20.09,Maharashtra
20181003,0.0,34.42,20.23,Maharashtra
20181004,0.21,32.5,20.67,Maharashtra
20181005,0.0,33.34,20.15,Maharashtra
20181006,0.0,34.1,19.32,Maharashtra
20181007,0.0,34.08,20.08,Maharashtra
20181008,0.0,33.94,18.89,Maharashtra
20181009,0.0,33.73,19.37,Maharashtra
20181010,0.0,34.71,21.15,Maharashtra
20181011,0.0,34.78,19.1,Maharashtra
20181012,0.0,34.32,19.9,Maharashtra
20181013,0.0,33.82,17.69,Maharashtra
20181014,0.0,34.63,18.63,Maharashtra
20181015,0.0,34.36,18.95,Maharashtra
20181016,0.0,33.77,18.58,Maharashtra
20181017,0.07,34.18,17.83,Maharashtra
20181018,0.0,32.67,20.38,Maharashtra
20181019,0.0,34.89,20.29,Maharashtra
20181020,0.0,35.27,20.0,Maharashtra
20181021,0.0,35.86,19.75,Maharashtra
20181022,1.59,35.54,21.17,Maharashtra
20181023,0.01,35.37,20.57,Maharashtra
20181024,0.0,35.02,18.58,Maharashtra
20181025,0.0,34.55,18.82,Maharashtra
20181026,0.0,34.94,19.95,Maharashtra
20181027,0.0,34.95,19.59,Maharashtra
20181028,0.0,34.39,18.13,Maharashtra
20181029,0.0,33.02,17.06,Maharashtra
20181030,0.0,32.68,15.25,Maharashtra
20181031,0.0,32.8,15.97,Maharashtra
20181101,0.0,32.66,17.78,Maharashtra
20181102,0.0,33.93,18.23,Maharashtra
20181103,0.03,34.07,20.92,Maharashtra
20181104,1.28,31.97,22.47,Maharashtra
20181105,2.4,30.67,22.28,Maharashtra
20181106,0.0,32.64,20.93,Maharashtra
20181107,0.0,34.01,17.64,Maharashtra
20181108,0.0,34.43,15.72,Maharashtra
20181109,0.0,34.33,16.13,Maharashtra
20181110,0.0,34.28,16.12,Maharashtra
20181111,0.0,33.8,15.98,Maharashtra
20181112,0.0,33.36,15.57,Maharashtra
20181113,0.0,33.48,15.09,Maharashtra
20181114,0.0,33.35,15.25,Maharashtra
20181115,0.0,33.41,15.24,Maharashtra
20181116,0.0,33.81,15.41,Maharashtra
20181117,0.0,33.84,15.69,Maharashtra
20181118,0.0,34.24,16.84,Maharashtra
20181119,6.08,31.85,21.68,Maharashtra
20181120,2.26,31.44,20.27,Maharashtra
20181121,0.0,31.59,19.6,Maharashtra
20181122,0.0,32.13,18.06,Maharashtra
20181123,0.0,31.96,17.07,Maharashtra
20181124,0.0,31.48,17.0,Maharashtra
20181125,0.0,31.72,15.71,Maharashtra
20181126,0.0,32.35,15.05,Maharashtra
20181127,0.0,31.85,13.95,Maharashtra
20181128,0.0,30.66,14.67,Maharashtra
20181129,0.0,30.96,13.76,Maharashtra
20181130,0.0,31.23,13.75,Maharashtra
20181201,0.0,30.08,14.27,Maharashtra
20181202,0.0,30.05,14.57,Maharashtra
20181203,0.0,30.12,15.69,Maharashtra
20181204,0.0,28.93,16.13,Maharashtra
20181205,0.0,30.68,16.92,Maharashtra
20181206,0.0,31.08,15.27,Maharashtra
20181207,0.0,31.78,15.28,Maharashtra
20181208,0.0,32.66,16.45,Maharashtra
20181209,0.0,32.85,15.7,Maharashtra
20181210,0.0,31.18,14.13,Maharashtra
20181211,0.0,29.33,12.35,Maharashtra
20181212,0.0,30.11,11.84,Maharashtra
20181213,0.0,28.39,12.91,Maharashtra
20181214,0.0,27.77,11.85,Maharashtra
20181215,0.0,27.74,12.46,Maharashtra
20181216,0.0,26.75,11.44,Maharashtra
20181217,0.0,24.43,11.29,Maharashtra
20181218,0.0,27.43,10.57,Maharashtra
20181219,0.0,27.95,9.97,Maharashtra
20181220,0.0,28.54,9.81,Maharashtra
20181221,0.0,29.3,11.15,Maharashtra
20181222,0.0,29.81,10.97,Maharashtra
20181223,0.0,29.89,11.89,Maharashtra
20181224,0.0,30.78,13.4,Maharashtra
20181225,0.0,31.49,16.09,Maharashtra
20181226,0.0,30.61,14.41,Maharashtra
20181227,0.0,26.63,9.27,Maharashtra
20181228,0.0,25.98,6.88,Maharashtra
20181229,0.0,26.72,6.5,Maharashtra
20181230,0.0,27.26,7.38,Maharashtra
20181231,0.0,28.4,8.24,Maharashtra
20190101,0.0,30.44,10.49,Maharashtra
20190102,0.0,31.19,10.75,Maharashtra
20190103,0.0,30.65,13.88,Maharashtra
20190104,0.0,30.88,10.6,Maharashtra
20190105,0.0,31.12,11.71,Maharashtra
20190106,0.0,30.17,13.29,Maharashtra
20190107,0.0,28.54,9.52,Maharashtra
20190108,0.0,28.68,8.43,Maharashtra
20190109,0.0,30.16,12.29,Maharashtra
20190110,0.0,29.87,9.09,Maharashtra
20190111,0.0,30.55,9.74,Maharashtra
20190112,0.0,31.52,12.09,Maharashtra
20190113,0.0,30.25,11.93,Maharashtra
20190114,0.0,29.17,12.26,Maharashtra
20190115,0.0,29.85,11.14,Maharashtra
20190116,0.0,31.14,12.17,Maharashtra
20190117,0.0,31.62,13.22,Maharashtra
20190118,0.0,31.3,12.85,Maharashtra
20190119,0.0,31.07,12.17,Maharashtra
20190120,0.0,32.09,12.71,Maharashtra
20190121,0.0,32.03,12.32,Maharashtra
20190122,0.0,29.64,12.36,Maharashtra
20190123,0.0,29.28,12.43,Maharashtra
20190124,0.0,29.7,12.32,Maharashtra
20190125,0.0,28.05,11.42,Maharashtra
20190126,0.0,26.24,10.73,Maharashtra
20190127,0.0,26.33,11.34,Maharashtra
20190128,0.0,24.94,8.7,Maharashtra
20190129,0.0,26.58,7.11,Maharashtra
20190130,0.0,28.66,7.58,Maharashtra
20190131,0.0,28.98,9.04,Maharashtra
20190201,0.0,30.62,12.44,Maharashtra
20190202,0.0,30.46,14.38,Maharashtra
20190203,0.0,30.93,16.3,Maharashtra
20190204,0.0,31.69,15.55,Maharashtra
20190205,0.0,32.07,15.29,Maharashtra
20190206,0.0,33.21,17.02,Maharashtra
20190207,0.0,29.55,14.8,Maharashtra
20190208,0.0,27.29,11.51,Maharashtra
20190209,0.0,26.96,7.98,Maharashtra
20190210,0.0,30.56,7.91,Maharashtra
20190211,0.0,31.89,10.4,Maharashtra
20190212,0.0,33.16,13.55,Maharashtra
20190213,0.0,33.02,17.87,Maharashtra
20190214,0.0,34.24,17.14,Maharashtra
20190215,0.0,33.52,17.88,Maharashtra
20190216,0.0,31.56,14.4,Maharashtra
20190217,0.0,31.84,12.55,Maharashtra
20190218,0.0,34.54,16.2,Maharashtra
20190219,0.0,35.21,17.09,Maharashtra
20190220,0.0,36.75,16.92,Maharashtra
20190221,0.29,36.23,19.34,Maharashtra
20190222,0.02,35.76,20.5,Maharashtra
20190223,0.0,36.29,18.65,Maharashtra
20190224,0.0,35.86,18.42,Maharashtra
20190225,0.0,34.23,17.23,Maharashtra
20190226,0.0,32.77,17.16,Maharashtra
20190227,0.0,31.83,15.34,Maharashtra
20190228,0.0,29.81,13.95,Maharashtra
20190301,0.0,32.62,12.95,Maharashtra
20190302,0.0,35.89,16.29,Maharashtra
20190303,0.0,34.98,16.17,Maharashtra
20190304,0.0,35.65,16.69,Maharashtra
20190305,0.0,32.45,15.92,Maharashtra
20190306,0.0,31.75,14.76,Maharashtra
20190307,0.0,33.03,14.28,Maharashtra
20190308,0.0,35.66,15.57,Maharashtra
20190309,0.0,35.52,18.06,Maharashtra
20190310,0.0,36.9,17.75,Maharashtra
20190311,0.0,36.73,18.7,Maharashtra
20190312,0.0,35.98,18.1,Maharashtra
20190313,0.0,36.68,18.72,Maharashtra
20190314,0.0,34.47,19.25,Maharashtra
20190315,0.0,36.2,17.69,Maharashtra
20190316,0.0,37.71,18.84,Maharashtra
20190317,0.0,38.16,20.05,Maharashtra
20190318,0.0,37.47,18.59,Maharashtra
20190319,0.0,37.72,18.75,Maharashtra
20190320,0.0,37.85,19.56,Maharashtra
20190321,0.0,36.48,19.38,Maharashtra
20190322,0.0,36.76,18.75,Maharashtra
20190323,0.0,38.62,19.32,Maharashtra
20190324,0.0,38.7,20.03,Maharashtra
20190325,0.0,40.11,20.56,Maharashtra
20190326,0.0,39.59,21.53,Maharashtra
20190327,0.0,39.67,20.55,Maharashtra
20190328,0.0,40.02,20.84,Maharashtra
20190329,0.0,40.82,21.88,Maharashtra
20190330,0.0,40.45,23.09,Maharashtra
20190331,0.0,40.24,23.32,Maharashtra
20190401,0.0,40.34,21.21,Maharashtra
20190402,0.0,40.2,21.07,Maharashtra
20190403,0.0,40.9,21.77,Maharashtra
20190404,0.0,41.63,22.4,Maharashtra
20190405,0.0,40.59,23.05,Maharashtra
20190406,0.0,40.63,22.91,Maharashtra
20190407,0.0,40.57,22.41,Maharashtra
20190408,0.0,40.78,22.59,Maharashtra
20190409,0.0,39.55,22.42,Maharashtra
20190410,0.0,40.66,21.45,Maharashtra
20190411,0.0,41.64,22.63,Maharashtra
20190412,0.01,41.81,23.43,Maharashtra
20190413,0.04,41.62,23.3,Maharashtra
20190414,0.0,41.87,24.53,Maharashtra
20190415,1.89,37.14,27.25,Maharashtra
20190416,1.86,38.46,24.75,Maharashtra
20190417,0.02,36.77,22.1,Maharashtra
20190418,0.0,37.42,18.04,Maharashtra
20190419,0.0,38.99,20.87,Maharashtra
20190420,0.0,39.95,21.25,Maharashtra
20190421,0.0,39.84,21.78,Maharashtra
20190422,0.0,40.12,22.7,Maharashtra
20190423,0.0,40.98,21.76,Maharashtra
20190424,0.0,41.99,23.69,Maharashtra
20190425,0.0,42.53,24.53,Maharashtra
20190426,0.0,43.39,26.22,Maharashtra
20190427,0.0,44.22,27.3,Maharashtra
20190428,0.0,44.16,27.22,Maharashtra
20190429,0.0,43.65,25.58,Maharashtra
20190430,0.0,43.43,25.73,Maharashtra
20190501,0.0,41.75,23.84,Maharashtra
20190502,0.0,40.49,22.07,Maharashtra
20190503,0.0,39.93,22.33,Maharashtra
20190504,0.0,39.41,21.47,Maharashtra
20190505,0.0,39.54,23.15,Maharashtra
20190506,0.0,40.41,23.78,Maharashtra
20190507,0.0,41.2,24.01,Maharashtra
20190508,0.0,39.73,23.32,Maharashtra
20190509,0.0,40.14,23.33,Maharashtra
20190510,0.0,40.09,23.48,Maharashtra
20190511,0.0,40.8,22.91,Maharashtra
20190512,0.0,41.5,23.15,Maharashtra
20190513,0.0,41.51,24.09,Maharashtra
20190514,0.0,41.21,23.07,Maharashtra
20190515,0.0,41.21,23.41,Maharashtra
20190516,0.0,40.61,23.42,Maharashtra
20190517,0.0,40.38,23.94,Maharashtra
20190518,0.0,40.11,25.15,Maharashtra
20190519,0.0,41.07,25.36,Maharashtra
20190520,0.0,41.92,25.28,Maharashtra
20190521,0.0,42.69,26.39,Maharashtra
20190522,0.03,42.47,26.44,Maharashtra
20190523,0.0,41.95,25.37,Maharashtra
20190524,0.0,42.09,25.32,Maharashtra
20190525,0.0,41.08,25.07,Maharashtra
20190526,0.0,42.06,25.33,Maharashtra
20190527,0.0,40.72,25.52,Maharashtra
20190528,0.0,42.56,24.98,Maharashtra
20190529,0.0,42.89,25.17,Maharashtra
20190530,0.0,42.9,25.95,Maharashtra
20190531,0.0,42.75,27.2,Maharashtra
20190601,0.0,41.84,26.98,Maharashtra
20190602,0.0,42.64,26.18,Maharashtra
20190603,0.0,38.25,27.41,Maharashtra
20190604,0.01,42.69,26.26,Maharashtra
20190605,0.77,42.53,25.93,Maharashtra
20190606,0.33,42.23,28.08,Maharashtra
20190607,0.89,42.48,27.36,Maharashtra
20190608,5.87,37.83,28.73,Maharashtra
20190609,0.48,38.83,28.1,Maharashtra
20190610,1.61,39.13,26.64,Maharashtra
20190611,0.12,40.49,26.67,Maharashtra
20190612,0.11,39.19,27.05,Maharashtra
20190613,0.44,37.01,25.74,Maharashtra
20190614,0.02,38.51,24.59,Maharashtra
20190615,0.05,38.75,25.32,Maharashtra
20190616,0.0,39.36,24.93,Maharashtra
20190617,1.41,39.18,25.18,Maharashtra
20190618,0.02,38.63,24.31,Maharashtra
20190619,0.62,38.11,24.72,Maharashtra
20190620,0.07,38.13,25.73,Maharashtra
20190621,0.58,39.01,25.17,Maharashtra
20190622,8.11,37.42,25.49,Maharashtra
20190623,14.78,32.6,24.74,Maharashtra
20190624,16.65,32.88,24.91,Maharashtra
20190625,0.9,35.09,23.84,Maharashtra
20190626,9.52,34.6,23.77,Maharashtra
20190627,9.54,32.99,24.38,Maharashtra
20190628,11.85,30.48,23.82,Maharashtra
20190629,9.91,27.56,22.58,Maharashtra
20190630,6.85,30.49,22.47,Maharashtra
20190701,6.11,30.03,22.63,Maharashtra
20190702,15.89,29.58,22.5,Maharashtra
20190703,5.73,28.95,22.49,Maharashtra
20190704,3.88,32.46,21.02,Maharashtra
20190705,2.67,30.41,21.4,Maharashtra
20190706,5.46,31.08,23.28,Maharashtra
20190707,9.56,29.03,23.27,Maharashtra
20190708,18.23,29.97,23.05,Maharashtra
20190709,2.17,29.84,23.24,Maharashtra
20190710,10.03,30.68,23.51,Maharashtra
20190711,3.88,31.71,23.26,Maharashtra
20190712,1.06,32.08,23.06,Maharashtra
20190713,0.08,31.85,22.93,Maharashtra
20190714,0.64,31.29,23.2,Maharashtra
20190715,0.3,30.95,22.85,Maharashtra
20190716,0.85,32.06,22.82,Maharashtra
20190717,0.1,33.35,23.11,Maharashtra
20190718,0.24,33.7,22.72,Maharashtra
20190719,3.01,31.22,23.26,Maharashtra
20190720,12.92,28.38,23.8,Maharashtra
20190721,20.72,30.12,23.47,Maharashtra
20190722,0.02,33.68,23.41,Maharashtra
20190723,0.01,34.55,23.94,Maharashtra
20190724,0.6,31.99,23.97,Maharashtra
20190725,3.85,29.72,23.6,Maharashtra
20190726,17.21,29.09,23.28,Maharashtra
20190727,5.99,29.06,23.22,Maharashtra
20190728,8.93,28.28,22.87,Maharashtra
20190729,14.31,27.34,22.84,Maharashtra
20190730,11.18,26.85,22.63,Maharashtra
20190731,12.27,27.24,22.33,Maharashtra
20190801,2.1,28.86,22.21,Maharashtra
20190802,16.01,27.58,22.05,Maharashtra
20190803,11.3,29.04,22.68,Maharashtra
20190804,7.53,28.19,22.92,Maharashtra
20190805,6.04,29.51,22.61,Maharashtra
20190806,5.08,28.79,22.54,Maharashtra
20190807,13.0,28.1,22.62,Maharashtra
20190808,18.87,27.86,22.66,Maharashtra
20190809,10.93,27.7,22.32,Maharashtra
20190810,0.85,30.28,22.6,Maharashtra
20190811,0.13,30.95,21.45,Maharashtra
20190812,0.06,29.83,21.56,Maharashtra
20190813,0.83,28.56,22.07,Maharashtra
20190814,0.31,27.75,22.42,Maharashtra
20190815,0.56,30.53,22.4,Maharashtra
20190816,1.88,31.35,21.91,Maharashtra
20190817,1.15,30.78,21.77,Maharashtra
20190818,2.48,30.7,21.61,Maharashtra
20190819,0.83,30.8,21.91,Maharashtra
20190820,1.16,28.42,22.11,Maharashtra
20190821,4.47,28.97,21.73,Maharashtra
20190822,1.49,29.46,21.83,Maharashtra
20190823,0.04,29.66,21.08,Maharashtra
20190824,0.13,28.34,20.78,Maharashtra
20190825,2.08,28.41,21.51,Maharashtra
20190826,10.15,29.29,21.46,Maharashtra
20190827,2.6,30.31,21.27,Maharashtra
20190828,0.23,30.52,21.16,Maharashtra
20190829,0.35,31.06,21.8,Maharashtra
20190830,6.41,31.08,22.39,Maharashtra
20190831,23.94,29.39,22.91,Maharashtra
20190901,9.74,26.73,22.56,Maharashtra
20190902,0.61,29.05,21.15,Maharashtra
20190903,1.75,28.2,22.16,Maharashtra
20190904,6.32,27.11,22.16,Maharashtra
20190905,1.84,29.84,21.77,Maharashtra
20190906,1.88,29.51,22.7,Maharashtra
20190907,0.72,28.92,21.75,Maharashtra
20190908,11.56,28.95,22.33,Maharashtra
20190909,18.57,29.75,22.01,Maharashtra
20190910,6.39,29.5,22.54,Maharashtra
20190911,15.81,28.02,22.0,Maharashtra
20190912,4.73,28.03,22.18,Maharashtra
20190913,3.95,29.19,21.9,Maharashtra
20190914,4.01,29.46,22.01,Maharashtra
20190915,0.77,29.75,21.2,Maharashtra
20190916,1.46,29.35,21.63,Maharashtra
20190917,8.97,29.26,22.49,Maharashtra
20190918,11.38,28.83,23.06,Maharashtra
20190919,29.16,28.09,23.07,Maharashtra
20190920,10.94,29.69,22.37,Maharashtra
20190921,6.34,29.18,22.36,Maharashtra
20190922,15.71,30.62,21.44,Maharashtra
20190923,5.3,29.99,21.7,Maharashtra
20190924,2.14,27.57,22.08,Maharashtra
20190925,10.22,27.92,22.34,Maharashtra
20190926,17.16,27.54,22.81,Maharashtra
20190927,4.7,28.33,21.9,Maharashtra
20190928,1.26,29.19,21.4,Maharashtra
20190929,1.75,29.82,21.38,Maharashtra
20190930,2.69,28.86,21.79,Maharashtra
20191001,1.04,29.38,20.91,Maharashtra
20191002,0.05,29.17,21.11,Maharashtra
20191003,0.14,29.17,20.82,Maharashtra
20191004,1.72,28.39,20.95,Maharashtra
20191005,2.44,27.66,20.53,Maharashtra
20191006,6.17,28.3,20.76,Maharashtra
20191007,2.66,28.81,21.13,Maharashtra
20191008,1.49,29.28,19.93,Maharashtra
20191009,0.13,29.7,19.42,Maharashtra
20191010,0.1,29.75,19.55,Maharashtra
20191011,2.59,29.23,20.09,Maharashtra
20191012,0.02,28.74,19.67,Maharashtra
20191013,0.0,29.17,19.8,Maharashtra
20191014,0.0,29.56,19.63,Maharashtra
20191015,0.0,28.84,17.6,Maharashtra
20191016,0.0,28.26,17.94,Maharashtra
20191017,0.0,28.44,17.91,Maharashtra
20191018,1.91,28.68,20.53,Maharashtra
20191019,20.82,24.08,20.4,Maharashtra
20191020,13.77,25.82,19.72,Maharashtra
20191021,8.0,25.18,20.25,Maharashtra
20191022,12.1,27.43,20.63,Maharashtra
20191023,11.53,24.9,20.37,Maharashtra
20191024,15.59,25.09,20.2,Maharashtra
20191025,7.92,27.1,18.23,Maharashtra
20191026,15.91,26.68,19.36,Maharashtra
20191027,6.58,27.74,20.32,Maharashtra
20191028,7.65,28.71,18.12,Maharashtra
20191029,1.28,27.8,21.46,Maharashtra
20191030,1.41,27.37,20.9,Maharashtra
20191031,1.37,27.97,20.84,Maharashtra
20191101,12.57,25.58,20.33,Maharashtra
20191102,12.3,25.77,20.62,Maharashtra
20191103,1.48,26.5,20.47,Maharashtra
20191104,0.4,28.43,19.11,Maharashtra
20191105,0.0,28.94,17.3,Maharashtra
20191106,0.0,28.98,18.33,Maharashtra
20191107,0.55,28.54,19.37,Maharashtra
20191108,0.11,28.5,19.64,Maharashtra
20191109,0.0,28.76,18.77,Maharashtra
20191110,0.0,27.84,18.18,Maharashtra
20191111,0.0,27.8,16.91,Maharashtra
20191112,0.0,27.43,17.08,Maharashtra
20191113,0.0,25.98,15.61,Maharashtra
20191114,0.0,26.18,13.55,Maharashtra
20191115,0.0,26.4,14.79,Maharashtra
20191116,0.0,27.45,15.56,Maharashtra
20191117,0.0,26.72,16.36,Maharashtra
20191118,0.0,26.65,14.41,Maharashtra
20191119,0.0,25.33,15.39,Maharashtra
20191120,0.0,26.49,12.82,Maharashtra
20191121,0.0,26.47,14.35,Maharashtra
20191122,0.0,26.49,14.9,Maharashtra
20191123,0.0,26.4,13.78,Maharashtra
20191124,0.0,24.02,15.02,Maharashtra
20191125,0.0,26.56,13.86,Maharashtra
20191126,0.0,26.47,15.04,Maharashtra
20191127,0.0,26.95,15.09,Maharashtra
20191128,0.0,27.19,14.92,Maharashtra
20191129,0.0,27.48,15.2,Maharashtra
20191130,0.0,26.79,15.88,Maharashtra
20191201,0.0,26.63,17.64,Maharashtra
20191202,0.0,26.68,17.37,Maharashtra
20191203,0.0,26.44,16.38,Maharashtra
20191204,0.0,26.69,17.33,Maharashtra
20191205,0.0,25.64,16.78,Maharashtra
20191206,0.0,25.24,14.7,Maharashtra
20191207,0.0,25.26,13.21,Maharashtra
20191208,0.0,25.62,13.01,Maharashtra
20191209,0.0,26.3,13.87,Maharashtra
20191210,0.0,26.35,15.04,Maharashtra
20191211,0.0,27.54,14.23,Maharashtra
20191212,0.91,27.44,14.74,Maharashtra
20191213,0.07,26.7,14.38,Maharashtra
20191214,0.0,27.05,14.24,Maharashtra
20191215,0.0,27.0,15.82,Maharashtra
20191216,0.0,25.24,15.89,Maharashtra
20191217,0.0,25.01,15.83,Maharashtra
20191218,0.0,25.54,14.51,Maharashtra
20191219,0.0,26.24,13.22,Maharashtra
20191220,0.0,27.11,13.65,Maharashtra
20191221,0.0,26.32,15.4,Maharashtra
20191222,0.0,25.83,14.14,Maharashtra
20191223,0.0,27.14,15.11,Maharashtra
20191224,0.0,28.3,15.85,Maharashtra
20191225,1.75,24.3,18.65,Maharashtra
20191226,0.94,25.99,15.49,Maharashtra
20191227,0.0,24.65,11.1,Maharashtra
20191228,0.0,24.19,9.03,Maharashtra
20191229,0.0,24.02,8.41,Maharashtra
20191230,0.36,25.18,11.34,Maharashtra
20191231,0.63,27.11,14.93,Maharashtra
20200101,0.05,27.84,13.54,Maharashtra
20200102,0.67,28.1,14.31,Maharashtra
20200103,0.11,26.38,13.42,Maharashtra
20200104,0.0,25.2,12.76,Maharashtra
20200105,0.0,23.93,10.11,Maharashtra
20200106,0.0,26.14,10.33,Maharashtra
20200107,0.0,27.76,12.24,Maharashtra
20200108,0.0,27.15,15.97,Maharashtra
20200109,0.0,26.0,11.82,Maharashtra
20200110,0.0,24.57,9.27,Maharashtra
20200111,0.0,25.95,9.17,Maharashtra
20200112,0.0,27.11,9.75,Maharashtra
20200113,0.0,28.41,10.51,Maharashtra
20200114,0.0,27.26,13.56,Maharashtra
20200115,0.0,28.5,12.29,Maharashtra
20200116,0.0,25.0,11.67,Maharashtra
20200117,0.0,25.88,8.24,Maharashtra
20200118,0.0,27.92,9.95,Maharashtra
20200119,0.0,27.37,11.07,Maharashtra
20200120,0.0,28.01,11.05,Maharashtra
20200121,0.0,30.02,13.66,Maharashtra
20200122,0.0,30.39,15.42,Maharashtra
20200123,0.0,29.35,14.49,Maharashtra
20200124,0.0,29.48,13.44,Maharashtra
20200125,0.0,30.59,14.35,Maharashtra
20200126,0.0,31.5,15.01,Maharashtra
20200127,0.0,32.28,14.16,Maharashtra
20200128,0.0,28.09,12.76,Maharashtra
20200129,0.0,27.31,12.92,Maharashtra
20200130,0.0,27.74,10.7,Maharashtra
20200131,0.0,29.03,9.96,Maharashtra
20200201,0.0,28.82,11.69,Maharashtra
20200202,0.34,29.72,12.27,Maharashtra
20200203,0.33,30.19,14.96,Maharashtra
20200204,0.0,30.15,16.43,Maharashtra
20200205,0.0,30.0,12.79,Maharashtra
20200206,0.0,30.96,15.53,Maharashtra
20200207,0.0,30.24,15.18,Maharashtra
20200208,0.0,27.2,15.12,Maharashtra
20200209,0.0,28.33,13.29,Maharashtra
20200210,0.0,28.38,13.86,Maharashtra
20200211,0.0,29.75,15.42,Maharashtra
20200212,0.0,30.93,16.21,Maharashtra
20200213,0.0,31.62,15.58,Maharashtra
20200214,0.0,32.32,16.57,Maharashtra
20200215,0.0,32.86,16.25,Maharashtra
20200216,0.0,33.6,15.06,Maharashtra
20200217,0.0,33.48,15.33,Maharashtra
20200218,0.0,34.3,15.37,Maharashtra
20200219,0.0,34.27,15.46,Maharashtra
20200220,0.0,34.77,17.69,Maharashtra
20200221,0.0,34.03,17.81,Maharashtra
20200222,0.0,34.53,18.84,Maharashtra
20200223,0.0,35.21,18.24,Maharashtra
20200224,0.0,34.65,16.82,Maharashtra
20200225,0.0,31.29,15.21,Maharashtra
20200226,0.0,31.8,14.08,Maharashtra
20200227,0.0,33.38,14.55,Maharashtra
20200228,0.0,34.03,15.67,Maharashtra
20200229,0.0,33.99,16.1,Maharashtra
20200301,0.67,33.62,20.13,Maharashtra
20200302,0.06,34.66,18.56,Maharashtra
20200303,0.0,34.64,16.1,Maharashtra
20200304,0.0,33.23,15.02,Maharashtra
20200305,0.0,32.13,15.83,Maharashtra
20200306,0.0,31.92,15.22,Maharashtra
20200307,0.0,32.09,14.34,Maharashtra
20200308,0.0,34.29,15.83,Maharashtra
20200309,0.07,33.35,21.84,Maharashtra
20200310,0.05,35.44,19.5,Maharashtra
20200311,0.0,33.85,18.33,Maharashtra
20200312,0.0,33.07,14.78,Maharashtra
20200313,0.0,34.52,16.42,Maharashtra
20200314,0.0,34.35,16.34,Maharashtra
20200315,0.0,34.81,14.7,Maharashtra
20200316,0.02,35.89,18.75,Maharashtra
20200317,1.05,35.22,22.22,Maharashtra
20200318,0.56,35.91,24.04,Maharashtra
20200319,0.06,37.45,20.4,Maharashtra
20200320,0.0,36.51,17.92,Maharashtra
20200321,0.0,34.8,16.61,Maharashtra
20200322,0.0,35.6,19.57,Maharashtra
20200323,0.0,36.95,20.57,Maharashtra
20200324,0.07,37.55,21.5,Maharashtra
20200325,1.89,37.08,23.42,Maharashtra
20200326,6.91,32.15,21.74,Maharashtra
20200327,2.55,36.07,22.01,Maharashtra
20200328,0.09,34.19,21.07,Maharashtra
20200329,0.07,36.3,22.35,Maharashtra
20200330,13.96,34.69,24.96,Maharashtra
20200331,4.51,36.04,21.76,Maharashtra
20200401,0.42,36.78,19.65,Maharashtra
20200402,0.0,36.45,19.45,Maharashtra
20200403,0.0,37.34,20.39,Maharashtra
20200404,0.07,38.57,22.44,Maharashtra
20200405,0.0,38.83,21.11,Maharashtra
20200406,0.0,38.91,22.44,Maharashtra
20200407,0.02,38.45,20.63,Maharashtra
20200408,0.0,37.53,19.45,Maharashtra
20200409,0.0,37.44,19.94,Maharashtra
20200410,0.0,38.54,20.91,Maharashtra
20200411,0.0,39.78,23.04,Maharashtra
20200412,0.0,40.53,24.33,Maharashtra
20200413,0.0,40.9,24.15,Maharashtra
20200414,0.0,41.22,24.58,Maharashtra
20200415,0.0,40.85,25.47,Maharashtra
20200416,0.0,40.84,24.12,Maharashtra
20200417,0.0,40.97,24.32,Maharashtra
20200418,0.0,41.18,25.51,Maharashtra
20200419,0.0,40.59,25.99,Maharashtra
20200420,0.0,41.03,25.66,Maharashtra
20200421,0.0,40.39,24.29,Maharashtra
20200422,0.0,40.12,24.83,Maharashtra
20200423,0.0,40.65,25.2,Maharashtra
20200424,0.0,40.88,25.51,Maharashtra
20200425,0.0,39.38,23.85,Maharashtra
20200426,0.0,39.43,21.55,Maharashtra
20200427,0.0,39.72,25.06,Maharashtra
20200428,0.0,40.53,24.01,Maharashtra
20200429,0.0,41.04,24.82,Maharashtra
20200430,0.0,41.79,27.13,Maharashtra
20200501,0.07,41.22,25.75,Maharashtra
20200502,0.04,41.69,25.82,Maharashtra
20200503,0.0,41.84,25.21,Maharashtra
20200504,0.0,42.2,23.85,Maharashtra
20200505,0.0,41.44,25.25,Maharashtra
20200506,0.0,41.67,26.86,Maharashtra
20200507,0.0,41.86,25.52,Maharashtra
20200508,0.0,41.64,24.21,Maharashtra
20200509,0.0,41.98,24.29,Maharashtra
20200510,2.52,40.95,27.12,Maharashtra
20200511,0.16,41.1,24.67,Maharashtra
20200512,0.0,41.2,26.39,Maharashtra
20200513,1.55,41.27,27.2,Maharashtra
20200514,4.13,40.78,27.66,Maharashtra
20200515,3.22,37.38,27.4,Maharashtra
20200516,0.01,39.83,26.57,Maharashtra
20200517,0.19,38.8,27.27,Maharashtra
20200518,0.17,37.87,26.63,Maharashtra
20200519,0.0,40.4,24.54,Maharashtra
20200520,0.0,41.35,25.23,Maharashtra
20200521,0.0,41.49,24.67,Maharashtra
20200522,0.0,41.57,24.89,Maharashtra
20200523,0.0,42.7,26.03,Maharashtra
20200524,0.0,42.89,26.44,Maharashtra
20200525,0.0,42.92,27.06,Maharashtra
20200526,0.0,43.59,27.51,Maharashtra
20200527,0.0,43.32,25.09,Maharashtra
20200528,0.0,42.2,23.79,Maharashtra
20200529,0.0,39.78,24.57,Maharashtra
20200530,0.0,39.51,25.11,Maharashtra
20200531,0.7,37.84,26.94,Maharashtra
20200601,8.44,34.66,25.92,Maharashtra
20200602,2.91,28.51,23.44,Maharashtra
20200603,18.24,29.11,22.67,Maharashtra
20200604,12.83,28.99,23.0,Maharashtra
20200605,1.29,35.05,21.64,Maharashtra
20200606,1.38,33.69,21.31,Maharashtra
20200607,0.73,34.28,22.27,Maharashtra
20200608,0.49,34.08,22.57,Maharashtra
20200609,0.13,34.37,21.19,Maharashtra
20200610,7.7,35.25,23.21,Maharashtra
20200611,22.72,32.01,24.11,Maharashtra
20200612,28.06,29.25,23.99,Maharashtra
20200613,25.59,30.72,22.99,Maharashtra
20200614,27.18,31.2,23.66,Maharashtra
20200615,14.07,31.94,24.13,Maharashtra
20200616,7.25,31.34,24.25,Maharashtra
20200617,4.86,33.38,23.0,Maharashtra
20200618,0.28,32.0,23.29,Maharashtra
20200619,6.03,32.49,23.19,Maharashtra
20200620,9.3,32.01,23.31,Maharashtra
20200621,0.13,29.88,23.5,Maharashtra
20200622,0.06,32.26,22.87,Maharashtra
20200623,0.04,33.12,22.84,Maharashtra
20200624,1.44,33.11,23.44,Maharashtra
20200625,4.38,33.48,24.4,Maharashtra
20200626,13.85,31.63,25.07,Maharashtra
20200627,13.85,29.99,24.62,Maharashtra
20200628,6.29,31.57,23.71,Maharashtra
20200629,12.18,28.69,23.95,Maharashtra
20200630,18.83,29.59,23.38,Maharashtra
20200701,8.82,30.1,22.59,Maharashtra
20200702,0.92,32.58,22.43,Maharashtra
20200703,0.84,29.37,23.86,Maharashtra
20200704,4.96,28.01,23.53,Maharashtra
20200705,14.79,28.16,23.02,Maharashtra
20200706,0.84,29.74,22.49,Maharashtra
20200707,2.96,30.16,23.12,Maharashtra
20200708,26.66,31.95,22.0,Maharashtra
20200709,5.68,31.98,22.54,Maharashtra
20200710,3.87,30.31,22.97,Maharashtra
20200711,1.1,30.75,22.72,Maharashtra
20200712,0.93,30.44,22.93,Maharashtra
20200713,19.45,29.3,22.59,Maharashtra
20200714,6.57,30.02,23.34,Maharashtra
20200715,10.78,29.65,23.71,Maharashtra
20200716,18.54,30.22,22.74,Maharashtra
20200717,0.71,31.85,21.23,Maharashtra
20200718,1.76,32.37,22.11,Maharashtra
20200719,1.45,29.44,23.24,Maharashtra
20200720,7.56,30.18,23.83,Maharashtra
20200721,1.64,29.57,22.43,Maharashtra
20200722,4.5,29.48,23.41,Maharashtra
20200723,24.54,28.48,22.71,Maharashtra
20200724,53.01,27.75,22.67,Maharashtra
20200725,5.81,26.42,22.65,Maharashtra
20200726,0.24,30.78,21.87,Maharashtra
20200727,0.18,30.69,22.79,Maharashtra
20200728,2.56,29.28,22.99,Maharashtra
20200729,6.42,28.58,22.98,Maharashtra
20200730,8.4,30.77,22.33,Maharashtra
20200731,25.76,30.29,23.55,Maharashtra
20200801,15.58,29.48,23.85,Maharashtra
20200802,4.59,29.21,24.14,Maharashtra
20200803,1.17,28.81,23.74,Maharashtra
20200804,3.11,29.38,22.56,Maharashtra
20200805,5.96,28.94,23.34,Maharashtra
20200806,3.64,27.76,22.82,Maharashtra
20200807,0.19,30.89,21.87,Maharashtra
20200808,0.69,30.72,22.46,Maharashtra
20200809,0.74,28.55,22.46,Maharashtra
20200810,18.54,29.27,22.6,Maharashtra
20200811,5.82,29.16,22.98,Maharashtra
20200812,8.9,29.16,22.62,Maharashtra
20200813,15.02,26.59,22.42,Maharashtra
20200814,14.84,27.39,22.33,Maharashtra
20200815,11.27,27.68,22.22,Maharashtra
20200816,14.74,27.03,22.14,Maharashtra
20200817,19.68,27.33,21.78,Maharashtra
20200818,5.49,27.7,21.19,Maharashtra
20200819,9.91,29.13,21.86,Maharashtra
20200820,12.78,26.63,22.21,Maharashtra
20200821,8.34,27.78,21.78,Maharashtra
20200822,2.61,27.62,21.94,Maharashtra
20200823,0.52,29.24,22.56,Maharashtra
20200824,0.11,29.96,21.9,Maharashtra
20200825,0.56,29.41,21.45,Maharashtra
20200826,4.01,29.29,21.3,Maharashtra
20200827,1.97,26.99,21.69,Maharashtra
20200828,4.94,27.58,21.32,Maharashtra
20200829,11.33,26.15,21.99,Maharashtra
20200830,0.5,27.23,21.57,Maharashtra
20200831,0.7,29.84,21.24,Maharashtra
20200901,0.03,29.65,21.26,Maharashtra
20200902,0.47,29.2,22.36,Maharashtra
20200903,0.21,30.46,21.53,Maharashtra
20200904,0.71,31.21,20.74,Maharashtra
20200905,3.89,30.93,22.96,Maharashtra
20200906,47.3,30.97,21.95,Maharashtra
20200907,21.34,29.82,22.95,Maharashtra
20200908,14.92,29.52,22.95,Maharashtra
20200909,2.22,29.8,23.2,Maharashtra
20200910,5.19,28.25,22.97,Maharashtra
20200911,35.52,26.7,22.04,Maharashtra
20200912,0.75,29.54,22.0,Maharashtra
20200913,3.54,28.39,22.86,Maharashtra
20200914,5.01,28.67,21.87,Maharashtra
20200915,2.04,29.07,22.49,Maharashtra
20200916,0.91,29.04,22.7,Maharashtra
20200917,5.43,29.37,23.17,Maharashtra
20200918,6.78,28.05,23.01,Maharashtra
20200919,17.54,27.6,23.15,Maharashtra
20200920,33.87,27.84,22.77,Maharashtra
20200921,12.87,26.74,22.72,Maharashtra
20200922,21.83,26.91,22.88,Maharashtra
20200923,6.05,27.78,22.11,Maharashtra
20200924,2.06,29.31,22.53,Maharashtra
20200925,8.86,28.19,23.21,Maharashtra
20200926,5.97,28.44,21.5,Maharashtra
20200927,0.16,28.16,20.21,Maharashtra
20200928,0.0,28.1,20.04,Maharashtra
20200929,0.0,28.14,20.35,Maharashtra
20200930,0.56,27.76,20.24,Maharashtra
20201001,0.87,27.91,20.69,Maharashtra
20201002,0.34,27.71,20.68,Maharashtra
20201003,0.26,29.56,21.7,Maharashtra
20201004,0.03,28.36,20.97,Maharashtra
20201005,0.0,29.36,19.54,Maharashtra
20201006,0.0,29.3,20.51,Maharashtra
20201007,0.05,28.2,19.23,Maharashtra
20201008,0.15,29.45,20.31,Maharashtra
20201009,0.42,28.3,20.55,Maharashtra
20201010,14.06,28.61,22.27,Maharashtra
20201011,11.83,26.86,20.72,Maharashtra
20201012,12.57,28.03,21.09,Maharashtra
20201013,4.9,28.84,21.85,Maharashtra
20201014,6.92,26.14,22.49,Maharashtra
20201015,3.92,28.19,22.76,Maharashtra
20201016,0.09,28.63,22.08,Maharashtra
20201017,1.07,29.3,21.37,Maharashtra
20201018,5.77,29.38,22.0,Maharashtra
20201019,0.3,30.1,22.12,Maharashtra
20201020,3.26,29.7,21.56,Maharashtra
20201021,27.87,28.9,21.77,Maharashtra
20201022,28.38,29.58,22.41,Maharashtra
20201023,10.99,28.42,21.5,Maharashtra
20201024,0.2,28.89,20.85,Maharashtra
20201025,0.17,25.08,20.68,Maharashtra
20201026,0.01,28.19,19.65,Maharashtra
20201027,0.0,28.03,17.8,Maharashtra
20201028,0.0,28.04,18.29,Maharashtra
20201029,0.0,28.18,16.41,Maharashtra
20201030,0.0,28.08,15.85,Maharashtra
20201031,0.0,28.1,16.78,Maharashtra
20201101,0.0,28.1,18.04,Maharashtra
20201102,0.0,28.2,17.47,Maharashtra
20201103,0.0,27.78,17.45,Maharashtra
20201104,0.0,28.12,16.67,Maharashtra
20201105,0.0,27.65,16.14,Maharashtra
20201106,0.0,26.51,13.71,Maharashtra
20201107,0.0,26.87,12.93,Maharashtra
20201108,0.0,26.43,12.18,Maharashtra
20201109,0.0,25.65,11.5,Maharashtra
20201110,0.0,25.2,11.53,Maharashtra
20201111,0.0,25.18,10.6,Maharashtra
20201112,0.0,26.63,11.34,Maharashtra
20201113,0.0,27.84,18.5,Maharashtra
20201114,0.0,28.44,18.64,Maharashtra
20201115,0.0,28.57,16.66,Maharashtra
20201116,0.0,28.79,16.74,Maharashtra
20201117,0.0,28.2,19.42,Maharashtra
20201118,0.07,28.4,17.47,Maharashtra
20201119,2.31,28.62,18.69,Maharashtra
20201120,1.47,27.79,20.05,Maharashtra
20201121,0.0,27.84,17.34,Maharashtra
20201122,0.0,26.65,13.83,Maharashtra
20201123,0.0,27.08,14.52,Maharashtra
20201124,0.0,27.09,14.19,Maharashtra
20201125,0.0,26.27,11.95,Maharashtra
20201126,0.0,26.61,13.23,Maharashtra
20201127,0.0,25.07,14.83,Maharashtra
20201128,0.0,26.08,15.63,Maharashtra
20201129,0.0,27.17,15.04,Maharashtra
20201130,0.0,28.14,16.78,Maharashtra
20201201,0.0,27.46,16.08,Maharashtra
20201202,0.0,26.96,14.52,Maharashtra
20201203,0.0,26.61,12.7,Maharashtra
20201204,0.0,26.95,11.92,Maharashtra
20201205,0.0,26.84,11.94,Maharashtra
20201206,0.0,26.93,11.13,Maharashtra
20201207,0.0,27.38,11.61,Maharashtra
20201208,0.0,27.02,11.33,Maharashtra
20201209,0.0,27.36,11.8,Maharashtra
20201210,0.0,27.43,13.74,Maharashtra
20201211,0.03,25.69,15.65,Maharashtra
20201212,0.33,26.57,15.91,Maharashtra
20201213,0.45,25.38,15.99,Maharashtra
20201214,0.6,26.47,16.59,Maharashtra
20201215,0.18,26.75,16.53,Maharashtra
20201216,0.0,27.66,16.39,Maharashtra
20201217,0.0,26.73,14.74,Maharashtra
20201218,0.0,26.06,13.11,Maharashtra
20201219,0.0,24.58,12.2,Maharashtra
20201220,0.0,25.35,10.43,Maharashtra
20201221,0.0,25.08,10.92,Maharashtra
20201222,0.0,25.12,8.2,Maharashtra
20201223,0.0,26.01,9.1,Maharashtra
20201224,0.0,26.68,9.51,Maharashtra
20201225,0.0,26.61,10.72,Maharashtra
20201226,0.0,27.62,10.39,Maharashtra
20201227,0.0,28.46,11.54,Maharashtra
20201228,0.0,27.26,12.79,Maharashtra
20201229,0.0,27.71,12.09,Maharashtra
20201230,0.0,27.55,12.25,Maharashtra
20201231,0.0,26.92,12.97,Maharashtra
