date,PRECTOTCORR,T2M_MAX,T2M_MIN,state
19970101,0.0,27.56,10.65,West Bengal
19970102,0.0,26.89,9.92,West Bengal
19970103,0.0,26.95,10.75,West Bengal
19970104,0.0,26.59,8.49,West Bengal
19970105,0.0,26.27,9.47,West Bengal
19970106,0.0,26.58,9.85,West Bengal
19970107,0.0,26.41,10.58,West Bengal
19970108,0.0,27.15,9.54,West Bengal
19970109,0.0,27.43,10.32,West Bengal
19970110,0.0,27.36,10.23,West Bengal
19970111,0.0,27.7,9.49,West Bengal
19970112,0.0,29.11,11.41,West Bengal
19970113,0.0,28.72,11.5,West Bengal
19970114,0.0,27.62,14.84,West Bengal
19970115,0.14,26.4,14.36,West Bengal
19970116,2.33,26.85,15.89,West Bengal
19970117,0.0,27.16,12.41,West Bengal
19970118,0.0,26.87,9.56,West Bengal
19970119,0.0,26.96,10.05,West Bengal
19970120,0.0,28.73,12.01,West Bengal
19970121,17.72,22.53,13.46,West Bengal
19970122,0.0,24.27,9.12,West Bengal
19970123,0.01,23.73,8.15,West Bengal
19970124,0.0,24.66,7.95,West Bengal
19970125,0.0,25.65,8.31,West Bengal
19970126,0.0,25.62,7.71,West Bengal
19970127,0.0,26.3,9.03,West Bengal
19970128,0.0,27.49,8.4,West Bengal
19970129,0.0,27.96,10.13,West Bengal
19970130,0.0,28.5,10.92,West Bengal
19970131,0.0,29.3,12.88,West Bengal
19970201,5.18,29.59,15.03,West Bengal
19970202,4.71,28.18,9.5,West Bengal
19970203,0.0,29.87,12.22,West Bengal
19970204,1.25,29.98,17.86,West Bengal
19970205,0.0,29.54,14.63,West Bengal
19970206,0.03,29.09,12.27,West Bengal
19970207,0.0,26.69,8.46,West Bengal
19970208,0.0,26.89,9.02,West Bengal
19970209,0.0,29.51,9.06,West Bengal
19970210,0.27,30.14,15.58,West Bengal
19970211,0.83,30.45,14.61,West Bengal
19970212,0.61,29.45,9.31,West Bengal
19970213,0.0,29.21,8.25,West Bengal
19970214,0.0,31.66,10.63,West Bengal
19970215,0.0,32.96,12.52,West Bengal
19970216,0.0,33.67,14.36,West Bengal
19970217,0.0,32.84,16.2,West Bengal
19970218,0.0,32.21,13.13,West Bengal
19970219,0.0,32.53,16.37,West Bengal
19970220,2.36,31.18,19.6,West Bengal
19970221,0.01,31.62,14.87,West Bengal
19970222,0.2,30.68,14.87,West Bengal
19970223,0.0,31.13,11.76,West Bengal
19970224,0.0,30.99,14.07,West Bengal
19970225,0.0,32.01,14.49,West Bengal
19970226,0.0,33.87,17.27,West Bengal
19970227,1.5,35.02,18.82,West Bengal
19970228,0.0,34.71,18.25,West Bengal
19970301,0.0,34.74,16.25,West Bengal
19970302,0.0,35.7,17.29,West Bengal
19970303,0.0,36.63,18.16,West Bengal
19970304,0.0,37.37,17.55,West Bengal
19970305,0.0,36.96,18.78,West Bengal
19970306,0.0,37.33,19.21,West Bengal
19970307,0.0,37.55,19.32,West Bengal
19970308,0.0,37.55,18.9,West Bengal
19970309,0.0,37.74,17.57,West Bengal
19970310,0.0,37.95,19.42,West Bengal
19970311,0.0,38.39,19.65,West Bengal
19970312,0.0,37.79,19.82,West Bengal
19970313,0.0,39.09,20.57,West Bengal
19970314,0.0,39.31,22.74,West Bengal
19970315,0.09,39.24,23.71,West Bengal
19970316,0.05,39.87,22.19,West Bengal
19970317,0.0,39.48,22.88,West Bengal
19970318,0.0,39.33,22.62,West Bengal
19970319,0.0,38.97,21.05,West Bengal
19970320,0.0,39.65,23.26,West Bengal
19970321,0.0,38.72,25.0,West Bengal
19970322,0.0,39.25,23.68,West Bengal
19970323,4.96,37.63,24.22,West Bengal
19970324,0.45,36.57,20.33,West Bengal
19970325,3.94,33.25,23.08,West Bengal
19970326,1.33,35.49,19.9,West Bengal
19970327,0.65,33.84,21.66,West Bengal
19970328,0.03,37.64,20.66,West Bengal
19970329,0.06,38.16,22.12,West Bengal
19970330,7.59,35.96,22.7,West Bengal
19970331,38.75,29.84,21.42,West Bengal
19970401,0.03,34.3,21.87,West Bengal
19970402,0.15,34.79,22.31,West Bengal
19970403,7.54,31.14,22.94,West Bengal
19970404,0.93,32.83,21.76,West Bengal
19970405,0.1,35.13,21.36,West Bengal
19970406,0.07,35.4,20.39,West Bengal
19970407,1.09,35.36,21.31,West Bengal
19970408,0.49,35.71,20.95,West Bengal
19970409,0.24,36.48,20.7,West Bengal
19970410,10.0,34.02,22.88,West Bengal
19970411,16.74,32.0,21.63,West Bengal
19970412,19.39,32.02,21.54,West Bengal
19970413,1.11,34.55,20.73,West Bengal
19970414,18.88,33.91,21.65,West Bengal
19970415,14.03,33.27,23.05,West Bengal
19970416,1.17,35.5,23.31,West Bengal
19970417,0.3,37.42,23.01,West Bengal
19970418,2.17,37.37,22.73,West Bengal
19970419,0.01,37.3,21.36,West Bengal
19970420,0.1,38.67,22.13,West Bengal
19970421,0.0,38.1,22.21,West Bengal
19970422,0.0,38.98,23.85,West Bengal
19970423,0.0,39.27,23.86,West Bengal
19970424,1.4,37.22,22.86,West Bengal
19970425,0.03,36.55,23.12,West Bengal
19970426,10.09,33.14,23.7,West Bengal
19970427,6.46,33.66,23.04,West Bengal
19970428,1.5,34.66,24.1,West Bengal
19970429,1.83,35.26,24.29,West Bengal
19970430,1.69,36.08,24.78,West Bengal
19970501,0.34,36.31,24.74,West Bengal
19970502,0.63,36.13,25.8,West Bengal
19970503,0.07,39.8,24.64,West Bengal
19970504,0.0,40.6,24.95,West Bengal
19970505,0.12,40.26,26.17,West Bengal
19970506,0.25,37.95,25.75,West Bengal
19970507,0.0,39.04,24.75,West Bengal
19970508,0.43,39.5,24.98,West Bengal
19970509,3.53,39.79,25.15,West Bengal
19970510,4.93,39.51,25.32,West Bengal
19970511,0.01,41.07,24.24,West Bengal
19970512,0.0,41.87,24.61,West Bengal
19970513,0.0,42.19,26.57,West Bengal
19970514,0.0,41.8,27.09,West Bengal
19970515,1.02,42.29,26.38,West Bengal
19970516,0.4,42.94,26.03,West Bengal
19970517,0.33,40.87,26.87,West Bengal
19970518,0.47,38.88,26.57,West Bengal
19970519,0.0,40.99,26.42,West Bengal
19970520,0.11,43.47,25.83,West Bengal
19970521,0.07,43.78,25.79,West Bengal
19970522,0.2,43.18,26.78,West Bengal
19970523,0.26,41.55,28.61,West Bengal
19970524,17.4,37.96,27.55,West Bengal
19970525,28.65,33.54,26.41,West Bengal
19970526,5.72,36.78,26.24,West Bengal
19970527,3.29,37.94,26.45,West Bengal
19970528,1.69,37.56,26.83,West Bengal
19970529,2.54,38.56,26.49,West Bengal
19970530,18.69,36.24,26.72,West Bengal
19970531,6.11,37.49,26.75,West Bengal
19970601,0.3,38.46,26.64,West Bengal
19970602,0.87,40.72,27.34,West Bengal
19970603,3.32,37.24,27.97,West Bengal
19970604,7.33,37.34,26.64,West Bengal
19970605,0.85,39.47,26.76,West Bengal
19970606,0.09,39.19,28.94,West Bengal
19970607,1.59,40.28,27.18,West Bengal
19970608,1.78,37.04,28.3,West Bengal
19970609,2.02,35.73,27.62,West Bengal
19970610,2.37,37.1,26.89,West Bengal
19970611,7.24,36.77,27.36,West Bengal
19970612,5.77,33.33,26.82,West Bengal
19970613,1.86,32.68,26.32,West Bengal
19970614,4.39,34.13,25.8,West Bengal
19970615,4.91,38.02,26.01,West Bengal
19970616,3.67,36.72,27.2,West Bengal
19970617,2.61,34.4,27.48,West Bengal
19970618,6.86,36.83,27.35,West Bengal
19970619,2.18,36.15,27.09,West Bengal
19970620,2.99,32.49,27.03,West Bengal
19970621,0.64,38.5,26.68,West Bengal
19970622,8.31,34.92,27.3,West Bengal
19970623,11.59,32.53,26.92,West Bengal
19970624,1.89,32.0,26.83,West Bengal
19970625,1.02,33.77,26.68,West Bengal
19970626,15.77,32.01,27.11,West Bengal
19970627,17.22,31.28,26.89,West Bengal
19970628,22.08,32.08,27.19,West Bengal
19970629,12.77,31.89,26.99,West Bengal
19970630,4.61,33.18,27.21,West Bengal
19970701,4.34,31.76,27.35,West Bengal
19970702,13.91,30.69,26.89,West Bengal
19970703,15.27,31.86,26.71,West Bengal
19970704,6.74,32.16,26.2,West Bengal
19970705,2.01,31.19,26.67,West Bengal
19970706,9.93,31.57,26.03,West Bengal
19970707,6.82,31.39,26.6,West Bengal
19970708,11.72,31.55,26.64,West Bengal
19970709,9.6,30.61,26.88,West Bengal
19970710,32.03,30.24,26.58,West Bengal
19970711,22.83,30.68,25.91,West Bengal
19970712,15.48,30.68,25.7,West Bengal
19970713,9.97,29.4,26.17,West Bengal
19970714,14.57,33.04,25.09,West Bengal
19970715,11.41,31.11,26.46,West Bengal
19970716,31.28,32.16,26.46,West Bengal
19970717,28.36,30.22,26.38,West Bengal
19970718,5.18,30.27,25.96,West Bengal
19970719,5.81,31.11,26.65,West Bengal
19970720,21.53,28.76,26.36,West Bengal
19970721,28.86,29.79,26.27,West Bengal
19970722,7.24,30.31,26.74,West Bengal
19970723,2.53,30.07,26.49,West Bengal
19970724,2.25,30.7,26.34,West Bengal
19970725,1.22,30.87,25.98,West Bengal
19970726,0.53,30.96,25.87,West Bengal
19970727,11.65,31.33,26.17,West Bengal
19970728,10.85,31.75,26.52,West Bengal
19970729,4.31,32.2,26.78,West Bengal
19970730,5.78,31.5,26.52,West Bengal
19970731,8.18,31.65,26.53,West Bengal
19970801,4.52,30.78,26.27,West Bengal
19970802,5.19,29.94,26.64,West Bengal
19970803,30.43,31.47,26.59,West Bengal
19970804,15.0,31.31,27.38,West Bengal
19970805,26.75,29.57,25.65,West Bengal
19970806,20.43,30.4,25.79,West Bengal
19970807,1.2,32.53,25.59,West Bengal
19970808,4.07,32.89,26.14,West Bengal
19970809,1.62,30.4,26.38,West Bengal
19970810,12.28,30.16,26.0,West Bengal
19970811,28.69,31.07,25.61,West Bengal
19970812,24.01,29.99,25.91,West Bengal
19970813,26.88,31.03,25.47,West Bengal
19970814,16.86,31.22,24.98,West Bengal
19970815,8.77,31.1,25.13,West Bengal
19970816,19.7,32.1,25.9,West Bengal
19970817,8.44,30.57,26.32,West Bengal
19970818,6.28,31.31,25.64,West Bengal
19970819,2.78,30.71,25.9,West Bengal
19970820,2.7,29.61,25.96,West Bengal
19970821,24.27,29.66,25.29,West Bengal
19970822,19.27,29.53,25.2,West Bengal
19970823,16.99,29.81,24.97,West Bengal
19970824,5.06,31.37,25.25,West Bengal
19970825,2.26,32.41,25.45,West Bengal
19970826,0.13,31.79,26.05,West Bengal
19970827,1.97,30.7,25.65,West Bengal
19970828,8.67,29.89,26.18,West Bengal
19970829,9.97,30.7,26.04,West Bengal
19970830,20.84,29.85,26.13,West Bengal
19970831,10.58,30.93,26.0,West Bengal
19970901,3.02,31.1,25.93,West Bengal
19970902,12.06,31.97,25.7,West Bengal
19970903,11.91,30.71,25.62,West Bengal
19970904,3.1,30.83,25.73,West Bengal
19970905,0.76,29.87,25.16,West Bengal
19970906,5.75,30.8,25.42,West Bengal
19970907,12.76,29.14,25.04,West Bengal
19970908,13.46,30.54,25.17,West Bengal
19970909,6.99,29.3,24.83,West Bengal
19970910,4.19,29.06,24.43,West Bengal
19970911,1.55,30.33,24.1,West Bengal
19970912,0.41,30.54,24.28,West Bengal
19970913,18.67,30.96,24.88,West Bengal
19970914,6.11,30.18,24.88,West Bengal
19970915,0.67,30.3,25.03,West Bengal
19970916,0.27,29.83,24.77,West Bengal
19970917,4.3,30.33,25.05,West Bengal
19970918,4.03,30.96,24.23,West Bengal
19970919,6.28,30.17,25.25,West Bengal
19970920,7.38,29.36,25.51,West Bengal
19970921,3.36,30.86,24.84,West Bengal
19970922,0.77,31.23,25.29,West Bengal
19970923,2.89,29.9,24.6,West Bengal
19970924,2.44,30.51,24.7,West Bengal
19970925,1.07,30.12,25.08,West Bengal
19970926,8.05,29.14,24.06,West Bengal
19970927,0.71,30.59,23.43,West Bengal
19970928,5.57,31.38,22.35,West Bengal
19970929,16.73,29.48,23.88,West Bengal
19970930,13.43,30.33,23.32,West Bengal
19971001,1.0,31.29,21.91,West Bengal
19971002,0.5,30.87,21.6,West Bengal
19971003,1.2,30.73,22.95,West Bengal
19971004,0.67,30.75,22.98,West Bengal
19971005,0.0,30.58,22.06,West Bengal
19971006,0.0,30.49,21.7,West Bengal
19971007,0.16,30.67,21.48,West Bengal
19971008,2.01,31.03,21.32,West Bengal
19971009,5.79,30.8,23.17,West Bengal
19971010,1.1,30.53,23.09,West Bengal
19971011,0.01,30.98,21.99,West Bengal
19971012,1.0,30.9,22.26,West Bengal
19971013,0.41,30.38,22.13,West Bengal
19971014,0.22,30.5,21.41,West Bengal
19971015,0.01,30.29,21.83,West Bengal
19971016,0.0,29.81,20.38,West Bengal
19971017,0.0,30.3,21.01,West Bengal
19971018,0.0,29.24,18.67,West Bengal
19971019,0.0,29.18,19.54,West Bengal
19971020,0.03,29.95,18.74,West Bengal
19971021,0.0,29.74,21.81,West Bengal
19971022,0.0,29.76,20.7,West Bengal
19971023,0.81,29.85,20.2,West Bengal
19971024,0.4,28.49,19.43,West Bengal
19971025,0.0,28.43,18.37,West Bengal
19971026,0.0,27.54,17.76,West Bengal
19971027,0.0,28.18,16.52,West Bengal
19971028,0.0,28.23,19.58,West Bengal
19971029,1.07,28.65,19.73,West Bengal
19971030,0.21,28.12,20.95,West Bengal
19971031,0.01,27.62,19.47,West Bengal
19971101,0.02,28.93,20.06,West Bengal
19971102,0.0,28.82,18.62,West Bengal
19971103,0.0,28.77,17.62,West Bengal
19971104,0.0,28.22,16.34,West Bengal
19971105,0.0,28.15,16.08,West Bengal
19971106,0.0,29.25,17.36,West Bengal
19971107,0.01,29.31,17.59,West Bengal
19971108,0.06,29.58,18.21,West Bengal
19971109,0.93,29.64,19.54,West Bengal
19971110,0.53,29.19,21.28,West Bengal
19971111,0.01,29.37,20.48,West Bengal
19971112,1.84,28.56,18.63,West Bengal
19971113,2.28,28.83,18.82,West Bengal
19971114,1.14,28.47,19.15,West Bengal
19971115,0.02,27.67,17.05,West Bengal
19971116,0.0,27.02,17.14,West Bengal
19971117,0.0,26.61,14.53,West Bengal
19971118,0.02,26.5,15.21,West Bengal
19971119,1.21,28.24,16.9,West Bengal
19971120,0.47,26.7,18.09,West Bengal
19971121,0.0,28.08,17.24,West Bengal
19971122,0.0,27.74,15.49,West Bengal
19971123,0.0,28.29,15.38,West Bengal
19971124,0.01,28.56,17.64,West Bengal
19971125,0.0,29.04,18.76,West Bengal
19971126,0.22,28.33,18.66,West Bengal
19971127,0.44,28.2,19.34,West Bengal
19971128,0.21,27.86,17.99,West Bengal
19971129,0.12,24.22,15.04,West Bengal
19971130,0.17,24.2,15.69,West Bengal
19971201,3.39,24.52,16.38,West Bengal
19971202,0.19,25.76,14.72,West Bengal
19971203,0.0,25.86,13.64,West Bengal
19971204,0.24,24.71,14.46,West Bengal
19971205,0.0,25.93,13.34,West Bengal
19971206,0.0,27.5,14.44,West Bengal
19971207,0.0,27.16,14.82,West Bengal
19971208,0.03,27.33,16.75,West Bengal
19971209,1.23,24.65,17.9,West Bengal
19971210,3.91,21.46,15.16,West Bengal
19971211,0.01,24.59,12.63,West Bengal
19971212,0.0,24.21,11.96,West Bengal
19971213,0.94,23.95,11.87,West Bengal
19971214,2.92,20.81,14.6,West Bengal
19971215,0.0,24.6,12.73,West Bengal
19971216,0.0,24.54,11.46,West Bengal
19971217,0.0,24.62,10.62,West Bengal
19971218,0.0,25.03,10.62,West Bengal
19971219,0.0,24.4,9.48,West Bengal
19971220,0.0,23.99,9.36,West Bengal
19971221,0.0,22.64,11.1,West Bengal
19971222,0.0,21.65,8.07,West Bengal
19971223,0.0,22.7,7.7,West Bengal
19971224,0.0,22.59,9.08,West Bengal
19971225,0.0,23.1,7.85,West Bengal
19971226,0.0,24.31,8.19,West Bengal
19971227,0.0,24.37,8.62,West Bengal
19971228,0.12,24.65,10.7,West Bengal
19971229,0.02,25.26,12.86,West Bengal
19971230,0.05,26.59,13.38,West Bengal
19971231,0.34,24.15,14.72,West Bengal
19980101,0.0,24.39,11.1,West Bengal
19980102,0.0,23.09,9.64,West Bengal
19980103,0.0,22.94,7.41,West Bengal
19980104,0.08,23.43,6.1,West Bengal
19980105,0.0,23.49,6.44,West Bengal
19980106,0.0,24.04,7.07,West Bengal
19980107,0.0,23.99,7.6,West Bengal
19980108,0.0,24.2,8.54,West Bengal
19980109,0.0,23.78,8.08,West Bengal
19980110,0.0,24.75,8.84,West Bengal
19980111,0.0,24.7,9.33,West Bengal
19980112,0.0,26.09,8.75,West Bengal
19980113,0.0,28.38,11.43,West Bengal
19980114,0.0,27.93,12.96,West Bengal
19980115,0.0,25.11,9.74,West Bengal
19980116,0.0,27.51,11.1,West Bengal
19980117,0.17,28.44,13.39,West Bengal
19980118,3.39,21.34,15.63,West Bengal
19980119,6.81,19.69,14.1,West Bengal
19980120,9.5,20.17,11.88,West Bengal
19980121,12.01,16.41,10.81,West Bengal
19980122,0.0,23.15,8.64,West Bengal
19980123,0.0,23.4,8.28,West Bengal
19980124,0.0,23.43,8.41,West Bengal
19980125,0.67,24.3,10.36,West Bengal
19980126,2.21,25.97,13.19,West Bengal
19980127,0.28,26.59,14.73,West Bengal
19980128,1.22,23.87,16.43,West Bengal
19980129,1.24,27.27,15.26,West Bengal
19980130,0.62,28.03,15.86,West Bengal
19980131,0.0,27.19,13.13,West Bengal
19980201,0.0,26.37,12.14,West Bengal
19980202,0.0,27.95,12.06,West Bengal
19980203,0.0,29.58,13.58,West Bengal
19980204,1.88,27.78,16.56,West Bengal
19980205,0.06,27.76,10.97,West Bengal
19980206,0.0,26.86,10.17,West Bengal
19980207,0.03,20.97,12.63,West Bengal
19980208,0.0,27.6,10.62,West Bengal
19980209,0.0,27.22,10.31,West Bengal
19980210,0.0,27.72,9.19,West Bengal
19980211,0.0,28.14,9.3,West Bengal
19980212,0.0,28.62,10.26,West Bengal
19980213,0.0,29.08,11.28,West Bengal
19980214,0.0,29.28,12.01,West Bengal
19980215,0.0,31.21,12.47,West Bengal
19980216,0.01,32.96,14.77,West Bengal
19980217,0.43,33.66,19.05,West Bengal
19980218,0.6,32.21,19.01,West Bengal
19980219,0.08,32.84,18.96,West Bengal
19980220,0.39,32.04,19.23,West Bengal
19980221,0.07,31.72,15.11,West Bengal
19980222,0.38,31.76,16.1,West Bengal
19980223,0.05,31.33,18.71,West Bengal
19980224,2.41,31.56,19.0,West Bengal
19980225,18.95,31.52,19.82,West Bengal
19980226,4.38,32.43,21.23,West Bengal
19980227,1.14,32.18,20.3,West Bengal
19980228,0.0,31.09,15.52,West Bengal
19980301,0.0,30.09,15.42,West Bengal
19980302,0.0,29.98,13.18,West Bengal
19980303,0.0,30.85,12.66,West Bengal
19980304,0.0,31.72,12.85,West Bengal
19980305,0.0,34.04,15.06,West Bengal
19980306,0.74,34.73,17.34,West Bengal
19980307,2.7,32.14,21.82,West Bengal
19980308,0.0,31.03,15.4,West Bengal
19980309,0.0,31.64,13.78,West Bengal
19980310,0.0,33.5,13.93,West Bengal
19980311,0.42,35.16,16.33,West Bengal
19980312,15.21,35.53,20.15,West Bengal
19980313,14.05,31.64,21.01,West Bengal
19980314,21.25,31.52,18.98,West Bengal
19980315,0.0,31.95,15.11,West Bengal
19980316,0.0,32.87,15.41,West Bengal
19980317,0.0,34.13,16.78,West Bengal
19980318,0.21,32.62,17.34,West Bengal
19980319,0.0,33.58,17.48,West Bengal
19980320,0.0,34.34,16.64,West Bengal
19980321,0.0,35.67,19.48,West Bengal
19980322,0.05,36.87,20.56,West Bengal
19980323,39.05,36.12,22.92,West Bengal
19980324,24.79,31.46,24.59,West Bengal
19980325,2.54,30.37,19.18,West Bengal
19980326,0.0,31.79,14.38,West Bengal
19980327,0.0,31.85,16.24,West Bengal
19980328,0.0,32.63,17.66,West Bengal
19980329,9.62,32.45,19.92,West Bengal
19980330,18.52,29.42,21.4,West Bengal
19980331,0.43,30.08,17.96,West Bengal
19980401,0.0,32.19,19.17,West Bengal
19980402,0.0,33.37,17.13,West Bengal
19980403,0.0,33.86,17.6,West Bengal
19980404,0.0,34.44,19.72,West Bengal
19980405,0.03,33.96,21.2,West Bengal
19980406,1.57,36.3,22.45,West Bengal
19980407,1.9,36.33,22.71,West Bengal
19980408,4.57,35.59,22.68,West Bengal
19980409,7.24,35.84,23.57,West Bengal
19980410,0.91,38.03,24.09,West Bengal
19980411,0.0,39.67,22.91,West Bengal
19980412,0.0,40.11,23.37,West Bengal
19980413,0.0,39.29,22.92,West Bengal
19980414,0.12,38.25,23.04,West Bengal
19980415,0.71,39.81,24.0,West Bengal
19980416,0.35,35.42,23.93,West Bengal
19980417,0.01,39.32,24.38,West Bengal
19980418,0.08,39.63,22.78,West Bengal
19980419,0.42,39.41,24.26,West Bengal
19980420,1.19,39.5,24.21,West Bengal
19980421,0.07,39.94,25.93,West Bengal
19980422,2.84,39.26,26.27,West Bengal
19980423,2.22,39.95,25.6,West Bengal
19980424,1.79,38.11,25.53,West Bengal
19980425,2.22,35.05,25.61,West Bengal
19980426,0.2,38.35,24.72,West Bengal
19980427,1.36,38.71,25.14,West Bengal
19980428,0.54,39.6,25.69,West Bengal
19980429,0.31,40.44,26.39,West Bengal
19980430,0.0,42.24,25.79,West Bengal
19980501,8.11,39.92,25.47,West Bengal
19980502,4.37,39.14,25.48,West Bengal
19980503,1.02,38.45,25.48,West Bengal
19980504,1.1,38.43,26.42,West Bengal
19980505,1.38,38.11,25.71,West Bengal
19980506,0.48,36.62,26.44,West Bengal
19980507,6.53,36.86,26.08,West Bengal
19980508,1.2,41.11,26.23,West Bengal
19980509,1.77,41.1,26.54,West Bengal
19980510,0.93,40.33,26.17,West Bengal
19980511,0.03,39.01,26.88,West Bengal
19980512,0.0,40.29,26.21,West Bengal
19980513,0.0,41.73,25.55,West Bengal
19980514,0.0,42.28,25.13,West Bengal
19980515,0.17,42.06,27.66,West Bengal
19980516,5.12,40.37,26.91,West Bengal
19980517,1.83,38.24,26.85,West Bengal
19980518,2.36,38.78,26.79,West Bengal
19980519,0.41,37.81,27.37,West Bengal
19980520,0.09,41.61,27.95,West Bengal
19980521,0.07,39.66,29.52,West Bengal
19980522,0.7,42.87,27.96,West Bengal
19980523,0.29,40.22,28.68,West Bengal
19980524,1.72,40.81,28.46,West Bengal
19980525,10.73,35.24,28.26,West Bengal
19980526,28.05,35.18,27.45,West Bengal
19980527,8.67,37.86,27.38,West Bengal
19980528,1.06,40.23,28.13,West Bengal
19980529,1.19,42.22,28.4,West Bengal
19980530,0.46,43.01,28.51,West Bengal
19980531,1.92,42.85,28.71,West Bengal
19980601,0.05,42.2,29.09,West Bengal
19980602,0.1,41.35,27.89,West Bengal
19980603,0.32,37.18,28.58,West Bengal
19980604,3.67,37.9,28.13,West Bengal
19980605,1.99,36.05,28.31,West Bengal
19980606,0.32,39.22,27.61,West Bengal
19980607,0.0,41.78,28.26,West Bengal
19980608,0.0,43.2,28.26,West Bengal
19980609,0.0,45.72,29.34,West Bengal
19980610,0.08,44.51,29.74,West Bengal
19980611,0.17,39.78,29.43,West Bengal
19980612,1.11,34.51,28.26,West Bengal
19980613,2.73,31.88,27.67,West Bengal
19980614,6.25,33.31,27.5,West Bengal
19980615,7.36,32.81,27.45,West Bengal
19980616,2.28,32.32,27.35,West Bengal
19980617,0.11,34.93,27.33,West Bengal
19980618,25.06,34.02,27.51,West Bengal
19980619,13.07,33.7,27.38,West Bengal
19980620,8.19,32.2,27.6,West Bengal
19980621,5.96,32.17,27.17,West Bengal
19980622,6.11,34.74,27.26,West Bengal
19980623,5.33,33.13,27.63,West Bengal
19980624,7.91,34.83,27.48,West Bengal
19980625,10.51,33.19,27.82,West Bengal
19980626,5.07,32.59,27.66,West Bengal
19980627,3.85,32.82,27.38,West Bengal
19980628,2.58,32.68,27.52,West Bengal
19980629,2.96,33.65,27.11,West Bengal
19980630,1.02,35.08,27.14,West Bengal
19980701,2.24,33.75,27.83,West Bengal
19980702,2.22,32.31,27.34,West Bengal
19980703,14.78,34.04,27.35,West Bengal
19980704,9.65,33.48,26.86,West Bengal
19980705,1.29,32.81,27.5,West Bengal
19980706,10.36,33.44,26.91,West Bengal
19980707,18.75,32.75,26.78,West Bengal
19980708,20.11,32.26,26.29,West Bengal
19980709,8.61,33.27,27.0,West Bengal
19980710,3.09,32.33,27.24,West Bengal
19980711,5.33,32.4,26.92,West Bengal
19980712,6.61,33.41,26.68,West Bengal
19980713,6.3,31.72,27.01,West Bengal
19980714,14.01,31.34,26.93,West Bengal
19980715,22.6,30.49,26.61,West Bengal
19980716,11.67,31.42,26.19,West Bengal
19980717,17.45,31.15,26.07,West Bengal
19980718,7.47,31.24,26.39,West Bengal
19980719,6.62,31.85,25.88,West Bengal
19980720,2.65,33.09,25.64,West Bengal
19980721,17.58,33.28,26.56,West Bengal
19980722,5.8,32.65,26.97,West Bengal
19980723,3.22,32.69,27.15,West Bengal
19980724,2.01,32.98,27.08,West Bengal
19980725,2.45,31.32,26.66,West Bengal
19980726,0.69,33.19,26.49,West Bengal
19980727,0.99,31.51,26.59,West Bengal
19980728,7.19,32.14,26.78,West Bengal
19980729,5.86,33.22,26.77,West Bengal
19980730,1.38,31.77,26.27,West Bengal
19980731,0.99,31.97,26.48,West Bengal
19980801,5.8,31.2,26.51,West Bengal
19980802,10.59,30.87,26.51,West Bengal
19980803,6.6,30.67,26.59,West Bengal
19980804,8.12,31.67,26.1,West Bengal
19980805,5.96,30.73,26.66,West Bengal
19980806,3.66,31.66,26.15,West Bengal
19980807,2.29,30.77,26.2,West Bengal
19980808,2.07,32.46,26.69,West Bengal
19980809,1.06,32.02,26.46,West Bengal
19980810,5.04,32.15,26.66,West Bengal
19980811,2.92,31.43,26.73,West Bengal
19980812,20.01,30.34,26.9,West Bengal
19980813,25.95,31.21,26.85,West Bengal
19980814,10.38,30.57,26.59,West Bengal
19980815,8.29,32.07,26.4,West Bengal
19980816,2.33,30.73,26.41,West Bengal
19980817,6.71,30.47,26.63,West Bengal
19980818,8.04,31.42,26.22,West Bengal
19980819,8.95,31.98,25.34,West Bengal
19980820,4.43,31.67,25.84,West Bengal
19980821,0.18,33.03,25.17,West Bengal
19980822,1.02,32.1,25.02,West Bengal
19980823,2.16,31.1,26.39,West Bengal
19980824,1.55,30.15,26.26,West Bengal
19980825,1.46,30.03,25.91,West Bengal
19980826,3.67,30.27,25.75,West Bengal
19980827,1.13,31.38,25.6,West Bengal
19980828,12.71,32.15,25.58,West Bengal
19980829,5.2,31.75,25.88,West Bengal
19980830,17.65,29.77,26.3,West Bengal
19980831,19.21,31.31,26.11,West Bengal
19980901,9.77,31.16,26.43,West Bengal
19980902,2.63,30.3,26.73,West Bengal
19980903,1.93,30.86,26.19,West Bengal
19980904,1.71,30.98,26.04,West Bengal
19980905,14.28,31.05,25.59,West Bengal
19980906,13.24,29.63,25.74,West Bengal
19980907,11.1,29.79,25.02,West Bengal
19980908,23.87,28.57,24.66,West Bengal
19980909,26.87,28.13,25.26,West Bengal
19980910,19.13,28.78,25.64,West Bengal
19980911,30.24,29.29,25.46,West Bengal
19980912,9.98,29.09,24.96,West Bengal
19980913,10.5,30.67,24.65,West Bengal
19980914,2.26,31.13,24.63,West Bengal
19980915,0.01,31.53,24.38,West Bengal
19980916,0.45,32.55,24.79,West Bengal
19980917,0.35,30.65,25.85,West Bengal
19980918,0.12,31.81,25.33,West Bengal
19980919,0.33,30.2,25.97,West Bengal
19980920,4.48,29.18,25.42,West Bengal
19980921,10.0,30.12,24.89,West Bengal
19980922,2.84,30.71,24.9,West Bengal
19980923,0.26,31.65,24.86,West Bengal
19980924,0.66,29.78,24.93,West Bengal
19980925,0.25,31.43,25.37,West Bengal
19980926,0.0,32.06,25.92,West Bengal
19980927,0.32,33.03,24.88,West Bengal
19980928,2.61,30.71,26.01,West Bengal
19980929,1.65,31.22,24.58,West Bengal
19980930,0.59,29.0,24.74,West Bengal
19981001,0.84,30.78,23.75,West Bengal
19981002,7.11,30.4,24.73,West Bengal
19981003,14.54,29.4,24.83,West Bengal
19981004,9.83,30.24,24.34,West Bengal
19981005,0.74,31.86,23.71,West Bengal
19981006,0.0,32.97,23.3,West Bengal
19981007,0.0,32.75,23.58,West Bengal
19981008,0.02,33.45,23.98,West Bengal
19981009,0.17,32.93,24.68,West Bengal
19981010,1.09,32.74,24.84,West Bengal
19981011,0.77,31.87,25.07,West Bengal
19981012,0.28,32.36,25.29,West Bengal
19981013,0.63,31.89,25.99,West Bengal
19981014,5.06,29.87,25.15,West Bengal
19981015,4.45,28.68,24.66,West Bengal
19981016,2.52,29.0,25.11,West Bengal
19981017,2.99,30.08,25.06,West Bengal
19981018,2.35,31.86,24.81,West Bengal
19981019,10.84,30.58,25.27,West Bengal
19981020,17.18,28.95,25.69,West Bengal
19981021,2.82,29.94,24.21,West Bengal
19981022,11.0,31.14,23.81,West Bengal
19981023,1.68,30.44,23.02,West Bengal
19981024,0.01,30.64,21.47,West Bengal
19981025,0.02,30.48,21.81,West Bengal
19981026,0.2,31.27,22.63,West Bengal
19981027,0.0,30.11,20.46,West Bengal
19981028,0.0,29.3,16.93,West Bengal
19981029,0.02,27.67,17.09,West Bengal
19981030,45.69,27.18,19.63,West Bengal
19981031,4.23,27.77,20.56,West Bengal
19981101,4.83,28.71,21.44,West Bengal
19981102,1.36,30.06,21.28,West Bengal
19981103,0.01,28.76,19.4,West Bengal
19981104,0.0,28.42,17.28,West Bengal
19981105,0.0,29.31,18.06,West Bengal
19981106,0.0,29.22,18.24,West Bengal
19981107,0.0,29.34,17.72,West Bengal
19981108,0.0,29.97,19.84,West Bengal
19981109,0.27,28.84,20.43,West Bengal
19981110,28.25,28.05,21.4,West Bengal
19981111,2.77,28.26,19.73,West Bengal
19981112,0.0,27.8,18.84,West Bengal
19981113,0.0,27.03,16.64,West Bengal
19981114,0.0,25.81,15.63,West Bengal
19981115,0.01,26.65,16.81,West Bengal
19981116,7.79,27.78,19.44,West Bengal
19981117,2.52,29.95,20.89,West Bengal
19981118,0.0,29.23,21.25,West Bengal
19981119,0.0,28.99,19.44,West Bengal
19981120,0.0,28.55,18.64,West Bengal
19981121,9.72,27.06,20.08,West Bengal
19981122,49.46,27.18,22.71,West Bengal
19981123,2.25,28.51,21.33,West Bengal
19981124,0.0,28.31,18.8,West Bengal
19981125,0.0,26.78,13.74,West Bengal
19981126,0.0,26.22,12.63,West Bengal
19981127,0.0,25.26,10.84,West Bengal
19981128,0.0,25.45,11.81,West Bengal
19981129,0.0,25.04,11.69,West Bengal
19981130,0.0,24.69,11.68,West Bengal
19981201,0.0,24.99,11.12,West Bengal
19981202,0.0,25.06,10.88,West Bengal
19981203,0.0,24.73,9.79,West Bengal
19981204,0.0,24.74,9.23,West Bengal
19981205,0.0,24.14,9.22,West Bengal
19981206,0.0,24.59,10.9,West Bengal
19981207,0.0,24.34,11.67,West Bengal
19981208,0.0,24.78,12.19,West Bengal
19981209,0.0,24.82,13.69,West Bengal
19981210,0.0,25.14,14.68,West Bengal
19981211,0.0,25.07,12.86,West Bengal
19981212,0.0,24.8,12.9,West Bengal
19981213,0.0,25.04,12.66,West Bengal
19981214,0.0,25.6,13.37,West Bengal
19981215,0.0,25.52,12.29,West Bengal
19981216,0.0,24.77,11.64,West Bengal
19981217,0.0,24.23,10.34,West Bengal
19981218,0.0,23.99,11.06,West Bengal
19981219,0.0,23.18,9.3,West Bengal
19981220,0.0,23.33,8.96,West Bengal
19981221,0.0,23.95,8.16,West Bengal
19981222,0.0,24.99,10.98,West Bengal
19981223,0.0,24.71,12.75,West Bengal
19981224,0.0,23.55,10.82,West Bengal
19981225,0.0,23.22,8.52,West Bengal
19981226,0.0,23.28,8.18,West Bengal
19981227,0.0,23.28,7.77,West Bengal
19981228,0.0,22.62,7.43,West Bengal
19981229,0.0,22.21,6.86,West Bengal
19981230,0.0,22.66,7.28,West Bengal
19981231,0.0,22.96,8.88,West Bengal
19990101,0.0,23.06,8.63,West Bengal
19990102,0.0,22.67,7.63,West Bengal
19990103,0.0,23.36,7.86,West Bengal
19990104,0.0,23.65,8.07,West Bengal
19990105,0.0,24.49,10.57,West Bengal
19990106,0.0,23.48,12.94,West Bengal
19990107,0.0,24.84,12.4,West Bengal
19990108,0.0,25.58,12.56,West Bengal
19990109,0.0,24.34,11.32,West Bengal
19990110,0.0,22.33,10.03,West Bengal
19990111,0.0,21.91,7.06,West Bengal
19990112,0.0,22.6,7.25,West Bengal
19990113,0.0,22.94,7.36,West Bengal
19990114,0.0,23.68,7.06,West Bengal
19990115,0.0,23.27,7.25,West Bengal
19990116,0.0,23.86,7.09,West Bengal
19990117,0.0,23.95,6.91,West Bengal
19990118,0.0,23.01,6.73,West Bengal
19990119,0.0,23.63,6.16,West Bengal
19990120,0.0,24.68,7.6,West Bengal
19990121,0.0,25.69,8.75,West Bengal
19990122,0.0,26.39,9.38,West Bengal
19990123,0.0,27.75,10.42,West Bengal
19990124,0.0,28.35,10.97,West Bengal
19990125,0.0,28.15,12.18,West Bengal
19990126,0.0,26.12,10.62,West Bengal
19990127,0.0,25.18,7.64,West Bengal
19990128,0.0,25.96,8.22,West Bengal
19990129,0.0,27.12,11.57,West Bengal
19990130,0.0,26.95,10.13,West Bengal
19990131,0.0,26.54,9.16,West Bengal
19990201,0.0,26.78,8.95,West Bengal
19990202,0.0,27.83,8.81,West Bengal
19990203,0.0,29.1,9.87,West Bengal
19990204,0.0,31.16,12.08,West Bengal
19990205,0.0,30.4,13.56,West Bengal
19990206,0.0,29.54,14.23,West Bengal
19990207,0.0,28.93,10.57,West Bengal
19990208,0.0,29.77,9.9,West Bengal
19990209,0.0,29.27,10.88,West Bengal
19990210,0.0,31.77,15.54,West Bengal
19990211,0.0,33.01,14.78,West Bengal
19990212,0.0,33.26,15.16,West Bengal
19990213,0.0,32.43,15.84,West Bengal
19990214,0.0,32.25,14.98,West Bengal
19990215,0.0,32.2,14.95,West Bengal
19990216,0.0,32.24,15.37,West Bengal
19990217,0.0,33.02,13.67,West Bengal
19990218,0.0,33.34,13.94,West Bengal
19990219,0.05,34.18,14.48,West Bengal
19990220,0.0,32.34,15.67,West Bengal
19990221,0.0,32.73,16.75,West Bengal
19990222,0.0,33.56,15.51,West Bengal
19990223,0.0,33.15,14.54,West Bengal
19990224,0.0,33.97,16.1,West Bengal
19990225,0.0,35.61,17.2,West Bengal
19990226,0.0,36.03,19.0,West Bengal
19990227,0.0,35.94,18.74,West Bengal
19990228,0.0,34.67,16.8,West Bengal
19990301,0.03,34.17,16.61,West Bengal
19990302,0.0,33.97,16.48,West Bengal
19990303,0.0,34.03,15.23,West Bengal
19990304,0.0,34.86,16.44,West Bengal
19990305,0.0,35.52,16.17,West Bengal
19990306,0.0,35.88,16.7,West Bengal
19990307,0.0,37.65,16.91,West Bengal
19990308,0.0,38.94,16.32,West Bengal
19990309,0.0,40.24,18.25,West Bengal
19990310,0.0,40.43,19.59,West Bengal
19990311,0.0,39.37,20.73,West Bengal
19990312,0.0,39.29,21.17,West Bengal
19990313,0.0,37.63,20.41,West Bengal
19990314,0.0,36.47,17.65,West Bengal
19990315,0.0,36.43,16.84,West Bengal
19990316,0.0,36.86,15.08,West Bengal
19990317,0.0,39.02,18.23,West Bengal
19990318,0.0,40.58,20.14,West Bengal
19990319,0.0,38.88,17.44,West Bengal
19990320,0.0,38.75,15.79,West Bengal
19990321,0.0,37.62,16.85,West Bengal
19990322,0.0,37.93,17.97,West Bengal
19990323,0.0,37.86,20.15,West Bengal
19990324,0.0,38.13,18.77,West Bengal
19990325,0.0,40.01,21.42,West Bengal
19990326,3.46,39.07,23.1,West Bengal
19990327,1.19,38.66,22.04,West Bengal
19990328,0.0,38.83,16.59,West Bengal
19990329,0.0,38.62,18.3,West Bengal
19990330,0.0,39.13,21.16,West Bengal
19990331,0.0,39.81,22.76,West Bengal
19990401,0.11,41.52,22.64,West Bengal
19990402,0.0,42.22,22.82,West Bengal
19990403,0.0,42.66,22.58,West Bengal
19990404,0.0,43.33,23.34,West Bengal
19990405,0.0,42.53,23.01,West Bengal
19990406,0.01,42.56,23.73,West Bengal
19990407,0.01,41.83,24.68,West Bengal
19990408,0.11,41.16,24.19,West Bengal
19990409,0.36,41.01,24.55,West Bengal
19990410,0.19,40.43,24.62,West Bengal
19990411,0.0,41.53,24.81,West Bengal
19990412,0.0,41.07,25.65,West Bengal
19990413,0.0,41.3,26.6,West Bengal
19990414,0.01,42.07,27.05,West Bengal
19990415,0.0,43.75,26.17,West Bengal
19990416,0.0,42.98,24.2,West Bengal
19990417,0.0,42.8,24.57,West Bengal
19990418,0.0,42.7,25.4,West Bengal
19990419,0.0,43.32,24.9,West Bengal
19990420,0.0,43.7,24.84,West Bengal
19990421,0.0,43.0,25.15,West Bengal
19990422,0.0,43.18,25.07,West Bengal
19990423,0.0,43.91,25.21,West Bengal
19990424,0.02,44.76,26.05,West Bengal
19990425,0.0,46.24,26.1,West Bengal
19990426,0.0,45.87,26.38,West Bengal
19990427,0.0,44.93,26.84,West Bengal
19990428,0.0,45.26,26.49,West Bengal
19990429,0.0,43.9,26.81,West Bengal
19990430,0.0,43.33,26.46,West Bengal
19990501,0.39,37.52,26.99,West Bengal
19990502,0.08,41.85,27.26,West Bengal
19990503,0.4,41.95,27.06,West Bengal
19990504,0.99,41.37,27.11,West Bengal
19990505,0.49,42.66,26.94,West Bengal
19990506,0.18,42.97,27.29,West Bengal
19990507,0.28,45.74,27.77,West Bengal
19990508,0.08,44.69,28.35,West Bengal
19990509,14.26,40.92,28.43,West Bengal
19990510,1.77,36.75,26.89,West Bengal
19990511,6.76,36.63,26.69,West Bengal
19990512,3.31,37.96,25.76,West Bengal
19990513,0.23,40.44,26.7,West Bengal
19990514,10.17,38.22,26.87,West Bengal
19990515,8.43,35.27,26.48,West Bengal
19990516,1.02,38.81,25.23,West Bengal
19990517,0.73,39.67,26.43,West Bengal
19990518,0.36,39.89,26.51,West Bengal
19990519,1.87,38.8,27.39,West Bengal
19990520,0.53,37.9,26.84,West Bengal
19990521,0.04,38.79,26.87,West Bengal
19990522,0.02,37.29,27.96,West Bengal
19990523,1.08,37.48,27.88,West Bengal
19990524,1.15,34.82,28.02,West Bengal
19990525,0.04,35.56,27.15,West Bengal
19990526,2.41,33.11,27.8,West Bengal
19990527,4.5,32.46,27.05,West Bengal
19990528,17.16,34.26,26.92,West Bengal
19990529,34.45,31.3,25.98,West Bengal
19990530,0.35,37.47,25.84,West Bengal
19990531,0.0,42.81,27.09,West Bengal
19990601,0.38,42.99,27.79,West Bengal
19990602,0.24,39.59,28.28,West Bengal
19990603,0.13,37.14,27.65,West Bengal
19990604,0.22,36.67,26.78,West Bengal
19990605,0.22,39.7,26.78,West Bengal
19990606,0.9,40.51,26.34,West Bengal
19990607,1.79,38.15,28.45,West Bengal
19990608,1.43,38.7,27.37,West Bengal
19990609,6.01,34.82,27.81,West Bengal
19990610,34.84,31.64,27.26,West Bengal
19990611,29.26,30.01,26.35,West Bengal
19990612,10.9,33.84,26.08,West Bengal
19990613,2.07,32.78,26.52,West Bengal
19990614,1.19,33.02,26.79,West Bengal
19990615,0.94,32.52,26.09,West Bengal
19990616,9.5,31.33,26.03,West Bengal
19990617,12.91,33.09,26.42,West Bengal
19990618,4.52,33.08,26.2,West Bengal
19990619,5.06,32.39,25.87,West Bengal
19990620,2.67,33.78,26.0,West Bengal
19990621,1.34,34.17,26.14,West Bengal
19990622,20.37,33.79,26.61,West Bengal
19990623,13.55,31.42,25.91,West Bengal
19990624,11.93,33.7,25.35,West Bengal
19990625,21.38,33.68,26.01,West Bengal
19990626,4.47,30.71,26.01,West Bengal
19990627,4.1,32.26,26.03,West Bengal
19990628,4.52,32.7,25.5,West Bengal
19990629,1.4,32.88,25.76,West Bengal
19990630,2.56,33.72,25.47,West Bengal
19990701,10.61,33.33,26.43,West Bengal
19990702,15.35,33.83,26.24,West Bengal
19990703,32.62,30.93,26.06,West Bengal
19990704,17.81,30.38,25.46,West Bengal
19990705,5.16,32.47,25.29,West Bengal
19990706,3.2,31.62,26.19,West Bengal
19990707,2.35,32.93,25.95,West Bengal
19990708,0.31,32.03,25.8,West Bengal
19990709,5.28,31.59,26.2,West Bengal
19990710,17.93,32.15,26.04,West Bengal
19990711,32.83,29.75,26.8,West Bengal
19990712,30.55,30.07,26.65,West Bengal
19990713,12.77,31.64,26.26,West Bengal
19990714,5.74,32.85,26.33,West Bengal
19990715,0.95,31.9,26.17,West Bengal
19990716,1.22,31.86,25.46,West Bengal
19990717,2.3,31.16,25.66,West Bengal
19990718,5.29,30.38,26.38,West Bengal
19990719,16.76,30.12,26.36,West Bengal
19990720,10.44,30.4,26.31,West Bengal
19990721,8.61,31.49,25.91,West Bengal
19990722,14.96,30.71,25.88,West Bengal
19990723,10.55,30.43,26.0,West Bengal
19990724,0.87,32.15,26.0,West Bengal
19990725,1.43,33.04,26.22,West Bengal
19990726,3.51,31.43,26.43,West Bengal
19990727,10.84,31.89,25.96,West Bengal
19990728,5.17,31.16,25.74,West Bengal
19990729,0.26,31.75,26.15,West Bengal
19990730,8.21,29.75,25.94,West Bengal
19990731,10.47,29.8,25.83,West Bengal
19990801,3.62,30.69,25.96,West Bengal
19990802,20.0,30.76,25.87,West Bengal
19990803,19.22,31.66,25.96,West Bengal
19990804,2.93,31.59,25.89,West Bengal
19990805,1.93,31.96,26.28,West Bengal
19990806,12.8,31.29,26.22,West Bengal
19990807,16.13,30.71,26.43,West Bengal
19990808,6.95,31.46,26.11,West Bengal
19990809,5.26,30.7,25.84,West Bengal
19990810,2.83,31.96,25.8,West Bengal
19990811,8.44,32.15,25.9,West Bengal
19990812,15.67,31.93,26.5,West Bengal
19990813,29.75,30.03,26.11,West Bengal
19990814,36.61,30.61,25.5,West Bengal
19990815,25.19,31.58,25.67,West Bengal
19990816,8.4,30.71,24.63,West Bengal
19990817,5.97,30.34,24.96,West Bengal
19990818,26.85,29.59,24.97,West Bengal
19990819,15.47,30.54,25.36,West Bengal
19990820,8.42,31.36,25.49,West Bengal
19990821,5.54,31.79,25.91,West Bengal
19990822,0.42,31.3,26.11,West Bengal
19990823,0.07,32.19,25.21,West Bengal
19990824,1.33,29.66,26.01,West Bengal
19990825,4.61,29.87,25.34,West Bengal
19990826,5.68,30.1,24.71,West Bengal
19990827,1.47,29.59,25.64,West Bengal
19990828,3.64,29.37,25.16,West Bengal
19990829,15.91,30.6,25.37,West Bengal
19990830,5.72,30.64,25.9,West Bengal
19990831,0.87,29.64,25.94,West Bengal
19990901,1.64,31.0,25.42,West Bengal
19990902,2.05,31.14,25.39,West Bengal
19990903,3.23,31.67,25.57,West Bengal
19990904,16.76,31.16,26.3,West Bengal
19990905,2.49,31.06,25.87,West Bengal
19990906,0.0,31.5,25.14,West Bengal
19990907,0.96,31.17,25.33,West Bengal
19990908,4.56,29.32,25.57,West Bengal
19990909,6.4,28.6,24.84,West Bengal
19990910,18.35,29.05,24.99,West Bengal
19990911,18.42,28.36,25.16,West Bengal
19990912,18.09,28.83,25.5,West Bengal
19990913,16.46,28.63,25.26,West Bengal
19990914,2.39,28.19,25.51,West Bengal
19990915,1.82,29.79,24.93,West Bengal
19990916,29.81,30.92,24.87,West Bengal
19990917,9.25,30.31,24.98,West Bengal
19990918,2.76,29.37,25.22,West Bengal
19990919,1.26,29.23,25.1,West Bengal
19990920,13.38,30.7,24.98,West Bengal
19990921,9.91,30.9,24.61,West Bengal
19990922,38.38,28.62,25.07,West Bengal
19990923,62.12,28.63,25.75,West Bengal
19990924,55.72,28.71,25.32,West Bengal
19990925,25.7,28.67,25.05,West Bengal
19990926,10.85,27.88,25.09,West Bengal
19990927,5.05,28.02,25.07,West Bengal
19990928,0.98,30.45,23.71,West Bengal
19990929,0.36,31.21,23.57,West Bengal
19990930,0.64,30.45,23.95,West Bengal
19991001,1.41,28.91,24.17,West Bengal
19991002,0.74,29.65,24.09,West Bengal
19991003,1.96,29.08,23.95,West Bengal
19991004,0.83,29.63,24.37,West Bengal
19991005,11.69,28.57,24.03,West Bengal
19991006,11.18,28.04,23.87,West Bengal
19991007,2.69,28.83,24.1,West Bengal
19991008,4.67,29.68,24.5,West Bengal
19991009,0.43,30.7,23.01,West Bengal
19991010,0.0,30.76,22.27,West Bengal
19991011,0.0,30.39,20.68,West Bengal
19991012,0.0,30.23,19.85,West Bengal
19991013,1.17,30.22,22.28,West Bengal
19991014,20.17,27.29,23.79,West Bengal
19991015,13.94,27.5,23.82,West Bengal
19991016,0.5,28.54,23.05,West Bengal
19991017,26.43,25.42,23.08,West Bengal
19991018,47.2,29.46,23.28,West Bengal
19991019,11.81,29.96,24.45,West Bengal
19991020,5.61,29.58,23.77,West Bengal
19991021,18.08,26.77,22.82,West Bengal
19991022,13.14,28.99,22.35,West Bengal
19991023,1.74,28.98,22.84,West Bengal
19991024,0.03,29.95,22.25,West Bengal
19991025,0.0,29.31,21.41,West Bengal
19991026,0.0,28.98,20.35,West Bengal
19991027,0.0,28.85,18.15,West Bengal
19991028,2.19,30.67,20.64,West Bengal
19991029,1.98,30.02,24.56,West Bengal
19991030,3.14,28.19,22.7,West Bengal
19991031,1.86,29.49,20.92,West Bengal
19991101,0.96,29.49,22.69,West Bengal
19991102,0.51,29.82,22.86,West Bengal
19991103,0.01,30.15,21.55,West Bengal
19991104,0.19,30.35,21.61,West Bengal
19991105,0.0,29.54,21.49,West Bengal
19991106,0.0,29.03,19.41,West Bengal
19991107,0.0,28.32,17.36,West Bengal
19991108,0.0,28.01,15.35,West Bengal
19991109,0.0,27.48,15.04,West Bengal
19991110,0.0,26.41,12.41,West Bengal
19991111,0.0,25.9,11.63,West Bengal
19991112,0.0,25.59,13.32,West Bengal
19991113,0.0,25.97,12.21,West Bengal
19991114,0.0,26.26,12.81,West Bengal
19991115,0.0,25.59,13.39,West Bengal
19991116,0.0,25.67,13.41,West Bengal
19991117,0.0,26.46,15.53,West Bengal
19991118,0.0,26.34,15.87,West Bengal
19991119,0.0,26.27,16.34,West Bengal
19991120,0.0,26.23,16.98,West Bengal
19991121,0.0,26.82,16.09,West Bengal
19991122,0.0,24.18,13.08,West Bengal
19991123,0.0,23.86,11.04,West Bengal
19991124,0.0,23.93,10.47,West Bengal
19991125,0.0,24.24,9.96,West Bengal
19991126,0.0,24.42,10.12,West Bengal
19991127,0.0,25.51,11.26,West Bengal
19991128,0.0,24.95,11.46,West Bengal
19991129,0.0,24.48,10.37,West Bengal
19991130,0.0,24.34,10.61,West Bengal
19991201,0.0,25.09,12.64,West Bengal
19991202,0.0,24.38,13.13,West Bengal
19991203,0.0,24.97,12.71,West Bengal
19991204,0.0,24.8,13.86,West Bengal
19991205,0.0,25.48,13.73,West Bengal
19991206,0.0,24.78,12.86,West Bengal
19991207,0.0,25.43,12.23,West Bengal
19991208,0.0,25.68,12.69,West Bengal
19991209,0.02,25.37,13.19,West Bengal
19991210,0.03,24.71,11.96,West Bengal
19991211,0.0,24.9,12.89,West Bengal
19991212,0.0,24.57,11.71,West Bengal
19991213,0.0,24.77,10.57,West Bengal
19991214,0.0,24.54,9.91,West Bengal
19991215,0.0,24.95,9.44,West Bengal
19991216,0.0,23.94,8.41,West Bengal
19991217,0.0,23.77,7.55,West Bengal
19991218,0.0,23.86,7.69,West Bengal
19991219,0.0,24.78,9.72,West Bengal
19991220,0.0,25.35,10.78,West Bengal
19991221,0.0,24.58,11.94,West Bengal
19991222,0.0,24.59,11.1,West Bengal
19991223,0.0,23.85,11.47,West Bengal
19991224,0.0,23.53,11.75,West Bengal
19991225,0.0,24.77,12.07,West Bengal
19991226,0.0,24.43,12.67,West Bengal
19991227,0.0,24.83,13.44,West Bengal
19991228,0.0,25.31,12.68,West Bengal
19991229,0.0,24.35,12.51,West Bengal
19991230,0.0,23.92,11.61,West Bengal
19991231,0.0,23.84,11.83,West Bengal
20000101,0.0,23.6,9.18,West Bengal
20000102,0.0,23.72,7.83,West Bengal
20000103,0.0,23.37,7.46,West Bengal
20000104,0.0,23.58,6.71,West Bengal
20000105,0.0,23.06,6.38,West Bengal
20000106,0.0,22.64,6.28,West Bengal
20000107,0.0,23.17,5.87,West Bengal
20000108,0.0,22.78,6.73,West Bengal
20000109,0.0,23.31,9.4,West Bengal
20000110,0.0,24.4,8.0,West Bengal
20000111,0.0,24.63,10.16,West Bengal
20000112,0.0,25.74,10.24,West Bengal
20000113,0.0,26.5,11.65,West Bengal
20000114,0.0,27.11,12.98,West Bengal
20000115,0.01,27.57,11.92,West Bengal
20000116,1.13,26.79,14.62,West Bengal
20000117,0.0,24.66,9.39,West Bengal
20000118,0.0,22.75,6.05,West Bengal
20000119,0.0,23.06,6.3,West Bengal
20000120,0.0,25.82,7.62,West Bengal
20000121,0.01,26.61,13.3,West Bengal
20000122,0.01,27.83,11.06,West Bengal
20000123,1.75,27.17,15.86,West Bengal
20000124,0.01,26.82,12.24,West Bengal
20000125,0.0,25.83,10.98,West Bengal
20000126,0.0,26.09,10.64,West Bengal
20000127,0.0,26.49,11.02,West Bengal
20000128,0.16,27.71,10.34,West Bengal
20000129,0.71,26.1,12.29,West Bengal
20000130,0.0,25.2,9.45,West Bengal
20000131,0.0,25.86,11.69,West Bengal
20000201,0.0,27.45,11.71,West Bengal
20000202,6.04,27.78,14.15,West Bengal
20000203,2.17,28.17,16.18,West Bengal
20000204,2.18,28.04,14.66,West Bengal
20000205,7.49,28.36,14.38,West Bengal
20000206,3.89,27.84,17.87,West Bengal
20000207,1.45,26.81,16.84,West Bengal
20000208,0.0,27.0,14.52,West Bengal
20000209,0.04,26.58,15.36,West Bengal
20000210,0.01,27.32,17.49,West Bengal
20000211,0.08,28.93,15.56,West Bengal
20000212,7.86,27.84,18.54,West Bengal
20000213,0.12,26.91,15.7,West Bengal
20000214,0.0,25.99,15.45,West Bengal
20000215,0.0,27.88,10.75,West Bengal
20000216,0.0,26.79,9.15,West Bengal
20000217,0.54,28.45,12.58,West Bengal
20000218,2.37,27.96,16.95,West Bengal
20000219,0.0,28.09,11.16,West Bengal
20000220,0.0,28.1,12.19,West Bengal
20000221,0.14,27.94,15.28,West Bengal
20000222,0.05,28.24,13.02,West Bengal
20000223,0.01,30.01,14.06,West Bengal
20000224,0.23,27.46,15.97,West Bengal
20000225,0.02,29.56,14.81,West Bengal
20000226,0.0,26.49,11.79,West Bengal
20000227,0.0,28.79,11.6,West Bengal
20000228,0.0,29.88,11.74,West Bengal
20000229,0.0,30.09,12.23,West Bengal
20000301,0.0,31.56,15.04,West Bengal
20000302,0.02,32.92,16.68,West Bengal
20000303,0.0,33.95,18.37,West Bengal
20000304,0.0,34.44,20.48,West Bengal
20000305,0.01,35.47,19.08,West Bengal
20000306,0.0,35.66,20.24,West Bengal
20000307,0.0,35.32,17.93,West Bengal
20000308,0.98,35.47,19.24,West Bengal
20000309,0.14,32.57,15.8,West Bengal
20000310,0.0,32.8,13.43,West Bengal
20000311,0.0,34.37,14.12,West Bengal
20000312,0.29,36.16,20.44,West Bengal
20000313,1.46,36.59,21.61,West Bengal
20000314,0.36,36.32,21.56,West Bengal
20000315,0.01,33.95,16.07,West Bengal
20000316,0.0,33.19,15.01,West Bengal
20000317,0.0,33.86,14.06,West Bengal
20000318,0.0,35.78,16.13,West Bengal
20000319,0.0,36.66,19.85,West Bengal
20000320,0.0,35.48,17.78,West Bengal
20000321,0.0,35.89,14.68,West Bengal
20000322,0.0,38.08,16.63,West Bengal
20000323,0.0,37.42,18.3,West Bengal
20000324,0.0,35.78,18.4,West Bengal
20000325,0.0,36.3,19.52,West Bengal
20000326,0.0,35.07,18.52,West Bengal
20000327,0.11,36.97,20.21,West Bengal
20000328,0.03,37.43,20.06,West Bengal
20000329,0.0,38.12,19.82,West Bengal
20000330,0.0,37.82,21.31,West Bengal
20000331,0.0,37.76,20.57,West Bengal
20000401,0.0,39.93,22.14,West Bengal
20000402,0.0,41.1,22.34,West Bengal
20000403,0.0,41.19,22.65,West Bengal
20000404,0.0,41.07,23.02,West Bengal
20000405,0.0,41.83,23.32,West Bengal
20000406,0.0,41.85,24.09,West Bengal
20000407,0.0,40.76,23.99,West Bengal
20000408,0.0,42.33,23.98,West Bengal
20000409,0.09,42.34,23.81,West Bengal
20000410,0.24,42.36,23.98,West Bengal
20000411,2.53,41.91,22.94,West Bengal
20000412,13.63,38.04,24.77,West Bengal
20000413,0.0,39.1,24.82,West Bengal
20000414,0.05,39.13,23.79,West Bengal
20000415,7.53,35.42,24.4,West Bengal
20000416,1.37,37.35,23.61,West Bengal
20000417,0.07,38.6,24.85,West Bengal
20000418,0.17,40.83,25.12,West Bengal
20000419,0.04,41.0,25.4,West Bengal
20000420,0.04,41.96,25.55,West Bengal
20000421,0.83,40.96,25.53,West Bengal
20000422,1.4,38.29,25.8,West Bengal
20000423,0.43,40.97,25.13,West Bengal
20000424,11.7,40.77,26.16,West Bengal
20000425,6.65,38.16,25.31,West Bengal
20000426,7.3,36.9,25.3,West Bengal
20000427,1.55,38.84,24.82,West Bengal
20000428,1.24,40.23,27.02,West Bengal
20000429,6.37,39.6,26.22,West Bengal
20000430,6.56,37.6,26.53,West Bengal
20000501,1.8,40.37,26.13,West Bengal
20000502,14.56,36.63,26.18,West Bengal
20000503,23.42,33.66,25.58,West Bengal
20000504,4.27,31.71,25.0,West Bengal
20000505,0.01,34.82,24.01,West Bengal
20000506,0.01,35.86,23.38,West Bengal
20000507,0.09,33.09,24.72,West Bengal
20000508,5.73,31.68,24.81,West Bengal
20000509,15.69,32.95,24.82,West Bengal
20000510,10.21,33.97,25.41,West Bengal
20000511,3.76,35.56,25.72,West Bengal
20000512,0.51,36.62,26.22,West Bengal
20000513,4.59,38.47,26.14,West Bengal
20000514,4.95,38.1,26.74,West Bengal
20000515,0.62,35.31,26.31,West Bengal
20000516,4.93,33.7,26.67,West Bengal
20000517,8.12,33.97,25.7,West Bengal
20000518,5.04,37.55,26.35,West Bengal
20000519,9.7,38.07,27.87,West Bengal
20000520,7.52,35.23,27.25,West Bengal
20000521,6.14,32.95,26.41,West Bengal
20000522,14.54,33.71,25.83,West Bengal
20000523,9.81,34.3,25.37,West Bengal
20000524,14.84,33.56,26.64,West Bengal
20000525,13.28,35.72,26.23,West Bengal
20000526,1.3,39.64,25.99,West Bengal
20000527,1.02,37.4,27.38,West Bengal
20000528,12.88,33.74,27.23,West Bengal
20000529,8.97,32.99,26.58,West Bengal
20000530,1.86,31.89,26.23,West Bengal
20000531,1.51,33.53,25.23,West Bengal
20000601,0.91,34.74,25.92,West Bengal
20000602,0.05,34.38,25.87,West Bengal
20000603,0.1,36.06,26.26,West Bengal
20000604,8.14,32.58,27.21,West Bengal
20000605,13.48,31.94,26.45,West Bengal
20000606,10.91,30.95,26.66,West Bengal
20000607,9.64,32.75,26.18,West Bengal
20000608,3.48,30.67,26.32,West Bengal
20000609,8.69,32.18,26.26,West Bengal
20000610,6.91,30.97,26.75,West Bengal
20000611,8.4,30.58,26.84,West Bengal
20000612,5.75,33.69,26.4,West Bengal
20000613,9.01,33.91,26.25,West Bengal
20000614,10.63,34.1,26.51,West Bengal
20000615,9.27,31.71,26.3,West Bengal
20000616,3.64,32.7,25.95,West Bengal
20000617,4.06,33.18,26.31,West Bengal
20000618,4.99,31.4,26.46,West Bengal
20000619,8.32,30.9,26.19,West Bengal
20000620,6.72,32.24,26.49,West Bengal
20000621,5.93,31.79,26.73,West Bengal
20000622,17.95,31.02,26.3,West Bengal
20000623,13.08,30.38,26.7,West Bengal
20000624,5.42,33.53,26.13,West Bengal
20000625,12.99,34.58,26.1,West Bengal
20000626,7.54,30.37,26.54,West Bengal
20000627,1.25,32.74,25.81,West Bengal
20000628,0.98,30.32,25.95,West Bengal
20000629,1.35,32.8,25.75,West Bengal
20000630,0.88,32.32,25.65,West Bengal
20000701,0.72,32.05,25.59,West Bengal
20000702,0.05,32.71,25.74,West Bengal
20000703,0.0,33.8,25.25,West Bengal
20000704,0.0,34.79,25.0,West Bengal
20000705,0.0,34.68,24.89,West Bengal
20000706,0.31,32.55,25.99,West Bengal
20000707,1.65,32.47,25.42,West Bengal
20000708,1.37,32.2,26.31,West Bengal
20000709,3.88,32.45,26.91,West Bengal
20000710,2.64,31.58,26.61,West Bengal
20000711,8.72,33.09,26.96,West Bengal
20000712,7.1,32.22,26.9,West Bengal
20000713,9.0,32.1,26.53,West Bengal
20000714,3.89,32.63,25.92,West Bengal
20000715,2.61,32.45,26.6,West Bengal
20000716,6.82,33.04,26.99,West Bengal
20000717,8.11,32.46,26.22,West Bengal
20000718,19.79,31.79,26.46,West Bengal
20000719,9.67,30.98,25.86,West Bengal
20000720,14.01,30.91,25.9,West Bengal
20000721,27.49,28.31,25.93,West Bengal
20000722,47.16,28.56,25.56,West Bengal
20000723,32.72,30.3,25.36,West Bengal
20000724,37.96,28.24,25.36,West Bengal
20000725,12.54,30.19,25.32,West Bengal
20000726,2.85,31.6,25.24,West Bengal
20000727,4.0,30.37,24.93,West Bengal
20000728,2.09,30.46,25.58,West Bengal
20000729,4.54,30.35,25.28,West Bengal
20000730,2.35,30.01,25.29,West Bengal
20000731,9.18,31.53,25.89,West Bengal
20000801,11.1,31.1,26.01,West Bengal
20000802,18.07,30.02,26.1,West Bengal
20000803,11.98,30.37,25.94,West Bengal
20000804,2.48,32.63,25.35,West Bengal
20000805,6.49,32.08,25.85,West Bengal
20000806,14.12,32.12,25.65,West Bengal
20000807,4.67,32.75,25.91,West Bengal
20000808,2.06,31.84,26.3,West Bengal
20000809,10.39,30.74,25.99,West Bengal
20000810,8.4,31.21,25.33,West Bengal
20000811,6.78,30.34,25.38,West Bengal
20000812,6.08,28.98,25.24,West Bengal
20000813,0.95,30.65,25.34,West Bengal
20000814,0.77,31.63,25.44,West Bengal
20000815,3.24,31.12,25.35,West Bengal
20000816,3.68,32.08,25.79,West Bengal
20000817,17.04,31.91,25.84,West Bengal
20000818,8.86,31.83,26.33,West Bengal
20000819,3.42,31.59,25.86,West Bengal
20000820,0.89,31.12,25.26,West Bengal
20000821,5.12,30.37,25.42,West Bengal
20000822,0.92,31.27,24.6,West Bengal
20000823,3.33,31.37,25.01,West Bengal
20000824,0.45,31.76,25.01,West Bengal
20000825,2.26,32.61,25.22,West Bengal
20000826,5.11,32.31,25.28,West Bengal
20000827,0.88,32.45,25.32,West Bengal
20000828,0.68,31.21,25.71,West Bengal
20000829,3.67,30.04,26.11,West Bengal
20000830,19.0,29.99,26.07,West Bengal
20000831,49.9,32.38,25.53,West Bengal
20000901,15.02,31.6,25.82,West Bengal
20000902,1.14,30.36,26.55,West Bengal
20000903,0.04,31.89,26.21,West Bengal
20000904,1.61,30.7,25.97,West Bengal
20000905,5.3,30.43,25.61,West Bengal
20000906,6.98,29.86,24.6,West Bengal
20000907,3.27,31.2,25.33,West Bengal
20000908,1.05,31.56,25.27,West Bengal
20000909,1.42,30.19,26.05,West Bengal
20000910,0.65,31.42,25.89,West Bengal
20000911,0.08,31.67,25.63,West Bengal
20000912,0.0,31.23,24.84,West Bengal
20000913,8.46,30.18,25.11,West Bengal
20000914,8.83,29.52,25.73,West Bengal
20000915,13.87,30.94,25.38,West Bengal
20000916,1.48,31.5,25.13,West Bengal
20000917,6.36,29.25,25.3,West Bengal
20000918,32.97,28.42,25.44,West Bengal
20000919,35.3,28.38,25.84,West Bengal
20000920,29.75,28.22,25.06,West Bengal
20000921,6.63,27.39,24.37,West Bengal
20000922,15.34,28.07,24.09,West Bengal
20000923,13.74,30.33,23.18,West Bengal
20000924,6.23,29.84,24.43,West Bengal
20000925,0.24,30.76,24.95,West Bengal
20000926,0.29,30.6,24.51,West Bengal
20000927,0.03,30.98,24.36,West Bengal
20000928,0.0,31.88,22.78,West Bengal
20000929,0.0,31.42,23.23,West Bengal
20000930,0.0,30.87,21.42,West Bengal
20001001,0.26,30.76,22.07,West Bengal
20001002,0.66,30.9,23.6,West Bengal
20001003,6.89,31.47,24.59,West Bengal
20001004,12.77,31.73,24.28,West Bengal
20001005,1.88,31.85,24.01,West Bengal
20001006,0.0,30.2,24.24,West Bengal
20001007,2.13,31.22,24.06,West Bengal
20001008,0.97,31.17,23.74,West Bengal
20001009,0.88,30.26,23.8,West Bengal
20001010,0.43,30.68,23.87,West Bengal
20001011,1.81,30.82,24.51,West Bengal
20001012,12.44,30.77,24.75,West Bengal
20001013,0.47,30.93,22.47,West Bengal
20001014,0.0,30.73,18.37,West Bengal
20001015,0.15,30.95,19.11,West Bengal
20001016,2.32,31.05,21.34,West Bengal
20001017,1.34,30.05,24.14,West Bengal
20001018,0.94,30.81,23.54,West Bengal
20001019,0.26,31.92,23.55,West Bengal
20001020,0.44,31.77,24.03,West Bengal
20001021,4.48,31.44,22.79,West Bengal
20001022,0.15,31.07,22.0,West Bengal
20001023,0.0,31.0,21.41,West Bengal
20001024,0.0,30.62,19.93,West Bengal
20001025,0.0,29.87,20.15,West Bengal
20001026,0.3,29.61,20.12,West Bengal
20001027,52.05,26.04,20.18,West Bengal
20001028,16.84,27.63,21.85,West Bengal
20001029,0.33,28.43,19.45,West Bengal
20001030,0.0,27.65,18.3,West Bengal
20001031,0.0,28.2,17.5,West Bengal
20001101,0.0,28.56,17.46,West Bengal
20001102,0.0,29.41,18.88,West Bengal
20001103,0.0,29.34,19.78,West Bengal
20001104,0.0,29.28,19.0,West Bengal
20001105,0.0,29.07,19.41,West Bengal
20001106,0.0,29.24,20.93,West Bengal
20001107,0.0,28.82,19.44,West Bengal
20001108,0.0,28.34,16.69,West Bengal
20001109,0.0,27.6,15.62,West Bengal
20001110,0.01,28.81,15.9,West Bengal
20001111,0.0,27.91,17.15,West Bengal
20001112,0.0,28.3,16.85,West Bengal
20001113,0.0,28.24,17.28,West Bengal
20001114,0.0,27.92,17.33,West Bengal
20001115,0.0,27.85,17.03,West Bengal
20001116,0.0,27.13,15.88,West Bengal
20001117,0.0,26.9,15.36,West Bengal
20001118,0.0,27.28,15.81,West Bengal
20001119,0.0,27.38,15.55,West Bengal
20001120,0.0,27.55,17.34,West Bengal
20001121,0.0,28.17,18.03,West Bengal
20001122,0.0,28.16,16.85,West Bengal
20001123,0.0,28.22,18.16,West Bengal
20001124,0.0,26.86,16.01,West Bengal
20001125,0.0,26.18,14.72,West Bengal
20001126,0.0,27.19,13.71,West Bengal
20001127,0.0,26.78,12.58,West Bengal
20001128,0.13,27.28,15.08,West Bengal
20001129,0.13,26.3,16.16,West Bengal
20001130,0.0,26.81,13.95,West Bengal
20001201,0.0,25.27,15.94,West Bengal
20001202,0.0,24.45,11.31,West Bengal
20001203,0.0,23.48,7.5,West Bengal
20001204,0.0,23.23,7.82,West Bengal
20001205,0.0,23.41,7.87,West Bengal
20001206,0.0,23.69,10.21,West Bengal
20001207,0.0,23.7,11.18,West Bengal
20001208,0.0,23.55,8.78,West Bengal
20001209,0.0,24.05,9.68,West Bengal
20001210,0.0,25.01,10.5,West Bengal
20001211,0.0,24.15,11.73,West Bengal
20001212,0.0,24.68,11.76,West Bengal
20001213,0.0,23.26,9.24,West Bengal
20001214,0.0,22.71,7.37,West Bengal
20001215,0.0,23.45,8.49,West Bengal
20001216,0.0,23.56,9.36,West Bengal
20001217,0.0,23.85,9.52,West Bengal
20001218,0.0,24.33,9.73,West Bengal
20001219,0.0,23.9,10.78,West Bengal
20001220,0.0,24.25,10.46,West Bengal
20001221,0.0,23.25,8.63,West Bengal
20001222,0.0,23.67,9.16,West Bengal
20001223,0.0,24.18,8.97,West Bengal
20001224,0.0,23.75,9.94,West Bengal
20001225,0.0,24.24,10.27,West Bengal
20001226,0.0,24.48,10.83,West Bengal
20001227,0.0,24.59,11.59,West Bengal
20001228,0.0,25.07,12.68,West Bengal
20001229,0.0,24.76,12.99,West Bengal
20001230,0.0,24.05,10.01,West Bengal
20001231,0.0,24.0,9.01,West Bengal
20010101,0.0,24.38,10.12,West Bengal
20010102,0.01,18.96,12.21,West Bengal
20010103,0.0,24.83,11.69,West Bengal
20010104,0.0,23.36,9.35,West Bengal
20010105,0.0,22.38,7.29,West Bengal
20010106,0.0,21.55,6.58,West Bengal
20010107,0.0,21.75,5.77,West Bengal
20010108,0.0,23.22,7.65,West Bengal
20010109,0.0,24.3,9.84,West Bengal
20010110,0.0,22.71,8.13,West Bengal
20010111,0.0,21.98,5.79,West Bengal
20010112,0.0,21.9,6.48,West Bengal
20010113,0.0,22.52,9.71,West Bengal
20010114,0.0,24.26,7.82,West Bengal
20010115,0.0,24.24,8.81,West Bengal
20010116,0.0,24.56,6.34,West Bengal
20010117,0.0,25.25,8.28,West Bengal
20010118,0.0,25.13,6.58,West Bengal
20010119,0.0,24.33,6.14,West Bengal
20010120,0.0,25.7,7.58,West Bengal
20010121,0.0,25.69,8.03,West Bengal
20010122,0.0,27.58,9.42,West Bengal
20010123,0.0,28.02,12.74,West Bengal
20010124,0.0,26.62,8.93,West Bengal
20010125,0.0,24.07,5.61,West Bengal
20010126,0.0,24.31,7.62,West Bengal
20010127,0.0,24.17,8.31,West Bengal
20010128,0.0,25.59,8.56,West Bengal
20010129,0.0,25.8,10.86,West Bengal
20010130,0.0,26.27,9.98,West Bengal
20010131,0.0,29.28,11.17,West Bengal
20010201,0.0,30.51,11.55,West Bengal
20010202,0.0,30.74,12.71,West Bengal
20010203,0.0,28.05,11.98,West Bengal
20010204,0.0,28.46,9.6,West Bengal
20010205,0.0,29.46,14.48,West Bengal
20010206,0.0,30.82,16.11,West Bengal
20010207,0.0,28.53,10.13,West Bengal
20010208,0.0,28.85,8.58,West Bengal
20010209,0.0,28.51,8.5,West Bengal
20010210,0.0,27.91,9.37,West Bengal
20010211,0.0,28.55,10.72,West Bengal
20010212,0.0,29.41,13.39,West Bengal
20010213,0.0,29.76,12.87,West Bengal
20010214,0.0,30.97,13.63,West Bengal
20010215,0.0,32.32,14.01,West Bengal
20010216,0.01,31.99,15.46,West Bengal
20010217,0.0,33.21,18.02,West Bengal
20010218,0.0,33.56,16.22,West Bengal
20010219,0.0,33.34,15.75,West Bengal
20010220,0.0,32.56,16.78,West Bengal
20010221,0.82,33.29,17.24,West Bengal
20010222,0.43,32.05,19.17,West Bengal
20010223,0.0,32.15,15.05,West Bengal
20010224,0.0,33.11,15.39,West Bengal
20010225,0.0,35.01,18.15,West Bengal
20010226,4.17,34.57,21.65,West Bengal
20010227,0.63,33.69,20.46,West Bengal
20010228,1.1,34.14,20.29,West Bengal
20010301,5.88,31.83,20.41,West Bengal
20010302,0.04,33.76,19.49,West Bengal
20010303,0.0,34.74,15.82,West Bengal
20010304,0.0,35.12,17.66,West Bengal
20010305,0.77,32.11,15.81,West Bengal
20010306,0.14,33.02,18.35,West Bengal
20010307,0.0,33.69,18.71,West Bengal
20010308,0.0,34.25,16.51,West Bengal
20010309,0.01,34.63,16.8,West Bengal
20010310,0.0,34.72,16.04,West Bengal
20010311,0.0,34.94,17.14,West Bengal
20010312,0.0,35.24,17.42,West Bengal
20010313,0.0,35.54,18.43,West Bengal
20010314,0.63,36.05,19.38,West Bengal
20010315,0.0,36.89,19.57,West Bengal
20010316,0.0,36.88,18.41,West Bengal
20010317,0.0,36.61,19.33,West Bengal
20010318,0.15,37.9,20.71,West Bengal
20010319,0.0,37.94,19.03,West Bengal
20010320,0.0,38.91,18.59,West Bengal
20010321,0.0,39.51,20.86,West Bengal
20010322,0.04,40.19,22.52,West Bengal
20010323,8.22,33.68,24.57,West Bengal
20010324,0.12,37.69,22.39,West Bengal
20010325,0.0,38.44,20.15,West Bengal
20010326,0.04,39.02,22.19,West Bengal
20010327,0.0,38.61,20.74,West Bengal
20010328,0.04,38.99,23.4,West Bengal
20010329,1.13,38.68,24.31,West Bengal
20010330,7.39,34.04,24.6,West Bengal
20010331,2.27,33.01,22.97,West Bengal
20010401,2.11,35.96,23.65,West Bengal
20010402,7.52,35.15,24.11,West Bengal
20010403,0.53,38.17,22.58,West Bengal
20010404,0.0,39.36,22.67,West Bengal
20010405,0.0,40.11,21.84,West Bengal
20010406,0.33,40.94,22.13,West Bengal
20010407,2.42,41.54,24.15,West Bengal
20010408,0.0,39.89,24.98,West Bengal
20010409,0.0,39.33,23.86,West Bengal
20010410,0.0,42.09,24.62,West Bengal
20010411,0.0,42.71,25.42,West Bengal
20010412,0.0,38.77,25.55,West Bengal
20010413,0.94,37.88,27.44,West Bengal
20010414,0.06,36.85,25.12,West Bengal
20010415,4.61,37.55,24.52,West Bengal
20010416,0.98,38.52,24.42,West Bengal
20010417,2.88,38.69,25.49,West Bengal
20010418,2.97,32.16,23.73,West Bengal
20010419,0.43,38.69,22.89,West Bengal
20010420,0.0,40.3,24.79,West Bengal
20010421,0.0,40.7,23.07,West Bengal
20010422,0.0,40.16,21.15,West Bengal
20010423,0.0,41.37,22.04,West Bengal
20010424,0.0,42.35,22.84,West Bengal
20010425,0.0,42.21,24.41,West Bengal
20010426,0.0,43.23,25.27,West Bengal
20010427,0.01,43.49,26.45,West Bengal
20010428,0.23,45.17,26.37,West Bengal
20010429,0.55,43.79,26.8,West Bengal
20010430,4.03,41.06,27.22,West Bengal
20010501,3.28,40.37,26.64,West Bengal
20010502,1.65,39.78,26.71,West Bengal
20010503,2.63,39.24,26.11,West Bengal
20010504,4.07,37.75,26.99,West Bengal
20010505,20.2,34.7,25.74,West Bengal
20010506,6.93,34.75,25.84,West Bengal
20010507,12.69,36.89,25.75,West Bengal
20010508,21.76,35.37,26.29,West Bengal
20010509,3.96,39.55,26.63,West Bengal
20010510,6.9,41.3,26.87,West Bengal
20010511,3.93,37.03,26.77,West Bengal
20010512,0.03,36.42,26.88,West Bengal
20010513,0.0,37.9,24.81,West Bengal
20010514,0.0,39.5,26.02,West Bengal
20010515,0.0,38.11,26.2,West Bengal
20010516,0.16,38.72,26.42,West Bengal
20010517,1.49,38.52,26.55,West Bengal
20010518,2.64,38.5,27.38,West Bengal
20010519,1.49,40.65,26.93,West Bengal
20010520,4.74,40.06,27.54,West Bengal
20010521,19.96,36.97,28.13,West Bengal
20010522,15.54,37.28,27.25,West Bengal
20010523,4.21,39.41,27.72,West Bengal
20010524,6.77,39.02,28.15,West Bengal
20010525,4.68,38.43,26.89,West Bengal
20010526,4.03,35.25,27.28,West Bengal
20010527,23.85,34.09,26.33,West Bengal
20010528,21.1,32.43,26.64,West Bengal
20010529,6.47,33.45,26.53,West Bengal
20010530,8.27,34.11,26.31,West Bengal
20010531,36.25,34.92,25.79,West Bengal
20010601,20.84,34.25,26.2,West Bengal
20010602,6.83,33.15,26.77,West Bengal
20010603,16.55,30.05,26.43,West Bengal
20010604,20.32,31.04,25.74,West Bengal
20010605,21.05,31.14,26.26,West Bengal
20010606,6.37,31.4,26.17,West Bengal
20010607,6.62,32.46,26.05,West Bengal
20010608,3.84,33.53,25.02,West Bengal
20010609,0.39,32.12,26.21,West Bengal
20010610,0.24,31.04,25.72,West Bengal
20010611,0.69,31.35,26.13,West Bengal
20010612,4.97,30.66,26.6,West Bengal
20010613,11.96,30.89,25.95,West Bengal
20010614,29.1,29.47,25.72,West Bengal
20010615,15.52,30.5,24.06,West Bengal
20010616,18.5,31.27,23.65,West Bengal
20010617,21.1,29.98,24.93,West Bengal
20010618,16.55,29.52,25.6,West Bengal
20010619,17.18,30.74,25.7,West Bengal
20010620,13.53,31.69,26.38,West Bengal
20010621,11.54,32.35,25.63,West Bengal
20010622,13.33,31.8,25.54,West Bengal
20010623,10.0,31.24,26.75,West Bengal
20010624,12.52,31.39,26.54,West Bengal
20010625,4.52,33.72,26.66,West Bengal
20010626,3.94,32.13,26.62,West Bengal
20010627,6.33,31.6,27.0,West Bengal
20010628,1.46,32.61,26.77,West Bengal
20010629,16.29,31.81,26.93,West Bengal
20010630,11.24,31.23,26.56,West Bengal
20010701,20.58,28.94,26.27,West Bengal
20010702,11.74,29.48,25.37,West Bengal
20010703,10.59,31.42,25.08,West Bengal
20010704,2.24,31.49,25.9,West Bengal
20010705,0.63,32.51,25.93,West Bengal
20010706,0.95,32.89,26.18,West Bengal
20010707,6.19,31.06,26.87,West Bengal
20010708,3.96,31.34,26.83,West Bengal
20010709,6.47,31.05,26.33,West Bengal
20010710,12.5,31.73,26.64,West Bengal
20010711,28.81,29.45,26.26,West Bengal
20010712,12.86,31.42,25.3,West Bengal
20010713,1.65,31.73,25.69,West Bengal
20010714,0.74,31.47,25.68,West Bengal
20010715,6.21,32.46,26.35,West Bengal
20010716,10.87,31.51,26.4,West Bengal
20010717,2.8,29.84,25.75,West Bengal
20010718,4.88,32.16,25.23,West Bengal
20010719,8.23,31.22,25.73,West Bengal
20010720,18.09,30.36,26.09,West Bengal
20010721,3.04,31.07,26.65,West Bengal
20010722,5.56,30.14,26.47,West Bengal
20010723,6.73,31.18,26.21,West Bengal
20010724,6.32,30.85,25.29,West Bengal
20010725,4.49,31.16,24.73,West Bengal
20010726,3.44,32.07,25.95,West Bengal
20010727,5.23,31.66,25.76,West Bengal
20010728,5.87,32.19,26.61,West Bengal
20010729,7.88,31.13,26.32,West Bengal
20010730,6.91,32.31,25.6,West Bengal
20010731,3.91,29.21,25.86,West Bengal
20010801,9.43,31.2,25.76,West Bengal
20010802,8.39,32.27,25.96,West Bengal
20010803,4.03,31.53,26.41,West Bengal
20010804,4.22,29.17,25.92,West Bengal
20010805,4.3,29.64,25.6,West Bengal
20010806,5.88,30.45,25.72,West Bengal
20010807,2.48,30.76,25.35,West Bengal
20010808,3.63,31.8,25.42,West Bengal
20010809,4.62,30.91,25.62,West Bengal
20010810,5.49,31.95,25.47,West Bengal
20010811,5.95,32.09,25.49,West Bengal
20010812,1.18,31.35,25.49,West Bengal
20010813,12.21,31.49,25.86,West Bengal
20010814,13.41,30.76,25.95,West Bengal
20010815,10.19,31.27,26.02,West Bengal
20010816,13.39,32.57,25.51,West Bengal
20010817,19.72,33.1,26.69,West Bengal
20010818,6.7,31.32,26.6,West Bengal
20010819,1.2,32.06,27.41,West Bengal
20010820,4.4,30.8,27.0,West Bengal
20010821,4.21,31.59,26.33,West Bengal
20010822,2.03,32.69,25.91,West Bengal
20010823,4.27,32.19,25.8,West Bengal
20010824,6.71,32.6,25.82,West Bengal
20010825,9.07,32.83,25.83,West Bengal
20010826,5.36,30.52,26.76,West Bengal
20010827,7.05,31.29,25.82,West Bengal
20010828,6.24,30.21,26.09,West Bengal
20010829,10.37,30.24,26.01,West Bengal
20010830,12.33,29.99,26.08,West Bengal
20010831,3.74,30.11,26.53,West Bengal
20010901,3.88,31.26,25.89,West Bengal
20010902,0.99,32.06,24.97,West Bengal
20010903,1.49,31.81,25.51,West Bengal
20010904,4.07,31.87,26.23,West Bengal
20010905,14.0,29.59,26.46,West Bengal
20010906,16.64,30.14,26.01,West Bengal
20010907,14.47,31.43,25.93,West Bengal
20010908,7.45,30.66,25.6,West Bengal
20010909,5.7,30.86,26.27,West Bengal
20010910,10.92,29.01,25.64,West Bengal
20010911,32.46,30.34,25.22,West Bengal
20010912,14.62,30.55,24.73,West Bengal
20010913,3.28,30.43,24.16,West Bengal
20010914,1.47,31.17,24.11,West Bengal
20010915,0.51,32.17,24.09,West Bengal
20010916,1.45,29.84,25.07,West Bengal
20010917,18.82,30.88,25.41,West Bengal
20010918,8.18,29.53,24.41,West Bengal
20010919,0.55,31.5,24.11,West Bengal
20010920,0.71,32.66,23.54,West Bengal
20010921,0.67,31.25,24.26,West Bengal
20010922,0.4,31.68,24.81,West Bengal
20010923,0.96,29.47,24.81,West Bengal
20010924,0.37,30.49,24.57,West Bengal
20010925,0.07,30.41,25.05,West Bengal
20010926,0.07,32.58,24.64,West Bengal
20010927,1.78,32.17,24.73,West Bengal
20010928,1.89,30.42,25.79,West Bengal
20010929,0.8,31.31,24.83,West Bengal
20010930,16.57,28.65,25.76,West Bengal
20011001,17.86,28.03,25.35,West Bengal
20011002,15.02,28.36,25.01,West Bengal
20011003,11.72,28.43,25.24,West Bengal
20011004,4.81,27.94,24.93,West Bengal
20011005,3.11,28.81,24.65,West Bengal
20011006,0.45,29.59,24.81,West Bengal
20011007,4.73,30.69,24.54,West Bengal
20011008,8.91,30.3,24.89,West Bengal
20011009,16.1,30.61,24.78,West Bengal
20011010,13.77,31.42,25.36,West Bengal
20011011,4.67,30.61,24.22,West Bengal
20011012,0.8,29.77,24.86,West Bengal
20011013,1.65,29.5,24.26,West Bengal
20011014,2.53,31.25,24.02,West Bengal
20011015,3.29,31.33,24.59,West Bengal
20011016,1.47,30.6,24.24,West Bengal
20011017,16.66,30.7,23.71,West Bengal
20011018,9.04,29.25,22.92,West Bengal
20011019,0.25,29.29,20.88,West Bengal
20011020,0.0,29.03,19.87,West Bengal
20011021,0.0,29.47,20.04,West Bengal
20011022,0.0,30.41,20.43,West Bengal
20011023,0.0,30.43,20.93,West Bengal
20011024,0.0,30.53,22.2,West Bengal
20011025,0.0,30.28,20.77,West Bengal
20011026,0.0,29.95,19.86,West Bengal
20011027,0.69,30.48,20.03,West Bengal
20011028,2.17,29.66,22.27,West Bengal
20011029,1.29,28.85,23.63,West Bengal
20011030,18.19,28.98,22.45,West Bengal
20011031,4.38,29.57,22.31,West Bengal
20011101,0.08,29.26,20.6,West Bengal
20011102,0.0,29.11,19.57,West Bengal
20011103,0.86,29.3,19.86,West Bengal
20011104,0.99,29.69,20.06,West Bengal
20011105,0.0,29.92,20.21,West Bengal
20011106,0.0,28.79,19.94,West Bengal
20011107,0.12,27.5,20.67,West Bengal
20011108,0.0,27.9,20.05,West Bengal
20011109,0.0,28.04,18.84,West Bengal
20011110,4.72,26.71,19.17,West Bengal
20011111,2.96,23.87,19.99,West Bengal
20011112,4.13,25.73,19.68,West Bengal
20011113,0.07,27.86,19.71,West Bengal
20011114,0.01,28.17,19.24,West Bengal
20011115,0.0,27.34,15.82,West Bengal
20011116,0.0,28.18,16.12,West Bengal
20011117,0.0,28.77,17.9,West Bengal
20011118,0.03,28.62,19.08,West Bengal
20011119,0.2,28.3,18.95,West Bengal
20011120,0.01,27.24,17.91,West Bengal
20011121,0.0,27.33,18.01,West Bengal
20011122,0.24,27.64,17.89,West Bengal
20011123,0.09,26.95,17.21,West Bengal
20011124,0.0,27.18,18.66,West Bengal
20011125,0.0,26.31,15.4,West Bengal
20011126,0.0,26.19,13.45,West Bengal
20011127,0.0,27.22,14.79,West Bengal
20011128,0.0,26.25,15.43,West Bengal
20011129,0.0,26.31,15.7,West Bengal
20011130,0.0,25.35,14.36,West Bengal
20011201,0.0,24.01,10.98,West Bengal
20011202,0.0,23.92,10.37,West Bengal
20011203,0.0,23.37,9.63,West Bengal
20011204,0.0,24.04,11.21,West Bengal
20011205,0.0,24.26,11.36,West Bengal
20011206,0.0,24.65,12.55,West Bengal
20011207,0.0,24.39,12.2,West Bengal
20011208,0.0,24.72,11.62,West Bengal
20011209,0.0,25.08,13.05,West Bengal
20011210,0.0,24.27,11.46,West Bengal
20011211,0.0,23.12,11.4,West Bengal
20011212,0.0,23.95,11.09,West Bengal
20011213,0.0,23.89,11.1,West Bengal
20011214,0.0,23.11,9.81,West Bengal
20011215,0.0,23.15,9.6,West Bengal
20011216,0.0,23.14,9.12,West Bengal
20011217,0.0,22.87,9.6,West Bengal
20011218,0.0,23.27,8.94,West Bengal
20011219,0.0,22.7,8.82,West Bengal
20011220,0.0,23.24,9.99,West Bengal
20011221,0.0,22.15,10.28,West Bengal
20011222,0.0,23.79,8.14,West Bengal
20011223,0.0,24.1,8.0,West Bengal
20011224,0.0,23.19,9.73,West Bengal
20011225,0.0,23.56,9.09,West Bengal
20011226,0.0,24.03,9.3,West Bengal
20011227,0.0,24.01,10.31,West Bengal
20011228,0.0,23.85,9.72,West Bengal
20011229,0.0,23.77,9.14,West Bengal
20011230,0.0,23.47,8.93,West Bengal
20011231,0.0,23.2,10.7,West Bengal
20020101,0.0,22.46,8.54,West Bengal
20020102,0.0,22.46,6.58,West Bengal
20020103,0.0,23.28,6.52,West Bengal
20020104,0.0,22.26,9.89,West Bengal
20020105,0.0,24.39,8.35,West Bengal
20020106,0.0,24.42,9.88,West Bengal
20020107,0.0,24.94,12.4,West Bengal
20020108,0.61,24.12,12.66,West Bengal
20020109,0.0,24.56,11.08,West Bengal
20020110,0.0,24.03,9.58,West Bengal
20020111,0.0,24.57,8.22,West Bengal
20020112,0.0,23.53,9.06,West Bengal
20020113,0.0,23.65,10.03,West Bengal
20020114,0.0,25.15,13.3,West Bengal
20020115,0.0,26.09,13.92,West Bengal
20020116,0.0,27.16,13.68,West Bengal
20020117,0.05,27.29,14.49,West Bengal
20020118,0.04,28.16,15.34,West Bengal
20020119,0.0,28.12,14.68,West Bengal
20020120,0.0,28.11,14.25,West Bengal
20020121,0.0,28.17,14.52,West Bengal
20020122,1.88,26.12,16.21,West Bengal
20020123,1.44,23.5,15.61,West Bengal
20020124,0.08,25.31,14.97,West Bengal
20020125,0.0,24.97,10.57,West Bengal
20020126,0.0,25.39,9.53,West Bengal
20020127,0.0,25.84,12.03,West Bengal
20020128,7.93,23.35,14.03,West Bengal
20020129,3.05,22.03,13.22,West Bengal
20020130,1.91,24.29,12.56,West Bengal
20020131,0.0,24.04,8.88,West Bengal
20020201,0.0,25.11,9.57,West Bengal
20020202,0.0,24.27,8.0,West Bengal
20020203,0.0,24.92,8.68,West Bengal
20020204,0.0,25.14,7.52,West Bengal
20020205,0.0,25.75,8.08,West Bengal
20020206,0.0,26.74,9.79,West Bengal
20020207,0.0,28.97,12.44,West Bengal
20020208,0.0,29.01,15.27,West Bengal
20020209,0.01,30.18,14.36,West Bengal
20020210,0.0,30.72,16.05,West Bengal
20020211,0.0,30.62,16.65,West Bengal
20020212,0.0,28.05,18.29,West Bengal
20020213,0.0,30.15,15.94,West Bengal
20020214,0.0,28.74,11.02,West Bengal
20020215,0.0,28.44,10.79,West Bengal
20020216,0.0,29.66,10.9,West Bengal
20020217,0.0,30.6,11.99,West Bengal
20020218,0.0,31.57,12.41,West Bengal
20020219,0.0,32.23,13.77,West Bengal
20020220,0.0,31.97,14.75,West Bengal
20020221,0.0,31.92,18.94,West Bengal
20020222,0.0,32.69,17.77,West Bengal
20020223,0.0,32.63,14.97,West Bengal
20020224,0.0,34.05,16.2,West Bengal
20020225,0.3,34.74,17.39,West Bengal
20020226,0.11,32.48,18.87,West Bengal
20020227,0.0,32.06,14.32,West Bengal
20020228,0.0,32.18,15.06,West Bengal
20020301,0.0,32.12,16.1,West Bengal
20020302,0.0,33.77,15.93,West Bengal
20020303,1.58,34.9,17.46,West Bengal
20020304,1.43,33.31,17.94,West Bengal
20020305,0.0,32.92,14.92,West Bengal
20020306,0.0,33.81,15.44,West Bengal
20020307,0.0,33.35,14.37,West Bengal
20020308,0.49,33.61,17.56,West Bengal
20020309,1.29,33.14,20.28,West Bengal
20020310,0.51,34.43,20.29,West Bengal
20020311,0.24,36.02,20.72,West Bengal
20020312,0.0,35.03,20.42,West Bengal
20020313,0.0,34.77,17.5,West Bengal
20020314,0.0,34.12,19.5,West Bengal
20020315,0.0,34.91,19.95,West Bengal
20020316,1.05,35.6,19.58,West Bengal
20020317,0.0,36.21,18.99,West Bengal
20020318,0.0,37.27,19.23,West Bengal
20020319,0.0,37.51,19.08,West Bengal
20020320,0.0,37.33,17.93,West Bengal
20020321,0.0,38.03,19.21,West Bengal
20020322,0.0,38.17,20.51,West Bengal
20020323,0.01,38.75,20.97,West Bengal
20020324,1.39,38.27,22.08,West Bengal
20020325,0.05,40.06,22.92,West Bengal
20020326,2.02,37.76,24.63,West Bengal
20020327,6.3,36.28,24.48,West Bengal
20020328,2.65,37.6,23.26,West Bengal
20020329,0.28,38.42,22.99,West Bengal
20020330,2.58,38.2,23.38,West Bengal
20020331,0.79,38.2,21.16,West Bengal
20020401,0.5,38.97,21.87,West Bengal
20020402,7.83,36.93,24.32,West Bengal
20020403,12.05,34.65,23.34,West Bengal
20020404,2.04,36.22,23.26,West Bengal
20020405,0.01,37.72,22.69,West Bengal
20020406,0.09,38.31,23.06,West Bengal
20020407,0.05,39.91,23.3,West Bengal
20020408,4.03,39.81,23.43,West Bengal
20020409,0.32,40.04,24.2,West Bengal
20020410,4.08,39.49,24.39,West Bengal
20020411,2.78,38.01,24.28,West Bengal
20020412,2.54,37.65,23.24,West Bengal
20020413,0.44,36.59,23.33,West Bengal
20020414,0.27,38.42,22.96,West Bengal
20020415,0.15,39.51,24.18,West Bengal
20020416,0.02,40.35,24.46,West Bengal
20020417,0.1,41.39,25.2,West Bengal
20020418,0.0,41.92,25.5,West Bengal
20020419,0.0,42.82,26.02,West Bengal
20020420,0.0,42.81,26.29,West Bengal
20020421,0.01,41.97,26.84,West Bengal
20020422,0.68,42.38,25.88,West Bengal
20020423,0.2,42.47,26.34,West Bengal
20020424,0.56,40.29,26.55,West Bengal
20020425,0.21,40.88,25.83,West Bengal
20020426,3.01,40.59,25.98,West Bengal
20020427,3.33,39.7,25.46,West Bengal
20020428,0.03,41.31,23.73,West Bengal
20020429,0.12,41.33,25.17,West Bengal
20020430,0.1,42.18,25.71,West Bengal
20020501,0.02,42.08,25.68,West Bengal
20020502,0.25,41.58,25.85,West Bengal
20020503,2.38,42.29,25.86,West Bengal
20020504,1.53,41.88,25.79,West Bengal
20020505,0.03,42.52,26.94,West Bengal
20020506,0.74,41.38,26.91,West Bengal
20020507,0.23,40.93,26.73,West Bengal
20020508,0.11,42.89,27.93,West Bengal
20020509,0.07,43.35,29.01,West Bengal
20020510,1.02,42.14,28.84,West Bengal
20020511,7.21,41.86,28.61,West Bengal
20020512,4.81,41.49,27.51,West Bengal
20020513,0.85,42.04,28.67,West Bengal
20020514,7.85,37.93,28.49,West Bengal
20020515,12.03,34.11,26.8,West Bengal
20020516,1.78,37.74,26.42,West Bengal
20020517,0.0,40.21,27.52,West Bengal
20020518,0.0,41.06,28.5,West Bengal
20020519,0.0,45.46,29.2,West Bengal
20020520,0.0,46.81,28.3,West Bengal
20020521,0.0,45.71,28.61,West Bengal
20020522,0.02,45.83,30.35,West Bengal
20020523,3.77,43.69,27.88,West Bengal
20020524,13.64,38.84,27.87,West Bengal
20020525,7.37,37.47,27.03,West Bengal
20020526,8.33,38.04,26.62,West Bengal
20020527,29.08,35.62,26.36,West Bengal
20020528,7.29,37.2,25.44,West Bengal
20020529,12.4,32.98,26.41,West Bengal
20020530,1.59,35.87,25.59,West Bengal
20020531,31.02,34.63,26.87,West Bengal
20020601,24.74,32.15,25.95,West Bengal
20020602,7.5,36.02,25.32,West Bengal
20020603,1.34,37.87,26.54,West Bengal
20020604,1.57,36.17,27.83,West Bengal
20020605,2.7,33.12,27.55,West Bengal
20020606,1.45,37.35,27.28,West Bengal
20020607,3.16,36.75,27.6,West Bengal
20020608,3.04,33.48,27.25,West Bengal
20020609,8.13,32.93,26.97,West Bengal
20020610,11.87,32.16,26.06,West Bengal
20020611,16.4,30.25,26.38,West Bengal
20020612,41.08,30.24,26.53,West Bengal
20020613,12.95,30.37,27.09,West Bengal
20020614,2.47,32.4,26.82,West Bengal
20020615,0.82,32.27,27.17,West Bengal
20020616,1.57,32.74,26.74,West Bengal
20020617,0.93,33.46,26.66,West Bengal
20020618,3.23,32.51,26.49,West Bengal
20020619,1.0,33.44,26.37,West Bengal
20020620,0.23,33.24,26.23,West Bengal
20020621,4.18,31.43,26.87,West Bengal
20020622,11.16,33.85,26.4,West Bengal
20020623,24.04,31.45,26.68,West Bengal
20020624,8.01,32.69,26.07,West Bengal
20020625,11.8,30.72,26.06,West Bengal
20020626,7.12,31.47,26.31,West Bengal
20020627,1.3,32.3,25.69,West Bengal
20020628,11.98,33.3,26.58,West Bengal
20020629,5.68,31.75,26.95,West Bengal
20020630,6.07,31.95,26.98,West Bengal
20020701,27.46,32.07,27.26,West Bengal
20020702,31.03,31.61,27.48,West Bengal
20020703,17.28,32.11,27.12,West Bengal
20020704,10.07,31.99,26.95,West Bengal
20020705,5.31,32.65,26.94,West Bengal
20020706,2.19,32.35,26.77,West Bengal
20020707,0.12,32.44,26.74,West Bengal
20020708,0.14,33.06,27.03,West Bengal
20020709,0.1,34.16,26.9,West Bengal
20020710,0.11,33.05,25.57,West Bengal
20020711,0.36,34.25,25.96,West Bengal
20020712,0.15,31.83,26.65,West Bengal
20020713,3.97,32.78,26.37,West Bengal
20020714,9.61,31.22,26.98,West Bengal
20020715,3.45,30.78,25.32,West Bengal
20020716,8.22,31.77,25.97,West Bengal
20020717,5.93,32.7,25.91,West Bengal
20020718,11.54,32.82,26.61,West Bengal
20020719,10.64,31.09,26.74,West Bengal
20020720,10.49,30.43,27.05,West Bengal
20020721,18.3,29.95,27.06,West Bengal
20020722,21.58,30.95,25.64,West Bengal
20020723,0.7,31.95,25.76,West Bengal
20020724,0.07,32.83,25.57,West Bengal
20020725,0.02,34.35,26.67,West Bengal
20020726,0.03,33.72,26.25,West Bengal
20020727,1.57,31.0,25.88,West Bengal
20020728,2.23,30.95,26.13,West Bengal
20020729,4.34,32.75,25.92,West Bengal
20020730,2.29,31.92,26.83,West Bengal
20020731,2.03,31.09,25.84,West Bengal
20020801,0.45,32.11,25.3,West Bengal
20020802,2.3,29.64,26.58,West Bengal
20020803,10.02,31.22,25.94,West Bengal
20020804,18.9,30.98,25.03,West Bengal
20020805,4.05,30.79,26.01,West Bengal
20020806,0.39,30.96,25.49,West Bengal
20020807,0.13,32.27,25.04,West Bengal
20020808,0.99,32.73,25.83,West Bengal
20020809,1.34,31.21,26.55,West Bengal
20020810,2.86,31.88,26.61,West Bengal
20020811,78.16,31.72,27.22,West Bengal
20020812,40.89,30.02,26.59,West Bengal
20020813,10.23,29.95,26.02,West Bengal
20020814,9.34,30.28,25.7,West Bengal
20020815,9.71,31.59,25.5,West Bengal
20020816,11.17,28.74,26.5,West Bengal
20020817,3.17,30.35,26.16,West Bengal
20020818,1.32,31.09,26.37,West Bengal
20020819,4.5,30.4,26.3,West Bengal
20020820,7.06,31.39,25.75,West Bengal
20020821,4.47,31.99,25.41,West Bengal
20020822,8.03,30.98,25.52,West Bengal
20020823,12.05,30.08,25.89,West Bengal
20020824,6.96,29.55,25.39,West Bengal
20020825,3.76,29.18,24.91,West Bengal
20020826,3.56,30.61,25.1,West Bengal
20020827,3.48,31.44,25.16,West Bengal
20020828,2.58,31.35,25.78,West Bengal
20020829,1.95,28.39,24.8,West Bengal
20020830,6.24,30.4,25.09,West Bengal
20020831,5.29,30.31,25.39,West Bengal
20020901,2.83,29.54,25.02,West Bengal
20020902,3.37,29.48,25.24,West Bengal
20020903,5.51,29.79,24.96,West Bengal
20020904,12.8,30.82,24.24,West Bengal
20020905,2.98,30.2,24.5,West Bengal
20020906,3.32,29.76,24.55,West Bengal
20020907,1.35,30.6,23.99,West Bengal
20020908,4.11,30.64,25.24,West Bengal
20020909,5.7,29.87,25.69,West Bengal
20020910,15.77,28.69,25.58,West Bengal
20020911,11.46,28.31,25.13,West Bengal
20020912,3.19,29.06,24.88,West Bengal
20020913,0.63,31.59,24.24,West Bengal
20020914,0.93,31.52,23.82,West Bengal
20020915,4.69,29.37,24.51,West Bengal
20020916,3.64,31.63,25.05,West Bengal
20020917,1.13,32.92,24.06,West Bengal
20020918,0.16,31.33,24.32,West Bengal
20020919,0.29,31.16,24.22,West Bengal
20020920,12.04,30.85,24.38,West Bengal
20020921,4.25,29.61,25.26,West Bengal
20020922,2.46,28.86,24.88,West Bengal
20020923,8.03,28.79,25.32,West Bengal
20020924,14.61,29.52,25.5,West Bengal
20020925,8.6,29.95,25.43,West Bengal
20020926,5.16,29.77,24.85,West Bengal
20020927,18.24,29.89,24.64,West Bengal
20020928,10.57,31.5,24.71,West Bengal
20020929,2.48,30.77,25.05,West Bengal
20020930,0.13,31.51,24.16,West Bengal
20021001,1.71,31.42,24.98,West Bengal
20021002,9.89,32.2,24.02,West Bengal
20021003,4.06,31.77,24.69,West Bengal
20021004,0.0,31.52,21.79,West Bengal
20021005,0.0,31.68,22.58,West Bengal
20021006,0.0,31.79,24.16,West Bengal
20021007,0.36,31.8,23.65,West Bengal
20021008,3.37,31.2,24.21,West Bengal
20021009,1.61,30.16,24.41,West Bengal
20021010,0.67,30.89,23.99,West Bengal
20021011,0.98,31.33,22.56,West Bengal
20021012,8.58,30.39,22.41,West Bengal
20021013,5.22,28.74,22.38,West Bengal
20021014,1.07,27.13,21.76,West Bengal
20021015,0.14,28.31,22.34,West Bengal
20021016,0.0,29.88,20.86,West Bengal
20021017,1.1,30.27,22.88,West Bengal
20021018,28.42,28.82,23.72,West Bengal
20021019,5.93,27.47,21.76,West Bengal
20021020,0.0,29.58,19.89,West Bengal
20021021,0.0,29.75,20.38,West Bengal
20021022,0.0,28.83,18.87,West Bengal
20021023,0.0,28.98,20.79,West Bengal
20021024,0.0,29.12,21.71,West Bengal
20021025,0.0,28.96,20.53,West Bengal
20021026,0.0,28.82,18.66,West Bengal
20021027,0.0,28.02,17.0,West Bengal
20021028,0.0,27.46,15.41,West Bengal
20021029,0.0,27.23,17.2,West Bengal
20021030,0.0,26.58,16.45,West Bengal
20021031,0.0,27.46,16.64,West Bengal
20021101,0.0,27.4,18.45,West Bengal
20021102,0.0,27.54,18.55,West Bengal
20021103,0.0,28.25,17.98,West Bengal
20021104,0.0,28.52,17.69,West Bengal
20021105,0.0,28.61,17.82,West Bengal
20021106,0.0,28.19,18.15,West Bengal
20021107,0.0,27.89,19.31,West Bengal
20021108,0.0,28.67,18.22,West Bengal
20021109,0.0,28.1,16.98,West Bengal
20021110,0.0,27.56,18.46,West Bengal
20021111,0.8,24.49,19.08,West Bengal
20021112,51.93,22.42,19.77,West Bengal
20021113,0.46,27.01,18.48,West Bengal
20021114,0.0,26.87,16.21,West Bengal
20021115,0.0,26.62,13.51,West Bengal
20021116,0.0,26.27,13.06,West Bengal
20021117,0.0,26.09,12.94,West Bengal
20021118,0.0,25.78,13.73,West Bengal
20021119,0.0,25.99,15.01,West Bengal
20021120,0.0,26.58,13.83,West Bengal
20021121,0.0,27.02,14.84,West Bengal
20021122,0.0,25.72,14.23,West Bengal
20021123,0.0,26.36,14.58,West Bengal
20021124,0.0,26.97,15.66,West Bengal
20021125,0.0,27.56,15.76,West Bengal
20021126,0.0,27.04,15.92,West Bengal
20021127,0.0,26.48,13.83,West Bengal
20021128,0.0,26.25,14.18,West Bengal
20021129,0.0,26.13,14.1,West Bengal
20021130,0.0,26.59,13.05,West Bengal
20021201,0.0,26.26,12.59,West Bengal
20021202,0.0,25.59,11.61,West Bengal
20021203,0.0,25.21,10.87,West Bengal
20021204,0.0,25.03,12.71,West Bengal
20021205,0.0,24.68,11.96,West Bengal
20021206,0.0,24.98,11.59,West Bengal
20021207,0.17,25.09,10.88,West Bengal
20021208,0.0,24.59,10.17,West Bengal
20021209,0.0,24.43,9.33,West Bengal
20021210,0.0,24.65,9.59,West Bengal
20021211,0.0,24.41,8.83,West Bengal
20021212,0.0,24.41,10.61,West Bengal
20021213,0.0,24.78,10.84,West Bengal
20021214,0.0,24.58,10.87,West Bengal
20021215,0.0,24.65,10.54,West Bengal
20021216,0.0,25.07,11.11,West Bengal
20021217,0.0,24.77,11.46,West Bengal
20021218,0.0,25.52,12.16,West Bengal
20021219,0.0,26.55,12.0,West Bengal
20021220,0.0,27.56,12.79,West Bengal
20021221,0.0,27.03,13.46,West Bengal
20021222,0.0,26.04,12.86,West Bengal
20021223,0.0,24.41,10.51,West Bengal
20021224,0.0,24.99,12.01,West Bengal
20021225,0.19,24.64,11.81,West Bengal
20021226,0.0,25.29,15.57,West Bengal
20021227,0.0,24.32,12.27,West Bengal
20021228,0.0,23.71,10.21,West Bengal
20021229,0.0,23.19,10.69,West Bengal
20021230,0.0,22.73,10.28,West Bengal
20021231,0.0,23.1,9.77,West Bengal
20030101,0.08,18.31,11.48,West Bengal
20030102,0.0,23.32,8.67,West Bengal
20030103,0.0,24.94,9.19,West Bengal
20030104,0.0,24.79,10.07,West Bengal
20030105,0.0,21.96,9.09,West Bengal
20030106,0.0,22.82,7.93,West Bengal
20030107,0.0,23.03,7.75,West Bengal
20030108,0.0,22.66,7.18,West Bengal
20030109,0.0,21.62,6.48,West Bengal
20030110,0.0,21.48,6.49,West Bengal
20030111,0.0,21.53,6.9,West Bengal
20030112,0.0,21.08,8.14,West Bengal
20030113,0.0,22.44,7.97,West Bengal
20030114,0.0,23.49,8.32,West Bengal
20030115,0.0,23.16,4.76,West Bengal
20030116,0.0,23.89,6.23,West Bengal
20030117,0.0,24.19,6.47,West Bengal
20030118,0.0,25.32,7.09,West Bengal
20030119,0.0,25.88,7.28,West Bengal
20030120,0.0,24.85,7.05,West Bengal
20030121,0.0,24.16,7.39,West Bengal
20030122,0.0,23.95,5.92,West Bengal
20030123,0.0,25.12,8.89,West Bengal
20030124,0.0,25.97,10.48,West Bengal
20030125,0.0,26.32,10.03,West Bengal
20030126,0.0,25.94,11.77,West Bengal
20030127,0.0,27.18,12.59,West Bengal
20030128,0.0,27.46,11.93,West Bengal
20030129,0.06,26.93,11.68,West Bengal
20030130,0.04,26.75,14.63,West Bengal
20030131,0.0,28.89,15.34,West Bengal
20030201,0.78,29.76,16.4,West Bengal
20030202,0.31,30.25,14.94,West Bengal
20030203,0.05,30.68,15.61,West Bengal
20030204,0.15,31.39,16.1,West Bengal
20030205,0.1,26.29,16.61,West Bengal
20030206,0.0,28.69,15.84,West Bengal
20030207,0.0,28.55,15.04,West Bengal
20030208,0.15,29.83,15.36,West Bengal
20030209,0.62,29.78,16.61,West Bengal
20030210,0.07,29.83,16.02,West Bengal
20030211,0.92,30.46,15.49,West Bengal
20030212,1.67,30.16,17.65,West Bengal
20030213,3.04,29.23,16.78,West Bengal
20030214,0.91,29.13,15.23,West Bengal
20030215,0.0,29.52,14.57,West Bengal
20030216,0.0,29.57,13.05,West Bengal
20030217,0.0,30.26,14.82,West Bengal
20030218,0.14,31.9,15.21,West Bengal
20030219,0.22,30.51,17.88,West Bengal
20030220,1.26,30.63,17.33,West Bengal
20030221,0.01,30.34,16.66,West Bengal
20030222,0.0,29.72,11.63,West Bengal
20030223,0.0,30.21,13.66,West Bengal
20030224,0.0,31.0,15.12,West Bengal
20030225,0.0,32.47,15.41,West Bengal
20030226,0.01,32.57,16.18,West Bengal
20030227,0.01,33.61,16.39,West Bengal
20030228,0.0,33.31,17.91,West Bengal
20030301,0.01,34.83,19.23,West Bengal
20030302,0.01,35.78,19.9,West Bengal
20030303,0.03,37.54,19.4,West Bengal
20030304,0.0,36.86,19.76,West Bengal
20030305,0.0,31.49,13.6,West Bengal
20030306,0.0,31.68,11.46,West Bengal
20030307,0.0,31.94,12.24,West Bengal
20030308,0.0,31.87,13.0,West Bengal
20030309,0.0,32.29,14.86,West Bengal
20030310,0.0,33.57,15.82,West Bengal
20030311,3.54,29.71,18.41,West Bengal
20030312,29.61,29.72,19.89,West Bengal
20030313,9.5,29.22,20.25,West Bengal
20030314,11.95,30.38,18.4,West Bengal
20030315,6.67,31.88,20.45,West Bengal
20030316,2.43,32.59,20.24,West Bengal
20030317,7.83,32.43,21.21,West Bengal
20030318,0.35,32.95,21.17,West Bengal
20030319,6.61,32.8,19.47,West Bengal
20030320,1.59,32.93,19.09,West Bengal
20030321,0.0,33.76,19.32,West Bengal
20030322,0.0,33.88,18.63,West Bengal
20030323,0.0,34.1,20.05,West Bengal
20030324,0.0,34.98,19.9,West Bengal
20030325,0.52,35.62,21.25,West Bengal
20030326,0.38,35.81,22.35,West Bengal
20030327,3.64,35.33,22.74,West Bengal
20030328,1.53,36.04,21.7,West Bengal
20030329,0.02,35.86,21.51,West Bengal
20030330,12.05,34.87,23.15,West Bengal
20030331,12.12,35.71,23.93,West Bengal
20030401,0.08,36.37,22.22,West Bengal
20030402,0.33,37.32,20.24,West Bengal
20030403,0.02,38.67,23.24,West Bengal
20030404,0.61,36.26,24.04,West Bengal
20030405,0.45,35.87,24.15,West Bengal
20030406,0.01,38.27,23.64,West Bengal
20030407,0.0,39.16,23.43,West Bengal
20030408,0.0,39.67,22.58,West Bengal
20030409,0.0,39.99,21.74,West Bengal
20030410,0.0,39.93,22.88,West Bengal
20030411,0.0,40.66,23.53,West Bengal
20030412,0.0,41.57,24.46,West Bengal
20030413,0.0,41.94,23.37,West Bengal
20030414,1.49,41.15,25.67,West Bengal
20030415,1.11,41.29,25.3,West Bengal
20030416,2.59,40.97,25.69,West Bengal
20030417,3.23,41.25,25.75,West Bengal
20030418,0.26,41.16,25.94,West Bengal
20030419,0.53,41.14,25.99,West Bengal
20030420,0.46,40.34,26.27,West Bengal
20030421,1.0,40.79,26.07,West Bengal
20030422,1.67,41.36,25.74,West Bengal
20030423,0.52,40.87,26.03,West Bengal
20030424,0.01,41.36,25.98,West Bengal
20030425,0.01,41.05,26.02,West Bengal
20030426,0.02,42.25,26.52,West Bengal
20030427,0.19,41.94,27.04,West Bengal
20030428,0.85,40.29,26.95,West Bengal
20030429,0.3,40.89,26.51,West Bengal
20030430,2.18,38.86,26.35,West Bengal
20030501,0.94,38.38,26.39,West Bengal
20030502,6.38,39.01,26.23,West Bengal
20030503,2.0,41.45,26.38,West Bengal
20030504,0.0,44.23,27.03,West Bengal
20030505,0.0,41.36,25.08,West Bengal
20030506,0.38,42.05,25.22,West Bengal
20030507,0.3,42.03,26.3,West Bengal
20030508,3.0,41.46,27.19,West Bengal
20030509,3.1,40.09,26.51,West Bengal
20030510,3.2,39.33,26.0,West Bengal
20030511,0.93,40.09,25.64,West Bengal
20030512,0.32,41.26,25.91,West Bengal
20030513,0.0,39.31,28.07,West Bengal
20030514,0.18,39.8,27.54,West Bengal
20030515,1.07,39.1,27.17,West Bengal
20030516,0.08,41.67,27.18,West Bengal
20030517,0.0,39.92,28.43,West Bengal
20030518,0.16,42.97,27.09,West Bengal
20030519,0.23,41.12,27.18,West Bengal
20030520,2.34,43.31,27.86,West Bengal
20030521,22.0,37.99,27.79,West Bengal
20030522,16.83,34.87,26.81,West Bengal
20030523,2.75,38.8,26.55,West Bengal
20030524,9.85,36.35,27.3,West Bengal
20030525,1.73,39.16,26.81,West Bengal
20030526,0.01,42.86,27.48,West Bengal
20030527,0.0,43.26,27.31,West Bengal
20030528,0.02,43.51,28.2,West Bengal
20030529,0.04,43.64,26.74,West Bengal
20030530,0.06,42.03,28.09,West Bengal
20030531,0.01,41.65,27.79,West Bengal
20030601,0.0,41.78,27.7,West Bengal
20030602,0.0,38.95,28.77,West Bengal
20030603,3.83,38.43,28.7,West Bengal
20030604,8.77,36.82,28.16,West Bengal
20030605,3.64,36.33,28.26,West Bengal
20030606,1.16,37.54,29.1,West Bengal
20030607,6.84,37.12,28.25,West Bengal
20030608,4.08,38.41,28.55,West Bengal
20030609,1.3,40.93,28.28,West Bengal
20030610,0.84,38.9,28.99,West Bengal
20030611,3.49,40.96,28.44,West Bengal
20030612,2.02,43.17,29.21,West Bengal
20030613,0.15,39.97,29.31,West Bengal
20030614,0.9,37.19,28.26,West Bengal
20030615,0.96,34.91,27.36,West Bengal
20030616,0.22,38.23,27.15,West Bengal
20030617,0.36,37.82,28.1,West Bengal
20030618,8.96,30.87,27.3,West Bengal
20030619,10.19,32.45,26.91,West Bengal
20030620,59.81,31.77,25.5,West Bengal
20030621,38.63,31.12,26.42,West Bengal
20030622,21.76,31.94,26.54,West Bengal
20030623,17.63,30.37,26.76,West Bengal
20030624,14.18,31.84,26.57,West Bengal
20030625,13.56,31.62,26.53,West Bengal
20030626,5.69,30.42,26.72,West Bengal
20030627,5.44,32.27,26.68,West Bengal
20030628,16.49,31.55,26.44,West Bengal
20030629,11.96,31.78,26.39,West Bengal
20030630,13.55,30.93,26.35,West Bengal
20030701,8.51,30.57,26.29,West Bengal
20030702,1.53,31.78,26.19,West Bengal
20030703,7.42,31.78,26.07,West Bengal
20030704,11.4,31.77,26.32,West Bengal
20030705,6.28,32.28,25.68,West Bengal
20030706,5.49,31.2,26.24,West Bengal
20030707,1.3,32.34,25.99,West Bengal
20030708,0.75,31.14,26.47,West Bengal
20030709,1.7,32.46,26.62,West Bengal
20030710,13.64,30.93,26.13,West Bengal
20030711,13.89,31.64,26.75,West Bengal
20030712,5.52,30.76,26.85,West Bengal
20030713,9.68,29.93,26.7,West Bengal
20030714,7.66,30.19,26.57,West Bengal
20030715,0.92,29.92,25.65,West Bengal
20030716,1.51,33.32,25.59,West Bengal
20030717,3.76,33.09,25.49,West Bengal
20030718,5.64,32.28,25.33,West Bengal
20030719,5.62,32.86,25.63,West Bengal
20030720,2.67,33.3,26.54,West Bengal
20030721,3.17,31.06,26.8,West Bengal
20030722,6.92,32.33,26.73,West Bengal
20030723,8.23,33.0,26.55,West Bengal
20030724,2.85,32.15,26.96,West Bengal
20030725,13.62,30.76,27.2,West Bengal
20030726,8.47,32.87,26.65,West Bengal
20030727,8.77,31.99,26.98,West Bengal
20030728,1.95,32.81,26.21,West Bengal
20030729,8.71,31.57,26.55,West Bengal
20030730,16.5,28.78,26.51,West Bengal
20030731,12.05,30.6,25.98,West Bengal
20030801,6.8,29.64,25.22,West Bengal
20030802,2.29,31.15,25.25,West Bengal
20030803,1.82,32.24,24.5,West Bengal
20030804,1.69,30.95,25.06,West Bengal
20030805,0.29,32.84,25.9,West Bengal
20030806,1.03,32.72,25.51,West Bengal
20030807,1.31,32.49,25.89,West Bengal
20030808,0.65,31.55,26.31,West Bengal
20030809,3.4,30.86,26.58,West Bengal
20030810,5.06,31.56,26.2,West Bengal
20030811,5.96,31.85,26.87,West Bengal
20030812,4.91,32.11,26.92,West Bengal
20030813,13.43,31.37,26.37,West Bengal
20030814,3.61,31.94,26.75,West Bengal
20030815,5.19,30.62,26.47,West Bengal
20030816,0.82,31.9,26.62,West Bengal
20030817,0.18,32.53,26.72,West Bengal
20030818,0.83,31.1,26.9,West Bengal
20030819,0.63,32.23,26.81,West Bengal
20030820,0.49,32.29,26.35,West Bengal
20030821,3.65,33.14,25.9,West Bengal
20030822,10.18,31.97,26.59,West Bengal
20030823,8.36,32.1,26.56,West Bengal
20030824,16.26,30.35,26.26,West Bengal
20030825,2.31,31.95,25.86,West Bengal
20030826,2.71,33.58,26.21,West Bengal
20030827,21.18,31.75,26.36,West Bengal
20030828,10.0,30.39,26.23,West Bengal
20030829,8.65,31.33,25.76,West Bengal
20030830,9.61,32.58,25.84,West Bengal
20030831,4.37,32.4,26.01,West Bengal
20030901,4.57,32.13,26.14,West Bengal
20030902,2.76,31.37,26.22,West Bengal
20030903,0.82,32.94,26.02,West Bengal
20030904,0.5,32.12,26.07,West Bengal
20030905,3.74,32.13,26.04,West Bengal
20030906,11.16,30.64,25.65,West Bengal
20030907,14.45,31.21,25.38,West Bengal
20030908,6.53,31.58,25.68,West Bengal
20030909,0.63,31.8,25.99,West Bengal
20030910,0.12,29.94,26.07,West Bengal
20030911,2.8,31.92,25.75,West Bengal
20030912,3.83,30.44,25.64,West Bengal
20030913,1.6,31.95,25.88,West Bengal
20030914,0.91,30.72,25.87,West Bengal
20030915,0.88,29.93,25.91,West Bengal
20030916,0.9,31.37,25.36,West Bengal
20030917,0.72,31.76,25.08,West Bengal
20030918,0.98,30.86,24.66,West Bengal
20030919,0.99,31.66,25.63,West Bengal
20030920,1.29,30.07,25.83,West Bengal
20030921,0.56,30.56,25.43,West Bengal
20030922,1.8,30.93,25.25,West Bengal
20030923,4.35,31.54,24.71,West Bengal
20030924,10.1,29.14,25.24,West Bengal
20030925,8.55,30.65,24.67,West Bengal
20030926,10.49,29.52,24.96,West Bengal
20030927,8.88,29.52,24.27,West Bengal
20030928,4.24,30.08,25.06,West Bengal
20030929,1.37,29.76,25.15,West Bengal
20030930,13.28,31.86,24.36,West Bengal
20031001,5.78,31.48,25.26,West Bengal
20031002,3.64,30.69,24.92,West Bengal
20031003,2.58,30.16,25.04,West Bengal
20031004,2.47,30.11,25.04,West Bengal
20031005,8.81,29.63,24.14,West Bengal
20031006,21.78,28.4,23.83,West Bengal
20031007,90.56,26.61,23.81,West Bengal
20031008,44.87,28.09,24.53,West Bengal
20031009,16.11,29.51,25.59,West Bengal
20031010,4.07,30.22,25.61,West Bengal
20031011,0.01,30.7,23.4,West Bengal
20031012,0.02,30.76,20.84,West Bengal
20031013,0.0,30.6,21.34,West Bengal
20031014,0.0,28.79,19.93,West Bengal
20031015,0.0,29.52,18.12,West Bengal
20031016,0.12,29.95,22.02,West Bengal
20031017,2.19,30.79,22.73,West Bengal
20031018,1.87,29.0,23.8,West Bengal
20031019,3.73,30.28,23.48,West Bengal
20031020,2.56,31.36,23.87,West Bengal
20031021,4.97,31.05,24.09,West Bengal
20031022,2.66,30.77,22.78,West Bengal
20031023,3.29,29.64,24.29,West Bengal
20031024,8.55,28.15,23.38,West Bengal
20031025,10.2,27.84,22.58,West Bengal
20031026,4.37,28.77,23.3,West Bengal
20031027,13.35,30.47,24.04,West Bengal
20031028,3.29,29.74,23.95,West Bengal
20031029,0.05,31.1,23.14,West Bengal
20031030,0.3,30.77,23.18,West Bengal
20031031,4.14,28.49,22.75,West Bengal
20031101,4.52,28.79,21.64,West Bengal
20031102,1.64,29.71,20.65,West Bengal
20031103,0.09,29.25,20.89,West Bengal
20031104,0.0,28.73,20.85,West Bengal
20031105,0.0,28.18,19.28,West Bengal
20031106,0.0,28.2,17.14,West Bengal
20031107,0.0,28.36,16.95,West Bengal
20031108,0.0,28.57,16.65,West Bengal
20031109,0.0,27.41,16.34,West Bengal
20031110,0.0,27.79,16.71,West Bengal
20031111,0.0,28.12,18.13,West Bengal
20031112,0.0,27.22,16.12,West Bengal
20031113,0.0,26.55,15.66,West Bengal
20031114,0.0,26.81,15.4,West Bengal
20031115,0.0,26.64,14.91,West Bengal
20031116,0.0,26.81,14.73,West Bengal
20031117,0.0,26.35,14.32,West Bengal
20031118,0.0,26.52,14.15,West Bengal
20031119,0.0,27.28,14.9,West Bengal
20031120,0.0,27.51,16.23,West Bengal
20031121,0.0,26.28,14.65,West Bengal
20031122,0.0,24.76,11.07,West Bengal
20031123,0.0,25.11,11.74,West Bengal
20031124,0.0,26.0,14.22,West Bengal
20031125,0.0,25.98,14.51,West Bengal
20031126,0.0,26.34,14.72,West Bengal
20031127,0.0,25.45,13.46,West Bengal
20031128,0.0,24.75,11.24,West Bengal
20031129,0.0,24.14,10.91,West Bengal
20031130,0.0,24.54,11.06,West Bengal
20031201,0.0,23.76,10.44,West Bengal
20031202,0.0,24.13,10.72,West Bengal
20031203,0.0,24.18,10.64,West Bengal
20031204,0.0,24.35,11.56,West Bengal
20031205,0.0,24.28,11.56,West Bengal
20031206,0.0,23.16,11.01,West Bengal
20031207,0.0,24.03,12.71,West Bengal
20031208,0.0,23.5,11.76,West Bengal
20031209,0.0,25.28,12.51,West Bengal
20031210,0.0,26.08,13.32,West Bengal
20031211,0.0,26.44,13.61,West Bengal
20031212,0.0,25.94,12.67,West Bengal
20031213,0.0,25.25,11.97,West Bengal
20031214,0.0,25.66,11.86,West Bengal
20031215,0.02,23.36,14.21,West Bengal
20031216,0.78,23.3,15.92,West Bengal
20031217,6.98,21.76,16.05,West Bengal
20031218,0.71,22.93,15.94,West Bengal
20031219,0.88,25.72,16.68,West Bengal
20031220,0.04,25.67,14.63,West Bengal
20031221,0.0,25.04,11.25,West Bengal
20031222,0.0,24.5,9.6,West Bengal
20031223,0.0,23.49,8.74,West Bengal
20031224,0.0,24.48,9.44,West Bengal
20031225,0.0,24.21,9.32,West Bengal
20031226,0.0,23.92,8.25,West Bengal
20031227,0.32,22.06,8.8,West Bengal
20031228,4.47,17.43,12.34,West Bengal
20031229,0.0,21.03,8.71,West Bengal
20031230,0.0,21.56,8.1,West Bengal
20031231,0.0,22.26,8.15,West Bengal
20040101,0.0,21.96,7.39,West Bengal
20040102,0.0,22.04,7.28,West Bengal
20040103,0.0,21.59,6.92,West Bengal
20040104,0.0,20.59,6.29,West Bengal
20040105,0.0,20.66,5.99,West Bengal
20040106,0.0,21.41,7.25,West Bengal
20040107,0.0,22.76,7.64,West Bengal
20040108,0.0,23.88,7.85,West Bengal
20040109,0.0,23.03,7.08,West Bengal
20040110,0.0,23.29,7.65,West Bengal
20040111,0.0,23.69,7.55,West Bengal
20040112,0.0,23.7,8.85,West Bengal
20040113,0.0,24.33,9.72,West Bengal
20040114,0.0,25.29,10.98,West Bengal
20040115,0.0,26.88,11.38,West Bengal
20040116,0.0,25.72,13.12,West Bengal
20040117,0.0,25.6,11.3,West Bengal
20040118,0.0,25.99,12.89,West Bengal
20040119,0.08,27.92,14.95,West Bengal
20040120,0.0,26.65,11.19,West Bengal
20040121,0.0,26.29,13.86,West Bengal
20040122,0.14,27.61,15.13,West Bengal
20040123,0.06,27.89,15.54,West Bengal
20040124,1.35,27.02,15.84,West Bengal
20040125,0.0,25.69,13.58,West Bengal
20040126,0.0,23.04,11.03,West Bengal
20040127,0.0,24.89,10.44,West Bengal
20040128,0.0,23.95,9.53,West Bengal
20040129,0.0,24.45,8.17,West Bengal
20040130,0.0,24.96,12.05,West Bengal
20040131,0.64,26.77,14.35,West Bengal
20040201,0.5,20.77,14.55,West Bengal
20040202,0.0,27.41,12.88,West Bengal
20040203,0.0,24.3,11.58,West Bengal
20040204,0.0,23.81,7.44,West Bengal
20040205,0.0,25.4,8.54,West Bengal
20040206,0.07,22.68,13.01,West Bengal
20040207,0.03,25.68,11.84,West Bengal
20040208,0.0,24.66,9.02,West Bengal
20040209,0.0,25.8,8.99,West Bengal
20040210,0.0,27.61,10.67,West Bengal
20040211,0.0,29.04,11.87,West Bengal
20040212,0.0,30.07,13.24,West Bengal
20040213,0.0,30.25,12.75,West Bengal
20040214,0.0,29.98,14.45,West Bengal
20040215,0.0,29.66,12.6,West Bengal
20040216,0.0,29.57,13.41,West Bengal
20040217,0.0,30.29,13.86,West Bengal
20040218,0.0,30.66,14.88,West Bengal
20040219,0.0,30.91,15.15,West Bengal
20040220,0.0,32.39,16.45,West Bengal
20040221,0.0,30.93,14.12,West Bengal
20040222,0.0,30.8,15.43,West Bengal
20040223,0.0,32.12,13.26,West Bengal
20040224,0.0,31.89,13.69,West Bengal
20040225,0.0,31.62,13.82,West Bengal
20040226,0.0,31.48,14.48,West Bengal
20040227,0.0,32.87,14.77,West Bengal
20040228,0.0,34.74,15.62,West Bengal
20040229,0.0,35.92,17.36,West Bengal
20040301,0.0,35.38,15.19,West Bengal
20040302,0.0,34.86,13.47,West Bengal
20040303,0.0,34.47,13.2,West Bengal
20040304,0.0,34.18,12.8,West Bengal
20040305,0.0,34.57,13.37,West Bengal
20040306,0.0,35.93,14.63,West Bengal
20040307,3.08,29.98,20.21,West Bengal
20040308,0.0,32.52,16.85,West Bengal
20040309,0.0,34.88,16.98,West Bengal
20040310,1.37,33.31,19.33,West Bengal
20040311,0.03,33.17,18.37,West Bengal
20040312,0.0,35.02,18.42,West Bengal
20040313,0.0,36.32,18.77,West Bengal
20040314,0.0,37.02,20.48,West Bengal
20040315,0.0,38.03,20.55,West Bengal
20040316,0.0,37.49,20.24,West Bengal
20040317,0.0,38.21,20.25,West Bengal
20040318,0.0,38.74,21.61,West Bengal
20040319,0.13,37.49,22.77,West Bengal
20040320,0.68,39.7,21.92,West Bengal
20040321,0.0,39.15,21.04,West Bengal
20040322,0.0,40.56,21.45,West Bengal
20040323,0.0,41.9,22.94,West Bengal
20040324,0.0,42.16,22.87,West Bengal
20040325,0.0,41.0,22.88,West Bengal
20040326,0.0,40.53,22.65,West Bengal
20040327,0.0,41.38,24.12,West Bengal
20040328,1.16,41.37,23.67,West Bengal
20040329,0.07,41.47,23.4,West Bengal
20040330,1.0,38.7,24.67,West Bengal
20040331,0.06,39.04,25.27,West Bengal
20040401,0.0,39.88,23.9,West Bengal
20040402,0.36,38.72,25.19,West Bengal
20040403,0.11,40.81,23.7,West Bengal
20040404,5.66,38.76,24.86,West Bengal
20040405,1.14,38.05,24.92,West Bengal
20040406,9.31,37.38,25.01,West Bengal
20040407,7.74,35.93,24.68,West Bengal
20040408,0.42,37.77,22.27,West Bengal
20040409,0.66,38.16,25.05,West Bengal
20040410,0.29,41.0,25.12,West Bengal
20040411,0.52,41.98,25.85,West Bengal
20040412,0.39,42.7,25.95,West Bengal
20040413,0.0,43.72,25.33,West Bengal
20040414,0.0,44.36,25.2,West Bengal
20040415,0.0,44.8,25.17,West Bengal
20040416,0.0,45.11,24.26,West Bengal
20040417,0.0,44.8,25.65,West Bengal
20040418,0.03,44.76,26.04,West Bengal
20040419,1.94,41.37,26.38,West Bengal
20040420,1.03,39.01,26.53,West Bengal
20040421,4.99,38.31,25.96,West Bengal
20040422,1.94,39.06,25.73,West Bengal
20040423,18.98,37.71,25.54,West Bengal
20040424,2.38,37.27,25.12,West Bengal
20040425,0.03,35.65,23.73,West Bengal
20040426,8.3,36.25,24.21,West Bengal
20040427,0.41,35.76,24.86,West Bengal
20040428,0.15,37.9,24.16,West Bengal
20040429,7.25,37.89,25.38,West Bengal
20040430,2.11,40.57,25.26,West Bengal
20040501,0.6,40.85,25.21,West Bengal
20040502,0.11,41.39,25.89,West Bengal
20040503,0.0,40.74,25.7,West Bengal
20040504,0.0,40.61,25.67,West Bengal
20040505,0.0,41.76,25.42,West Bengal
20040506,0.0,42.61,26.21,West Bengal
20040507,0.0,42.88,26.74,West Bengal
20040508,0.0,42.46,27.07,West Bengal
20040509,0.0,42.19,27.01,West Bengal
20040510,0.0,43.78,27.42,West Bengal
20040511,0.0,43.38,28.35,West Bengal
20040512,0.0,45.15,28.79,West Bengal
20040513,0.01,44.63,29.38,West Bengal
20040514,0.33,42.29,30.24,West Bengal
20040515,1.93,40.42,30.0,West Bengal
20040516,0.19,39.52,28.82,West Bengal
20040517,0.0,39.46,27.71,West Bengal
20040518,0.07,40.72,28.55,West Bengal
20040519,1.72,43.58,28.77,West Bengal
20040520,3.2,44.2,28.83,West Bengal
20040521,13.55,43.36,28.43,West Bengal
20040522,11.99,41.04,27.66,West Bengal
20040523,4.25,39.93,28.41,West Bengal
20040524,2.17,37.05,27.95,West Bengal
20040525,4.93,35.48,27.19,West Bengal
20040526,0.87,35.73,26.63,West Bengal
20040527,1.3,38.22,26.54,West Bengal
20040528,0.21,39.26,27.44,West Bengal
20040529,0.43,39.19,27.86,West Bengal
20040530,0.55,40.7,27.23,West Bengal
20040531,1.71,38.95,27.3,West Bengal
20040601,8.37,37.17,27.31,West Bengal
20040602,3.74,37.08,27.01,West Bengal
20040603,22.75,34.96,27.46,West Bengal
20040604,5.84,36.06,26.77,West Bengal
20040605,0.05,36.91,26.22,West Bengal
20040606,3.18,34.24,27.08,West Bengal
20040607,0.9,36.52,26.22,West Bengal
20040608,8.17,33.58,27.0,West Bengal
20040609,4.21,34.35,26.38,West Bengal
20040610,1.67,36.79,27.07,West Bengal
20040611,4.24,33.94,27.48,West Bengal
20040612,10.66,33.34,26.75,West Bengal
20040613,25.0,30.79,27.08,West Bengal
20040614,57.3,30.15,26.85,West Bengal
20040615,28.07,30.09,26.6,West Bengal
20040616,3.29,31.98,26.46,West Bengal
20040617,5.02,31.25,26.31,West Bengal
20040618,3.91,32.3,25.97,West Bengal
20040619,14.9,31.06,26.15,West Bengal
20040620,12.78,32.65,26.18,West Bengal
20040621,8.0,32.81,26.59,West Bengal
20040622,5.63,33.6,26.49,West Bengal
20040623,0.4,36.53,26.71,West Bengal
20040624,1.6,34.97,26.56,West Bengal
20040625,4.16,34.73,27.21,West Bengal
20040626,3.33,35.04,27.01,West Bengal
20040627,0.15,35.42,26.67,West Bengal
20040628,3.99,32.47,27.12,West Bengal
20040629,3.76,31.94,26.45,West Bengal
20040630,11.89,31.96,26.47,West Bengal
20040701,7.43,34.15,25.96,West Bengal
20040702,1.45,33.85,26.82,West Bengal
20040703,9.7,31.18,26.61,West Bengal
20040704,6.78,31.79,26.75,West Bengal
20040705,2.48,32.51,27.18,West Bengal
20040706,9.65,31.76,26.75,West Bengal
20040707,8.89,31.68,26.88,West Bengal
20040708,7.1,30.76,26.57,West Bengal
20040709,4.01,30.43,26.51,West Bengal
20040710,0.21,30.01,25.96,West Bengal
20040711,1.99,32.36,25.82,West Bengal
20040712,11.7,31.05,25.8,West Bengal
20040713,5.82,32.05,25.5,West Bengal
20040714,2.23,32.54,25.51,West Bengal
20040715,3.07,30.39,25.87,West Bengal
20040716,5.25,30.22,26.85,West Bengal
20040717,7.28,31.93,26.12,West Bengal
20040718,15.01,30.54,26.3,West Bengal
20040719,15.74,31.82,26.21,West Bengal
20040720,9.28,32.07,25.77,West Bengal
20040721,10.14,32.52,25.06,West Bengal
20040722,3.23,31.84,24.67,West Bengal
20040723,6.36,30.84,26.23,West Bengal
20040724,2.52,30.99,25.7,West Bengal
20040725,2.67,30.35,25.73,West Bengal
20040726,0.86,31.57,25.61,West Bengal
20040727,5.68,32.2,24.84,West Bengal
20040728,6.35,32.24,25.25,West Bengal
20040729,6.91,30.33,25.88,West Bengal
20040730,3.59,30.8,26.01,West Bengal
20040731,2.57,31.7,25.67,West Bengal
20040801,2.21,32.17,25.66,West Bengal
20040802,2.69,31.16,26.05,West Bengal
20040803,6.75,31.96,25.89,West Bengal
20040804,6.98,31.73,26.39,West Bengal
20040805,9.31,30.51,26.25,West Bengal
20040806,4.28,31.06,26.18,West Bengal
20040807,6.82,30.38,25.91,West Bengal
20040808,1.89,32.01,26.2,West Bengal
20040809,2.96,29.81,26.02,West Bengal
20040810,19.01,30.74,25.89,West Bengal
20040811,10.74,30.92,25.74,West Bengal
20040812,27.21,30.99,25.32,West Bengal
20040813,10.97,29.53,26.12,West Bengal
20040814,4.07,31.59,25.75,West Bengal
20040815,2.39,32.26,26.38,West Bengal
20040816,2.16,31.73,26.08,West Bengal
20040817,3.79,31.22,26.25,West Bengal
20040818,7.76,31.87,25.77,West Bengal
20040819,2.49,31.71,26.68,West Bengal
20040820,3.84,31.88,26.45,West Bengal
20040821,6.81,32.53,26.01,West Bengal
20040822,5.59,32.03,26.66,West Bengal
20040823,3.58,31.97,25.96,West Bengal
20040824,1.89,30.51,26.41,West Bengal
20040825,0.95,31.41,26.25,West Bengal
20040826,0.48,30.58,26.51,West Bengal
20040827,8.88,30.93,26.23,West Bengal
20040828,37.26,31.51,25.87,West Bengal
20040829,18.46,29.8,25.52,West Bengal
20040830,9.1,30.74,25.73,West Bengal
20040831,1.02,31.98,25.6,West Bengal
20040901,4.54,31.7,25.08,West Bengal
20040902,7.49,31.94,26.04,West Bengal
20040903,0.9,30.17,25.81,West Bengal
20040904,27.11,31.96,24.73,West Bengal
20040905,9.47,31.48,25.62,West Bengal
20040906,1.47,31.89,25.59,West Bengal
20040907,0.46,32.32,25.11,West Bengal
20040908,0.65,29.92,25.87,West Bengal
20040909,2.17,29.74,26.25,West Bengal
20040910,19.53,28.64,25.83,West Bengal
20040911,41.02,28.64,24.87,West Bengal
20040912,34.05,27.85,24.63,West Bengal
20040913,18.0,29.07,24.98,West Bengal
20040914,26.66,28.44,23.83,West Bengal
20040915,15.37,27.27,25.02,West Bengal
20040916,15.59,27.59,23.8,West Bengal
20040917,6.47,29.86,25.31,West Bengal
20040918,4.52,29.59,25.44,West Bengal
20040919,2.46,28.88,25.0,West Bengal
20040920,0.32,30.17,24.89,West Bengal
20040921,0.77,30.06,24.58,West Bengal
20040922,7.43,30.06,24.38,West Bengal
20040923,2.33,30.98,24.23,West Bengal
20040924,1.31,29.53,24.95,West Bengal
20040925,8.91,29.05,25.15,West Bengal
20040926,6.65,29.7,25.11,West Bengal
20040927,5.02,30.16,24.93,West Bengal
20040928,5.84,29.52,25.12,West Bengal
20040929,3.7,30.16,24.89,West Bengal
20040930,0.64,29.83,24.66,West Bengal
20041001,0.0,30.61,24.52,West Bengal
20041002,1.01,30.55,24.29,West Bengal
20041003,8.05,28.27,24.13,West Bengal
20041004,15.87,27.98,23.68,West Bengal
20041005,31.98,28.06,25.19,West Bengal
20041006,30.08,28.43,25.54,West Bengal
20041007,63.87,27.55,25.77,West Bengal
20041008,5.69,27.33,22.7,West Bengal
20041009,0.0,30.51,21.8,West Bengal
20041010,0.0,31.21,22.86,West Bengal
20041011,6.06,31.54,22.91,West Bengal
20041012,4.15,31.2,23.24,West Bengal
20041013,7.36,29.18,23.08,West Bengal
20041014,3.45,29.96,22.35,West Bengal
20041015,0.2,27.19,20.14,West Bengal
20041016,0.0,28.52,18.25,West Bengal
20041017,0.0,27.61,17.42,West Bengal
20041018,0.0,27.54,16.31,West Bengal
20041019,0.0,28.8,18.07,West Bengal
20041020,0.0,29.23,19.25,West Bengal
20041021,0.0,28.71,19.65,West Bengal
20041022,0.0,29.1,19.38,West Bengal
20041023,0.0,29.17,20.3,West Bengal
20041024,0.0,29.06,19.6,West Bengal
20041025,0.0,28.58,19.04,West Bengal
20041026,0.0,29.01,19.59,West Bengal
20041027,0.03,28.94,19.21,West Bengal
20041028,0.02,29.23,19.47,West Bengal
20041029,3.24,29.24,19.11,West Bengal
20041030,0.06,27.43,19.67,West Bengal
20041031,0.0,27.54,17.58,West Bengal
20041101,0.0,26.97,15.91,West Bengal
20041102,0.0,26.61,14.23,West Bengal
20041103,0.0,27.36,15.03,West Bengal
20041104,0.0,26.58,13.45,West Bengal
20041105,0.0,26.68,15.03,West Bengal
20041106,0.0,26.85,15.49,West Bengal
20041107,0.0,27.27,14.95,West Bengal
20041108,0.0,27.73,17.04,West Bengal
20041109,0.0,28.24,18.45,West Bengal
20041110,0.0,27.59,18.08,West Bengal
20041111,0.0,27.34,18.07,West Bengal
20041112,0.0,27.16,16.38,West Bengal
20041113,0.0,26.91,15.85,West Bengal
20041114,0.0,27.37,14.39,West Bengal
20041115,0.0,26.75,14.85,West Bengal
20041116,0.0,26.64,14.49,West Bengal
20041117,0.0,26.18,14.06,West Bengal
20041118,0.0,26.44,15.83,West Bengal
20041119,0.0,27.11,16.56,West Bengal
20041120,0.0,27.07,16.04,West Bengal
20041121,0.0,26.87,16.1,West Bengal
20041122,0.0,26.09,16.92,West Bengal
20041123,0.0,26.32,17.05,West Bengal
20041124,0.0,26.29,16.3,West Bengal
20041125,0.0,26.85,15.83,West Bengal
20041126,0.0,26.55,15.27,West Bengal
20041127,0.0,26.27,14.42,West Bengal
20041128,0.0,26.12,14.7,West Bengal
20041129,0.0,25.59,13.96,West Bengal
20041130,0.0,26.14,13.82,West Bengal
20041201,0.0,25.94,13.75,West Bengal
20041202,0.0,25.27,13.92,West Bengal
20041203,0.0,24.73,11.96,West Bengal
20041204,0.0,24.72,11.98,West Bengal
20041205,0.0,25.24,12.67,West Bengal
20041206,0.0,25.48,13.5,West Bengal
20041207,0.0,24.95,12.11,West Bengal
20041208,0.0,24.5,12.54,West Bengal
20041209,0.0,25.02,13.34,West Bengal
20041210,0.0,25.15,14.16,West Bengal
20041211,0.0,25.51,14.24,West Bengal
20041212,0.0,26.24,14.64,West Bengal
20041213,0.0,25.48,14.93,West Bengal
20041214,0.0,25.78,14.45,West Bengal
20041215,0.0,25.21,14.23,West Bengal
20041216,0.0,25.46,13.28,West Bengal
20041217,0.0,24.56,13.62,West Bengal
20041218,0.0,24.96,13.14,West Bengal
20041219,0.0,24.76,14.37,West Bengal
20041220,0.0,25.04,13.92,West Bengal
20041221,0.0,26.26,15.77,West Bengal
20041222,0.0,26.09,14.29,West Bengal
20041223,0.0,25.57,13.18,West Bengal
20041224,0.0,24.56,13.83,West Bengal
20041225,0.02,25.07,14.35,West Bengal
20041226,0.0,23.17,11.13,West Bengal
20041227,0.0,21.88,7.22,West Bengal
20041228,0.0,20.29,6.49,West Bengal
20041229,0.0,21.24,6.66,West Bengal
20041230,0.0,22.26,8.44,West Bengal
20041231,0.0,22.18,10.69,West Bengal
20050101,0.0,23.94,10.17,West Bengal
20050102,0.0,24.58,12.59,West Bengal
20050103,0.0,24.68,12.89,West Bengal
20050104,0.0,23.42,14.77,West Bengal
20050105,0.0,24.83,11.91,West Bengal
20050106,0.0,24.53,9.65,West Bengal
20050107,0.0,24.07,9.02,West Bengal
20050108,0.0,24.21,10.27,West Bengal
20050109,0.0,22.89,8.84,West Bengal
20050110,0.0,24.72,8.79,West Bengal
20050111,15.76,24.44,10.88,West Bengal
20050112,0.19,23.0,10.68,West Bengal
20050113,0.0,22.52,10.59,West Bengal
20050114,0.0,22.99,9.49,West Bengal
20050115,0.0,23.56,10.15,West Bengal
20050116,0.0,25.2,12.5,West Bengal
20050117,0.0,24.88,12.05,West Bengal
20050118,2.22,25.11,14.48,West Bengal
20050119,1.92,24.85,14.31,West Bengal
20050120,0.0,23.35,9.92,West Bengal
20050121,0.0,22.45,8.0,West Bengal
20050122,0.0,21.23,8.62,West Bengal
20050123,0.18,24.81,11.87,West Bengal
20050124,0.19,24.43,13.4,West Bengal
20050125,0.0,23.26,11.72,West Bengal
20050126,0.0,24.83,9.88,West Bengal
20050127,0.0,25.85,11.04,West Bengal
20050128,2.08,23.14,14.15,West Bengal
20050129,2.33,23.41,13.62,West Bengal
20050130,0.27,26.34,13.26,West Bengal
20050131,0.01,27.06,12.4,West Bengal
20050201,0.47,25.04,13.42,West Bengal
20050202,0.01,25.31,12.89,West Bengal
20050203,0.0,23.77,8.23,West Bengal
20050204,0.0,24.69,8.43,West Bengal
20050205,0.0,26.2,10.73,West Bengal
20050206,0.0,28.28,13.1,West Bengal
20050207,1.44,29.55,14.29,West Bengal
20050208,0.11,28.28,14.17,West Bengal
20050209,0.02,30.23,14.54,West Bengal
20050210,0.0,30.08,14.08,West Bengal
20050211,0.0,30.85,13.31,West Bengal
20050212,0.0,32.55,15.33,West Bengal
20050213,0.0,32.84,16.94,West Bengal
20050214,0.0,31.77,14.49,West Bengal
20050215,0.0,32.04,14.27,West Bengal
20050216,0.0,33.17,18.82,West Bengal
20050217,0.0,33.82,18.42,West Bengal
20050218,0.13,34.25,19.88,West Bengal
20050219,0.07,34.79,21.1,West Bengal
20050220,0.09,34.5,21.1,West Bengal
20050221,0.47,34.93,20.45,West Bengal
20050222,0.0,33.15,17.76,West Bengal
20050223,0.01,31.69,18.31,West Bengal
20050224,0.0,31.31,17.38,West Bengal
20050225,0.0,31.52,13.98,West Bengal
20050226,0.0,32.82,14.22,West Bengal
20050227,0.0,32.96,14.61,West Bengal
20050228,0.0,33.08,15.23,West Bengal
20050301,0.0,34.74,15.95,West Bengal
20050302,0.0,36.31,17.62,West Bengal
20050303,0.0,36.26,19.55,West Bengal
20050304,0.0,37.5,19.47,West Bengal
20050305,0.0,38.32,20.52,West Bengal
20050306,0.02,37.9,22.46,West Bengal
20050307,0.01,38.12,20.91,West Bengal
20050308,0.0,36.73,22.0,West Bengal
20050309,0.0,35.27,21.11,West Bengal
20050310,0.13,35.87,22.16,West Bengal
20050311,8.91,32.45,23.66,West Bengal
20050312,5.77,29.59,17.31,West Bengal
20050313,0.01,32.97,15.51,West Bengal
20050314,0.0,34.6,19.34,West Bengal
20050315,0.0,34.67,18.56,West Bengal
20050316,0.09,34.41,20.0,West Bengal
20050317,0.27,34.89,22.03,West Bengal
20050318,1.9,35.92,21.88,West Bengal
20050319,1.02,36.96,22.0,West Bengal
20050320,0.83,38.6,22.95,West Bengal
20050321,0.0,39.76,21.64,West Bengal
20050322,0.23,40.25,23.17,West Bengal
20050323,8.86,38.01,23.87,West Bengal
20050324,8.67,31.94,21.39,West Bengal
20050325,1.92,33.2,18.73,West Bengal
20050326,0.06,35.43,20.31,West Bengal
20050327,0.0,37.53,19.19,West Bengal
20050328,0.09,37.89,23.3,West Bengal
20050329,0.15,38.77,23.54,West Bengal
20050330,10.07,36.34,23.86,West Bengal
20050331,5.39,34.83,23.77,West Bengal
20050401,0.41,37.46,22.97,West Bengal
20050402,2.67,37.75,22.48,West Bengal
20050403,0.33,38.37,22.22,West Bengal
20050404,0.44,37.98,23.96,West Bengal
20050405,0.0,37.79,21.52,West Bengal
20050406,0.01,37.72,22.79,West Bengal
20050407,0.0,39.46,23.25,West Bengal
20050408,0.0,39.68,24.13,West Bengal
20050409,0.15,39.84,24.9,West Bengal
20050410,14.86,36.65,25.76,West Bengal
20050411,3.93,38.19,26.06,West Bengal
20050412,0.03,38.09,20.61,West Bengal
20050413,0.0,37.5,18.26,West Bengal
20050414,0.0,39.03,20.73,West Bengal
20050415,0.0,40.48,22.96,West Bengal
20050416,0.0,41.04,24.2,West Bengal
20050417,0.0,41.49,26.42,West Bengal
20050418,0.0,40.62,24.98,West Bengal
20050419,0.76,33.77,25.6,West Bengal
20050420,0.03,38.33,24.96,West Bengal
20050421,0.0,40.81,24.35,West Bengal
20050422,0.0,41.59,25.88,West Bengal
20050423,0.26,41.53,25.39,West Bengal
20050424,0.15,41.63,25.98,West Bengal
20050425,0.6,36.41,26.82,West Bengal
20050426,0.42,41.12,25.66,West Bengal
20050427,0.05,42.32,26.22,West Bengal
20050428,0.07,42.78,26.82,West Bengal
20050429,1.54,41.13,27.24,West Bengal
20050430,5.32,38.3,25.97,West Bengal
20050501,2.41,36.9,24.62,West Bengal
20050502,25.96,32.16,25.44,West Bengal
20050503,27.65,34.07,24.05,West Bengal
20050504,0.42,37.65,24.49,West Bengal
20050505,9.0,37.29,26.53,West Bengal
20050506,19.75,35.36,25.17,West Bengal
20050507,9.22,34.88,24.19,West Bengal
20050508,0.28,37.46,25.44,West Bengal
20050509,0.05,39.58,25.96,West Bengal
20050510,0.01,41.06,26.31,West Bengal
20050511,0.0,40.48,26.04,West Bengal
20050512,0.0,40.29,26.11,West Bengal
20050513,0.04,41.2,27.22,West Bengal
20050514,0.04,41.5,27.21,West Bengal
20050515,0.06,42.64,26.89,West Bengal
20050516,0.0,41.92,26.6,West Bengal
20050517,0.64,42.51,27.8,West Bengal
20050518,0.33,42.0,27.57,West Bengal
20050519,3.07,39.14,28.19,West Bengal
20050520,4.13,39.1,27.09,West Bengal
20050521,1.86,40.43,27.41,West Bengal
20050522,0.18,40.94,27.44,West Bengal
20050523,0.08,40.16,27.55,West Bengal
20050524,1.82,39.17,28.13,West Bengal
20050525,0.93,36.61,27.82,West Bengal
20050526,0.0,39.21,28.13,West Bengal
20050527,0.0,37.82,27.76,West Bengal
20050528,0.01,38.57,28.15,West Bengal
20050529,0.0,37.7,27.94,West Bengal
20050530,0.0,39.59,27.14,West Bengal
20050531,0.0,41.34,27.96,West Bengal
20050601,0.06,43.11,27.88,West Bengal
20050602,0.01,43.91,28.55,West Bengal
20050603,0.0,44.37,26.67,West Bengal
20050604,0.35,42.71,28.33,West Bengal
20050605,11.44,36.05,28.15,West Bengal
20050606,3.59,36.12,27.01,West Bengal
20050607,0.13,34.96,27.75,West Bengal
20050608,0.76,38.01,28.36,West Bengal
20050609,0.33,38.13,28.54,West Bengal
20050610,0.06,39.54,27.4,West Bengal
20050611,0.0,37.57,28.83,West Bengal
20050612,0.38,37.97,29.03,West Bengal
20050613,0.22,38.84,28.13,West Bengal
20050614,0.07,39.26,29.2,West Bengal
20050615,0.17,42.29,29.15,West Bengal
20050616,0.02,42.29,29.47,West Bengal
20050617,1.03,39.42,29.61,West Bengal
20050618,1.13,36.57,29.3,West Bengal
20050619,4.75,36.18,28.49,West Bengal
20050620,4.34,34.83,27.78,West Bengal
20050621,1.07,35.56,27.65,West Bengal
20050622,0.71,36.08,27.91,West Bengal
20050623,0.38,35.22,27.71,West Bengal
20050624,4.36,35.19,28.25,West Bengal
20050625,5.2,32.97,27.56,West Bengal
20050626,1.52,33.32,26.59,West Bengal
20050627,22.07,34.31,26.68,West Bengal
20050628,25.85,31.14,26.7,West Bengal
20050629,2.27,34.92,26.54,West Bengal
20050630,3.6,33.69,26.56,West Bengal
20050701,12.04,34.33,26.75,West Bengal
20050702,15.86,32.5,26.18,West Bengal
20050703,9.46,32.37,26.85,West Bengal
20050704,25.36,30.9,26.45,West Bengal
20050705,22.91,30.67,26.17,West Bengal
20050706,3.38,30.71,25.62,West Bengal
20050707,1.55,34.14,25.36,West Bengal
20050708,2.31,34.1,25.47,West Bengal
20050709,1.45,34.11,26.09,West Bengal
20050710,3.05,34.09,26.65,West Bengal
20050711,2.28,33.35,26.74,West Bengal
20050712,13.44,33.05,26.32,West Bengal
20050713,28.34,30.18,26.77,West Bengal
20050714,19.56,29.82,26.59,West Bengal
20050715,10.25,29.26,25.55,West Bengal
20050716,0.43,31.27,25.0,West Bengal
20050717,0.24,31.9,25.36,West Bengal
20050718,0.21,31.06,25.95,West Bengal
20050719,0.75,33.07,25.97,West Bengal
20050720,11.94,31.97,26.62,West Bengal
20050721,6.67,32.01,26.26,West Bengal
20050722,1.92,33.73,25.81,West Bengal
20050723,3.98,31.56,26.47,West Bengal
20050724,2.52,32.93,26.4,West Bengal
20050725,6.22,33.67,26.58,West Bengal
20050726,10.21,31.73,26.19,West Bengal
20050727,6.57,31.31,26.99,West Bengal
20050728,6.96,33.11,26.4,West Bengal
20050729,7.09,32.72,26.47,West Bengal
20050730,4.28,33.47,26.48,West Bengal
20050731,2.74,33.27,26.61,West Bengal
20050801,0.83,34.71,26.22,West Bengal
20050802,10.32,30.73,26.64,West Bengal
20050803,25.65,33.09,25.9,West Bengal
20050804,9.61,32.66,26.76,West Bengal
20050805,0.54,32.0,26.41,West Bengal
20050806,0.56,32.9,26.5,West Bengal
20050807,4.28,33.14,26.33,West Bengal
20050808,5.3,29.61,25.34,West Bengal
20050809,4.16,32.6,24.94,West Bengal
20050810,6.54,32.18,26.49,West Bengal
20050811,1.68,32.24,25.63,West Bengal
20050812,4.72,33.0,25.83,West Bengal
20050813,4.28,32.19,26.09,West Bengal
20050814,6.75,31.09,26.4,West Bengal
20050815,2.39,32.14,26.06,West Bengal
20050816,0.67,31.98,26.27,West Bengal
20050817,0.42,32.53,26.46,West Bengal
20050818,4.81,31.85,26.39,West Bengal
20050819,5.62,31.16,26.82,West Bengal
20050820,7.15,31.72,26.19,West Bengal
20050821,5.72,32.3,26.1,West Bengal
20050822,0.77,32.33,26.4,West Bengal
20050823,7.22,31.91,26.57,West Bengal
20050824,23.53,30.18,26.36,West Bengal
20050825,37.91,30.52,25.93,West Bengal
20050826,38.94,31.14,25.63,West Bengal
20050827,8.73,31.37,25.6,West Bengal
20050828,0.51,32.67,24.82,West Bengal
20050829,5.39,32.19,25.43,West Bengal
20050830,0.76,33.08,25.72,West Bengal
20050831,10.11,32.81,25.99,West Bengal
20050901,3.83,32.37,26.39,West Bengal
20050902,2.95,31.91,26.21,West Bengal
20050903,2.16,31.35,25.49,West Bengal
20050904,2.35,31.65,25.33,West Bengal
20050905,1.06,30.05,25.93,West Bengal
20050906,5.04,30.18,25.41,West Bengal
20050907,3.8,31.56,25.45,West Bengal
20050908,3.35,31.48,25.57,West Bengal
20050909,7.03,29.04,25.63,West Bengal
20050910,14.46,29.04,25.29,West Bengal
20050911,10.42,29.17,25.36,West Bengal
20050912,10.12,29.3,25.85,West Bengal
20050913,14.68,28.88,25.9,West Bengal
20050914,6.34,29.12,25.29,West Bengal
20050915,0.18,33.15,24.42,West Bengal
20050916,2.14,32.91,24.8,West Bengal
20050917,8.44,28.77,25.28,West Bengal
20050918,2.13,31.2,25.73,West Bengal
20050919,0.77,31.25,24.82,West Bengal
20050920,1.44,29.06,24.69,West Bengal
20050921,5.95,30.6,25.31,West Bengal
20050922,5.3,29.68,25.24,West Bengal
20050923,2.75,30.83,25.21,West Bengal
20050924,0.85,29.74,25.55,West Bengal
20050925,2.02,31.6,24.94,West Bengal
20050926,2.43,30.54,25.47,West Bengal
20050927,0.32,29.93,24.63,West Bengal
20050928,0.99,32.03,24.77,West Bengal
20050929,1.16,30.83,25.19,West Bengal
20050930,9.16,30.4,24.61,West Bengal
20051001,19.09,29.97,24.43,West Bengal
20051002,27.32,28.61,23.39,West Bengal
20051003,10.74,29.2,25.17,West Bengal
20051004,10.88,27.72,24.68,West Bengal
20051005,0.76,31.3,23.85,West Bengal
20051006,0.0,31.14,23.32,West Bengal
20051007,0.79,31.47,23.74,West Bengal
20051008,3.85,31.66,23.48,West Bengal
20051009,2.48,31.3,23.79,West Bengal
20051010,0.29,31.34,22.87,West Bengal
20051011,3.78,30.81,23.46,West Bengal
20051012,0.93,30.77,24.5,West Bengal
20051013,7.59,30.03,23.9,West Bengal
20051014,0.26,31.56,23.1,West Bengal
20051015,1.63,31.11,23.03,West Bengal
20051016,1.11,30.46,22.43,West Bengal
20051017,3.59,28.46,23.63,West Bengal
20051018,25.18,27.15,23.05,West Bengal
20051019,58.17,26.75,22.18,West Bengal
20051020,38.89,24.67,21.42,West Bengal
20051021,24.84,26.56,22.72,West Bengal
20051022,29.24,27.27,24.32,West Bengal
20051023,25.88,28.49,24.24,West Bengal
20051024,3.61,29.08,23.63,West Bengal
20051025,0.0,28.89,21.88,West Bengal
20051026,0.0,29.27,20.16,West Bengal
20051027,0.1,28.32,21.22,West Bengal
20051028,0.02,28.69,22.0,West Bengal
20051029,0.0,29.1,20.61,West Bengal
20051030,0.01,29.61,20.67,West Bengal
20051031,0.0,29.23,19.45,West Bengal
20051101,0.06,27.31,20.07,West Bengal
20051102,0.0,26.64,19.36,West Bengal
20051103,0.0,27.69,16.78,West Bengal
20051104,0.0,27.14,16.59,West Bengal
20051105,0.0,27.31,15.32,West Bengal
20051106,0.0,26.54,14.42,West Bengal
20051107,0.0,26.48,13.95,West Bengal
20051108,0.0,26.62,16.09,West Bengal
20051109,0.02,27.12,15.92,West Bengal
20051110,0.03,27.45,16.86,West Bengal
20051111,0.0,27.05,16.31,West Bengal
20051112,0.0,26.49,13.28,West Bengal
20051113,0.0,26.21,13.96,West Bengal
20051114,0.0,26.3,13.85,West Bengal
20051115,0.0,25.78,13.83,West Bengal
20051116,0.0,26.09,15.52,West Bengal
20051117,0.0,26.85,14.06,West Bengal
20051118,0.0,26.03,11.96,West Bengal
20051119,0.0,25.23,11.72,West Bengal
20051120,0.0,25.55,11.84,West Bengal
20051121,0.0,25.11,13.58,West Bengal
20051122,0.0,25.66,14.19,West Bengal
20051123,0.0,25.44,15.34,West Bengal
20051124,0.0,25.76,15.49,West Bengal
20051125,0.0,25.32,13.79,West Bengal
20051126,0.0,25.03,13.23,West Bengal
20051127,0.0,24.73,12.98,West Bengal
20051128,0.0,24.5,12.63,West Bengal
20051129,0.0,25.0,11.97,West Bengal
20051130,0.0,24.83,13.01,West Bengal
20051201,0.0,24.24,12.9,West Bengal
20051202,0.0,25.08,13.07,West Bengal
20051203,0.0,25.05,12.57,West Bengal
20051204,0.0,24.07,13.55,West Bengal
20051205,0.0,23.71,8.03,West Bengal
20051206,0.0,22.23,7.96,West Bengal
20051207,0.0,23.28,8.2,West Bengal
20051208,0.0,23.61,9.37,West Bengal
20051209,0.0,23.69,10.33,West Bengal
20051210,0.0,23.64,10.29,West Bengal
20051211,0.0,23.39,10.49,West Bengal
20051212,0.0,23.03,9.4,West Bengal
20051213,0.0,22.97,8.36,West Bengal
20051214,0.0,22.09,6.55,West Bengal
20051215,0.0,22.56,8.42,West Bengal
20051216,0.0,22.93,9.39,West Bengal
20051217,0.0,23.61,10.33,West Bengal
20051218,0.0,23.93,12.28,West Bengal
20051219,0.0,23.87,11.04,West Bengal
20051220,0.0,23.81,11.05,West Bengal
20051221,0.0,24.25,12.39,West Bengal
20051222,4.23,23.09,15.43,West Bengal
20051223,0.64,24.75,15.62,West Bengal
20051224,0.0,25.13,14.74,West Bengal
20051225,0.0,24.01,13.82,West Bengal
20051226,0.0,23.81,10.3,West Bengal
20051227,0.0,23.54,12.16,West Bengal
20051228,0.0,23.61,10.74,West Bengal
20051229,0.0,24.11,12.5,West Bengal
20051230,0.0,23.56,10.71,West Bengal
20051231,0.0,23.24,8.8,West Bengal
20060101,0.0,23.0,8.15,West Bengal
20060102,0.0,23.39,8.36,West Bengal
20060103,0.0,23.17,9.88,West Bengal
20060104,0.0,23.72,9.76,West Bengal
20060105,0.0,23.35,10.07,West Bengal
20060106,0.0,22.87,7.64,West Bengal
20060107,0.0,22.78,10.2,West Bengal
20060108,0.0,23.53,10.48,West Bengal
20060109,0.0,23.21,7.32,West Bengal
20060110,0.0,22.46,6.45,West Bengal
20060111,0.0,22.41,6.25,West Bengal
20060112,0.0,23.25,8.5,West Bengal
20060113,0.0,24.26,8.89,West Bengal
20060114,0.0,24.89,10.32,West Bengal
20060115,0.0,24.56,10.11,West Bengal
20060116,0.0,24.56,11.13,West Bengal
20060117,0.0,26.12,12.68,West Bengal
20060118,0.0,27.67,11.93,West Bengal
20060119,0.0,27.65,12.39,West Bengal
20060120,0.0,27.84,13.1,West Bengal
20060121,0.0,27.23,10.6,West Bengal
20060122,0.0,26.0,11.08,West Bengal
20060123,0.0,25.77,10.41,West Bengal
20060124,0.0,24.89,11.15,West Bengal
20060125,0.0,24.15,8.33,West Bengal
20060126,0.0,24.32,6.94,West Bengal
20060127,0.0,24.21,6.92,West Bengal
20060128,0.0,25.64,9.51,West Bengal
20060129,0.0,25.78,10.24,West Bengal
20060130,0.0,26.31,10.68,West Bengal
20060131,0.0,27.49,12.71,West Bengal
20060201,0.0,27.63,12.63,West Bengal
20060202,0.0,28.57,13.51,West Bengal
20060203,0.0,29.31,14.06,West Bengal
20060204,0.0,29.17,12.75,West Bengal
20060205,0.0,28.84,12.33,West Bengal
20060206,0.0,27.24,13.11,West Bengal
20060207,0.0,29.75,14.11,West Bengal
20060208,0.0,29.52,14.24,West Bengal
20060209,0.0,29.78,15.09,West Bengal
20060210,0.0,30.27,15.5,West Bengal
20060211,0.0,29.13,14.66,West Bengal
20060212,0.0,30.23,17.05,West Bengal
20060213,0.0,30.17,14.72,West Bengal
20060214,0.0,31.67,15.29,West Bengal
20060215,0.0,33.45,15.61,West Bengal
20060216,0.0,34.05,17.14,West Bengal
20060217,0.0,33.35,14.57,West Bengal
20060218,0.0,33.62,16.23,West Bengal
20060219,0.0,33.8,18.51,West Bengal
20060220,0.0,33.22,18.47,West Bengal
20060221,0.0,33.52,18.54,West Bengal
20060222,0.0,35.04,17.18,West Bengal
20060223,0.0,35.39,16.57,West Bengal
20060224,0.0,36.05,16.95,West Bengal
20060225,0.0,35.41,16.55,West Bengal
20060226,0.0,36.62,15.8,West Bengal
20060227,0.0,37.45,17.25,West Bengal
20060228,0.0,37.08,18.9,West Bengal
20060301,0.0,36.52,19.35,West Bengal
20060302,0.12,35.46,17.84,West Bengal
20060303,0.02,33.93,18.56,West Bengal
20060304,0.53,33.42,19.93,West Bengal
20060305,0.81,33.21,19.93,West Bengal
20060306,0.0,35.23,19.43,West Bengal
20060307,0.0,35.81,19.54,West Bengal
20060308,0.0,36.55,21.14,West Bengal
20060309,0.0,36.85,21.25,West Bengal
20060310,0.15,34.61,23.6,West Bengal
20060311,0.51,29.7,21.44,West Bengal
20060312,0.23,31.04,19.85,West Bengal
20060313,0.0,33.24,21.05,West Bengal
20060314,0.0,34.83,21.49,West Bengal
20060315,0.06,35.97,20.58,West Bengal
20060316,0.04,33.53,22.21,West Bengal
20060317,0.01,34.01,21.59,West Bengal
20060318,0.0,34.98,17.29,West Bengal
20060319,0.0,34.85,14.79,West Bengal
20060320,0.0,35.34,19.13,West Bengal
20060321,0.0,37.18,16.95,West Bengal
20060322,0.0,38.35,21.31,West Bengal
20060323,0.0,37.3,18.11,West Bengal
20060324,0.0,37.3,17.57,West Bengal
20060325,0.0,39.43,19.1,West Bengal
20060326,0.0,41.14,20.61,West Bengal
20060327,0.0,41.32,23.1,West Bengal
20060328,0.01,39.63,20.61,West Bengal
20060329,0.0,39.3,21.37,West Bengal
20060330,0.0,39.5,22.6,West Bengal
20060331,3.57,38.27,22.43,West Bengal
20060401,4.43,37.57,22.53,West Bengal
20060402,0.21,39.71,23.23,West Bengal
20060403,1.22,39.26,23.72,West Bengal
20060404,0.44,39.93,24.94,West Bengal
20060405,0.25,40.21,25.08,West Bengal
20060406,0.25,40.86,24.45,West Bengal
20060407,0.25,40.83,24.3,West Bengal
20060408,0.82,40.11,25.32,West Bengal
20060409,0.72,40.12,25.6,West Bengal
20060410,0.04,40.67,26.07,West Bengal
20060411,0.01,42.76,25.67,West Bengal
20060412,0.0,42.97,26.15,West Bengal
20060413,1.07,42.23,26.93,West Bengal
20060414,4.38,41.04,25.81,West Bengal
20060415,0.63,41.85,26.36,West Bengal
20060416,0.44,40.16,25.22,West Bengal
20060417,1.93,37.55,25.53,West Bengal
20060418,2.26,32.75,24.85,West Bengal
20060419,1.21,35.89,23.95,West Bengal
20060420,0.0,37.79,23.12,West Bengal
20060421,0.25,40.33,23.32,West Bengal
20060422,10.11,40.14,23.79,West Bengal
20060423,13.97,38.04,24.53,West Bengal
20060424,9.92,39.41,25.25,West Bengal
20060425,2.87,40.32,25.26,West Bengal
20060426,0.72,41.07,25.58,West Bengal
20060427,0.2,40.62,25.96,West Bengal
20060428,0.03,39.55,26.31,West Bengal
20060429,0.0,41.31,26.03,West Bengal
20060430,0.0,41.78,25.49,West Bengal
20060501,0.0,41.42,26.49,West Bengal
20060502,0.0,40.39,26.46,West Bengal
20060503,0.0,41.0,27.15,West Bengal
20060504,1.35,41.13,26.97,West Bengal
20060505,6.67,38.64,26.82,West Bengal
20060506,4.28,40.6,26.67,West Bengal
20060507,9.38,36.57,26.94,West Bengal
20060508,2.29,36.86,26.02,West Bengal
20060509,14.68,35.13,26.34,West Bengal
20060510,9.3,37.16,25.74,West Bengal
20060511,1.81,36.03,27.11,West Bengal
20060512,6.94,35.56,27.25,West Bengal
20060513,7.58,35.51,25.65,West Bengal
20060514,2.47,36.14,25.95,West Bengal
20060515,2.54,37.39,26.63,West Bengal
20060516,0.29,35.11,26.27,West Bengal
20060517,0.0,39.05,25.36,West Bengal
20060518,0.0,40.55,26.68,West Bengal
20060519,0.9,39.93,26.05,West Bengal
20060520,14.99,35.57,27.11,West Bengal
20060521,6.15,37.26,26.0,West Bengal
20060522,0.25,37.96,26.65,West Bengal
20060523,0.22,37.9,27.16,West Bengal
20060524,0.31,34.52,27.58,West Bengal
20060525,4.38,35.91,26.44,West Bengal
20060526,3.92,32.79,27.03,West Bengal
20060527,8.48,33.01,26.59,West Bengal
20060528,9.83,32.35,26.11,West Bengal
20060529,3.08,32.56,26.83,West Bengal
20060530,16.41,35.49,27.54,West Bengal
20060531,11.08,34.11,27.39,West Bengal
20060601,3.57,33.29,27.53,West Bengal
20060602,3.93,32.15,27.16,West Bengal
20060603,3.42,31.98,26.44,West Bengal
20060604,1.95,31.91,26.71,West Bengal
20060605,16.31,31.21,25.97,West Bengal
20060606,13.16,32.01,25.96,West Bengal
20060607,11.39,32.75,26.14,West Bengal
20060608,6.36,31.72,26.64,West Bengal
20060609,6.84,32.39,26.24,West Bengal
20060610,1.04,33.71,26.05,West Bengal
20060611,0.04,36.41,26.89,West Bengal
20060612,0.0,35.95,27.8,West Bengal
20060613,0.04,34.3,27.78,West Bengal
20060614,10.98,33.29,27.84,West Bengal
20060615,7.35,33.85,26.94,West Bengal
20060616,19.86,33.48,27.35,West Bengal
20060617,7.93,32.54,26.85,West Bengal
20060618,1.35,33.33,26.54,West Bengal
20060619,0.15,34.8,26.82,West Bengal
20060620,1.39,31.06,26.17,West Bengal
20060621,6.07,30.27,25.07,West Bengal
20060622,4.67,29.96,25.5,West Bengal
20060623,7.27,30.77,26.22,West Bengal
20060624,7.05,32.1,25.83,West Bengal
20060625,3.81,32.36,25.94,West Bengal
20060626,0.81,33.53,26.04,West Bengal
20060627,1.01,32.88,26.24,West Bengal
20060628,7.38,31.69,26.49,West Bengal
20060629,4.0,31.92,26.64,West Bengal
20060630,0.66,31.84,26.96,West Bengal
20060701,2.81,32.83,27.54,West Bengal
20060702,7.44,33.57,27.31,West Bengal
20060703,7.77,33.4,27.09,West Bengal
20060704,8.52,31.85,26.55,West Bengal
20060705,1.37,33.08,26.05,West Bengal
20060706,0.33,32.93,27.19,West Bengal
20060707,27.13,29.63,27.3,West Bengal
20060708,20.05,31.43,27.12,West Bengal
20060709,24.55,30.63,26.87,West Bengal
20060710,35.23,30.96,26.36,West Bengal
20060711,34.63,31.42,26.12,West Bengal
20060712,27.01,31.54,26.54,West Bengal
20060713,2.64,31.2,26.91,West Bengal
20060714,3.63,32.19,26.42,West Bengal
20060715,16.68,31.65,25.69,West Bengal
20060716,6.75,33.44,26.19,West Bengal
20060717,1.16,32.97,26.37,West Bengal
20060718,24.13,31.13,26.38,West Bengal
20060719,23.13,29.87,26.19,West Bengal
20060720,10.16,30.06,25.99,West Bengal
20060721,6.59,31.78,25.5,West Bengal
20060722,4.76,30.56,25.33,West Bengal
20060723,0.79,31.04,25.43,West Bengal
20060724,0.52,33.28,25.49,West Bengal
20060725,0.94,32.33,26.21,West Bengal
20060726,1.52,30.2,26.47,West Bengal
20060727,4.42,29.79,26.11,West Bengal
20060728,7.03,30.53,25.8,West Bengal
20060729,19.51,30.24,26.03,West Bengal
20060730,10.41,31.09,25.78,West Bengal
20060731,1.67,29.41,25.87,West Bengal
20060801,6.63,31.62,25.81,West Bengal
20060802,5.05,32.01,25.75,West Bengal
20060803,6.94,30.3,25.54,West Bengal
20060804,9.36,31.33,24.92,West Bengal
20060805,5.38,30.25,24.61,West Bengal
20060806,1.94,31.94,24.42,West Bengal
20060807,0.8,32.23,25.28,West Bengal
20060808,0.92,32.14,25.52,West Bengal
20060809,12.09,30.76,26.21,West Bengal
20060810,7.72,31.82,25.87,West Bengal
20060811,3.43,31.47,26.06,West Bengal
20060812,2.46,32.33,25.99,West Bengal
20060813,1.38,30.61,26.21,West Bengal
20060814,11.52,31.63,25.61,West Bengal
20060815,13.87,30.57,25.7,West Bengal
20060816,8.24,30.49,25.52,West Bengal
20060817,12.38,29.34,25.89,West Bengal
20060818,7.13,30.87,25.9,West Bengal
20060819,20.49,31.55,25.98,West Bengal
20060820,6.14,30.18,25.8,West Bengal
20060821,8.59,30.11,25.65,West Bengal
20060822,5.33,31.34,25.41,West Bengal
20060823,4.64,31.06,25.5,West Bengal
20060824,1.66,31.6,25.99,West Bengal
20060825,0.51,31.74,25.65,West Bengal
20060826,20.94,31.76,26.0,West Bengal
20060827,46.02,32.25,25.58,West Bengal
20060828,12.69,30.73,25.89,West Bengal
20060829,9.37,29.44,25.81,West Bengal
20060830,4.83,29.99,25.87,West Bengal
20060831,1.59,29.49,25.05,West Bengal
20060901,0.47,31.79,24.81,West Bengal
20060902,6.52,31.14,25.44,West Bengal
20060903,13.62,30.63,24.7,West Bengal
20060904,6.93,29.32,24.35,West Bengal
20060905,4.87,31.12,24.68,West Bengal
20060906,0.14,31.84,24.43,West Bengal
20060907,1.11,32.05,25.09,West Bengal
20060908,2.69,32.93,25.75,West Bengal
20060909,7.78,31.91,26.03,West Bengal
20060910,7.33,30.62,25.5,West Bengal
20060911,3.43,29.35,24.54,West Bengal
20060912,2.88,29.63,25.02,West Bengal
20060913,0.3,29.18,24.95,West Bengal
20060914,0.09,31.39,24.46,West Bengal
20060915,0.42,29.55,25.33,West Bengal
20060916,1.16,29.47,24.99,West Bengal
20060917,0.29,30.75,24.79,West Bengal
20060918,0.77,32.14,24.71,West Bengal
20060919,6.29,30.32,25.1,West Bengal
20060920,35.77,27.98,24.94,West Bengal
20060921,97.35,28.0,25.81,West Bengal
20060922,59.68,28.14,25.95,West Bengal
20060923,23.97,29.73,25.99,West Bengal
20060924,11.88,28.3,25.7,West Bengal
20060925,3.79,29.5,25.42,West Bengal
20060926,0.78,31.74,24.52,West Bengal
20060927,0.08,32.1,24.09,West Bengal
20060928,3.83,30.97,25.13,West Bengal
20060929,10.45,29.1,25.21,West Bengal
20060930,5.3,28.55,24.72,West Bengal
20061001,0.35,30.2,24.59,West Bengal
20061002,0.12,31.55,25.24,West Bengal
20061003,0.05,32.39,24.71,West Bengal
20061004,10.61,29.68,25.63,West Bengal
20061005,4.76,31.74,24.93,West Bengal
20061006,0.32,32.43,23.05,West Bengal
20061007,0.08,31.07,23.17,West Bengal
20061008,0.04,31.13,22.79,West Bengal
20061009,0.01,31.22,22.11,West Bengal
20061010,0.27,32.04,23.42,West Bengal
20061011,0.23,32.42,23.74,West Bengal
20061012,6.72,31.98,23.41,West Bengal
20061013,1.53,31.6,23.95,West Bengal
20061014,0.93,31.13,24.8,West Bengal
20061015,0.26,30.78,23.9,West Bengal
20061016,0.0,30.87,23.8,West Bengal
20061017,0.18,30.06,24.24,West Bengal
20061018,0.64,28.9,24.17,West Bengal
20061019,3.89,27.45,23.24,West Bengal
20061020,4.18,29.9,22.48,West Bengal
20061021,0.74,29.7,22.35,West Bengal
20061022,0.0,29.2,20.68,West Bengal
20061023,0.0,29.36,19.78,West Bengal
20061024,0.0,29.0,18.87,West Bengal
20061025,0.0,28.68,18.34,West Bengal
20061026,0.0,29.08,18.14,West Bengal
20061027,0.0,29.23,18.63,West Bengal
20061028,0.0,28.02,20.25,West Bengal
20061029,0.0,29.36,19.58,West Bengal
20061030,0.0,28.82,19.41,West Bengal
20061031,0.78,28.58,20.4,West Bengal
20061101,0.54,28.78,17.86,West Bengal
20061102,0.15,28.28,19.33,West Bengal
20061103,0.0,29.29,19.42,West Bengal
20061104,0.0,29.64,19.53,West Bengal
20061105,0.16,29.01,20.14,West Bengal
20061106,0.25,28.73,20.87,West Bengal
20061107,0.0,25.49,19.94,West Bengal
20061108,0.0,26.04,19.3,West Bengal
20061109,3.29,25.05,19.2,West Bengal
20061110,1.53,24.66,19.42,West Bengal
20061111,0.27,26.86,19.4,West Bengal
20061112,0.0,26.66,17.75,West Bengal
20061113,0.0,27.26,17.53,West Bengal
20061114,0.0,28.09,18.46,West Bengal
20061115,0.0,28.21,17.57,West Bengal
20061116,0.0,27.91,16.75,West Bengal
20061117,0.0,27.11,15.97,West Bengal
20061118,0.0,27.22,15.55,West Bengal
20061119,0.0,27.12,15.2,West Bengal
20061120,0.0,28.47,15.18,West Bengal
20061121,0.0,27.17,14.58,West Bengal
20061122,0.0,26.39,13.55,West Bengal
20061123,0.0,27.39,16.05,West Bengal
20061124,0.0,27.81,14.8,West Bengal
20061125,0.03,28.55,16.54,West Bengal
20061126,0.03,27.43,17.13,West Bengal
20061127,0.0,26.26,14.19,West Bengal
20061128,0.0,24.67,11.78,West Bengal
20061129,0.0,23.81,11.45,West Bengal
20061130,0.0,23.17,10.76,West Bengal
20061201,0.0,23.89,10.86,West Bengal
20061202,0.0,23.78,9.5,West Bengal
20061203,0.0,23.18,7.98,West Bengal
20061204,0.0,23.32,8.41,West Bengal
20061205,0.0,23.87,9.81,West Bengal
20061206,0.0,25.34,10.66,West Bengal
20061207,0.0,25.53,12.27,West Bengal
20061208,0.0,27.39,13.84,West Bengal
20061209,0.0,26.9,14.7,West Bengal
20061210,0.0,26.38,14.5,West Bengal
20061211,0.06,26.69,16.05,West Bengal
20061212,0.05,26.38,14.8,West Bengal
20061213,0.0,23.66,11.63,West Bengal
20061214,0.0,22.62,8.75,West Bengal
20061215,0.0,22.52,8.47,West Bengal
20061216,0.0,24.51,9.42,West Bengal
20061217,0.0,24.91,11.88,West Bengal
20061218,0.0,25.13,12.25,West Bengal
20061219,0.0,26.07,12.91,West Bengal
20061220,0.0,26.89,13.96,West Bengal
20061221,0.0,26.49,14.61,West Bengal
20061222,0.0,25.99,13.56,West Bengal
20061223,0.0,25.99,13.7,West Bengal
20061224,0.0,24.71,12.76,West Bengal
20061225,0.0,23.52,9.63,West Bengal
20061226,0.0,24.05,9.25,West Bengal
20061227,0.0,24.83,11.59,West Bengal
20061228,0.0,24.69,11.68,West Bengal
20061229,0.0,24.43,10.6,West Bengal
20061230,0.0,22.96,9.49,West Bengal
20061231,0.0,22.64,8.44,West Bengal
20070101,0.0,23.33,9.68,West Bengal
20070102,0.0,23.63,9.03,West Bengal
20070103,0.0,23.08,8.49,West Bengal
20070104,0.0,22.31,7.18,West Bengal
20070105,0.0,21.93,6.75,West Bengal
20070106,0.0,23.32,7.23,West Bengal
20070107,0.0,23.2,7.4,West Bengal
20070108,0.0,23.88,7.84,West Bengal
20070109,0.0,23.65,7.5,West Bengal
20070110,0.0,23.79,6.49,West Bengal
20070111,0.0,24.64,7.79,West Bengal
20070112,0.0,25.08,9.82,West Bengal
20070113,0.0,24.82,10.94,West Bengal
20070114,0.0,23.47,9.5,West Bengal
20070115,0.0,23.5,8.99,West Bengal
20070116,1.0,23.88,10.5,West Bengal
20070117,0.13,24.63,10.39,West Bengal
20070118,0.0,24.3,9.34,West Bengal
20070119,0.0,23.86,9.27,West Bengal
20070120,0.0,25.93,8.07,West Bengal
20070121,0.0,25.58,9.74,West Bengal
20070122,0.0,26.66,10.27,West Bengal
20070123,0.0,25.97,8.91,West Bengal
20070124,0.0,24.55,7.73,West Bengal
20070125,0.0,24.6,7.81,West Bengal
20070126,0.0,26.07,9.1,West Bengal
20070127,0.0,27.89,10.38,West Bengal
20070128,0.0,28.77,13.42,West Bengal
20070129,0.0,27.71,13.38,West Bengal
20070130,0.0,28.52,15.95,West Bengal
20070131,0.0,29.93,14.44,West Bengal
20070201,0.0,30.01,13.84,West Bengal
20070202,0.0,29.25,14.13,West Bengal
20070203,0.19,29.12,15.69,West Bengal
20070204,2.18,29.71,16.97,West Bengal
20070205,0.62,30.29,17.66,West Bengal
20070206,0.34,29.16,14.46,West Bengal
20070207,6.49,29.08,16.3,West Bengal
20070208,9.24,28.03,18.13,West Bengal
20070209,1.31,28.05,17.46,West Bengal
20070210,0.0,28.78,15.79,West Bengal
20070211,0.62,30.0,17.39,West Bengal
20070212,5.03,28.47,16.85,West Bengal
20070213,8.69,23.9,16.88,West Bengal
20070214,11.45,22.94,15.97,West Bengal
20070215,0.0,26.22,10.9,West Bengal
20070216,0.0,26.09,13.68,West Bengal
20070217,0.0,26.44,12.42,West Bengal
20070218,0.0,27.47,14.2,West Bengal
20070219,0.0,27.65,12.24,West Bengal
20070220,0.0,28.09,12.03,West Bengal
20070221,0.0,28.58,10.89,West Bengal
20070222,0.0,29.22,11.09,West Bengal
20070223,0.0,29.69,12.51,West Bengal
20070224,0.0,31.93,16.15,West Bengal
20070225,0.02,31.49,17.0,West Bengal
20070226,1.26,30.27,16.03,West Bengal
20070227,0.57,30.59,17.45,West Bengal
20070228,0.0,31.37,17.4,West Bengal
20070301,8.84,31.37,17.38,West Bengal
20070302,6.42,29.76,19.37,West Bengal
20070303,0.0,29.65,14.6,West Bengal
20070304,0.0,30.13,13.1,West Bengal
20070305,0.0,30.5,13.6,West Bengal
20070306,0.0,31.18,12.3,West Bengal
20070307,0.0,30.84,12.19,West Bengal
20070308,0.0,30.95,14.09,West Bengal
20070309,0.0,31.82,15.87,West Bengal
20070310,0.24,32.29,19.29,West Bengal
20070311,0.6,33.54,19.18,West Bengal
20070312,0.85,35.02,19.69,West Bengal
20070313,0.01,33.19,20.1,West Bengal
20070314,0.15,33.42,20.69,West Bengal
20070315,0.36,33.04,20.32,West Bengal
20070316,0.0,31.67,15.17,West Bengal
20070317,0.0,32.18,14.31,West Bengal
20070318,0.0,32.9,17.51,West Bengal
20070319,0.0,34.39,19.06,West Bengal
20070320,0.03,35.12,19.68,West Bengal
20070321,0.0,35.65,19.95,West Bengal
20070322,0.18,37.16,20.88,West Bengal
20070323,0.0,38.5,21.81,West Bengal
20070324,0.0,37.74,21.38,West Bengal
20070325,0.0,37.2,19.23,West Bengal
20070326,0.0,37.23,17.57,West Bengal
20070327,0.0,36.71,18.13,West Bengal
20070328,0.0,37.04,19.26,West Bengal
20070329,0.0,37.42,20.93,West Bengal
20070330,0.0,38.22,19.98,West Bengal
20070331,0.0,38.49,21.2,West Bengal
20070401,0.0,39.68,22.26,West Bengal
20070402,0.0,41.4,21.7,West Bengal
20070403,0.0,41.35,21.99,West Bengal
20070404,0.0,40.61,23.7,West Bengal
20070405,0.4,39.72,23.14,West Bengal
20070406,1.02,39.3,23.52,West Bengal
20070407,0.01,39.95,23.69,West Bengal
20070408,0.23,40.24,23.93,West Bengal
20070409,0.19,41.3,24.5,West Bengal
20070410,10.96,38.26,24.88,West Bengal
20070411,0.01,39.6,24.11,West Bengal
20070412,4.92,38.37,24.04,West Bengal
20070413,0.84,36.79,24.07,West Bengal
20070414,0.01,36.86,24.3,West Bengal
20070415,0.0,34.57,24.83,West Bengal
20070416,0.0,38.76,24.43,West Bengal
20070417,0.0,39.42,24.92,West Bengal
20070418,1.15,38.56,24.52,West Bengal
20070419,2.29,38.46,24.04,West Bengal
20070420,2.74,38.99,25.33,West Bengal
20070421,0.04,38.89,26.4,West Bengal
20070422,0.07,41.87,26.99,West Bengal
20070423,0.02,42.6,26.23,West Bengal
20070424,0.17,43.3,26.45,West Bengal
20070425,0.68,43.0,26.85,West Bengal
20070426,1.29,42.75,26.71,West Bengal
20070427,1.7,40.28,27.14,West Bengal
20070428,3.59,37.84,25.93,West Bengal
20070429,1.07,38.68,25.8,West Bengal
20070430,2.08,38.68,26.32,West Bengal
20070501,0.4,40.93,25.92,West Bengal
20070502,8.32,38.81,27.51,West Bengal
20070503,2.24,39.14,25.43,West Bengal
20070504,0.86,39.18,26.45,West Bengal
20070505,0.52,40.47,26.54,West Bengal
20070506,8.85,38.13,27.49,West Bengal
20070507,3.96,37.82,26.3,West Bengal
20070508,1.18,35.05,26.15,West Bengal
20070509,1.26,36.47,26.25,West Bengal
20070510,0.27,37.58,26.53,West Bengal
20070511,2.64,39.86,26.92,West Bengal
20070512,3.58,39.35,26.9,West Bengal
20070513,0.68,39.96,26.83,West Bengal
20070514,1.19,38.55,27.39,West Bengal
20070515,0.04,38.57,25.7,West Bengal
20070516,0.86,38.94,26.48,West Bengal
20070517,9.75,36.3,27.83,West Bengal
20070518,4.59,33.86,27.03,West Bengal
20070519,5.91,35.21,26.49,West Bengal
20070520,3.61,35.29,27.29,West Bengal
20070521,8.46,36.84,27.1,West Bengal
20070522,1.93,39.07,28.04,West Bengal
20070523,0.26,39.35,28.47,West Bengal
20070524,3.51,39.43,28.02,West Bengal
20070525,1.22,38.71,27.84,West Bengal
20070526,0.06,39.73,26.72,West Bengal
20070527,1.58,35.82,27.61,West Bengal
20070528,1.36,35.21,28.22,West Bengal
20070529,0.0,41.65,27.07,West Bengal
20070530,0.0,41.12,28.07,West Bengal
20070531,0.35,42.48,27.87,West Bengal
20070601,0.14,41.65,29.27,West Bengal
20070602,0.08,42.11,28.59,West Bengal
20070603,0.1,39.98,28.96,West Bengal
20070604,5.28,36.75,28.32,West Bengal
20070605,5.04,35.97,27.82,West Bengal
20070606,0.97,35.07,27.7,West Bengal
20070607,2.73,38.71,27.88,West Bengal
20070608,3.77,36.77,28.6,West Bengal
20070609,3.83,35.12,28.49,West Bengal
20070610,4.5,34.4,28.22,West Bengal
20070611,0.96,33.78,28.12,West Bengal
20070612,44.75,32.59,27.44,West Bengal
20070613,20.63,31.25,26.03,West Bengal
20070614,8.46,35.99,25.34,West Bengal
20070615,20.24,32.45,26.31,West Bengal
20070616,28.0,32.86,26.15,West Bengal
20070617,18.05,33.62,26.83,West Bengal
20070618,3.53,35.13,26.78,West Bengal
20070619,8.8,32.88,26.99,West Bengal
20070620,7.33,33.97,26.4,West Bengal
20070621,6.74,33.02,26.66,West Bengal
20070622,8.66,31.87,27.01,West Bengal
20070623,8.93,30.6,26.39,West Bengal
20070624,7.58,32.02,25.81,West Bengal
20070625,7.23,32.46,25.87,West Bengal
20070626,3.12,33.05,25.79,West Bengal
20070627,1.58,34.39,26.06,West Bengal
20070628,12.25,32.58,26.9,West Bengal
20070629,9.56,31.44,26.91,West Bengal
20070630,6.95,32.96,26.85,West Bengal
20070701,8.65,32.02,26.29,West Bengal
20070702,25.5,31.65,26.4,West Bengal
20070703,42.5,30.58,26.52,West Bengal
20070704,82.79,29.81,26.43,West Bengal
20070705,70.64,31.91,26.17,West Bengal
20070706,32.91,30.63,26.09,West Bengal
20070707,22.05,30.29,26.29,West Bengal
20070708,8.29,31.83,25.82,West Bengal
20070709,4.83,32.77,25.82,West Bengal
20070710,3.85,31.93,25.92,West Bengal
20070711,0.57,33.14,26.01,West Bengal
20070712,0.84,33.55,26.3,West Bengal
20070713,0.23,32.83,26.98,West Bengal
20070714,7.74,31.66,27.32,West Bengal
20070715,29.17,31.0,26.8,West Bengal
20070716,14.99,30.88,26.61,West Bengal
20070717,4.54,31.6,27.16,West Bengal
20070718,14.7,32.44,26.65,West Bengal
20070719,36.27,30.11,27.33,West Bengal
20070720,39.7,29.65,26.64,West Bengal
20070721,27.31,30.56,26.02,West Bengal
20070722,16.53,29.79,25.74,West Bengal
20070723,9.51,30.43,25.23,West Bengal
20070724,5.75,29.64,24.97,West Bengal
20070725,8.62,29.92,25.2,West Bengal
20070726,22.92,28.98,25.93,West Bengal
20070727,19.95,29.27,25.52,West Bengal
20070728,25.11,29.66,25.37,West Bengal
20070729,9.11,30.38,25.25,West Bengal
20070730,13.33,31.36,25.49,West Bengal
20070731,17.54,30.59,25.32,West Bengal
20070801,18.79,29.68,25.85,West Bengal
20070802,4.88,32.08,25.07,West Bengal
20070803,1.91,31.54,25.34,West Bengal
20070804,3.0,32.57,25.55,West Bengal
20070805,1.29,31.0,26.22,West Bengal
20070806,6.03,31.54,26.5,West Bengal
20070807,4.75,31.39,26.16,West Bengal
20070808,6.46,31.37,25.66,West Bengal
20070809,1.19,33.59,25.74,West Bengal
20070810,1.69,33.35,26.74,West Bengal
20070811,9.71,32.48,26.52,West Bengal
20070812,21.74,29.81,26.45,West Bengal
20070813,30.69,30.43,26.2,West Bengal
20070814,8.82,30.49,26.4,West Bengal
20070815,10.66,31.49,25.19,West Bengal
20070816,21.63,29.89,26.14,West Bengal
20070817,44.64,29.8,25.46,West Bengal
20070818,12.9,30.61,25.25,West Bengal
20070819,6.38,29.25,25.75,West Bengal
20070820,7.33,29.98,25.12,West Bengal
20070821,0.65,31.62,24.09,West Bengal
20070822,0.07,31.3,24.75,West Bengal
20070823,0.74,31.12,25.04,West Bengal
20070824,8.28,29.7,25.22,West Bengal
20070825,3.96,29.12,25.32,West Bengal
20070826,7.16,30.7,24.83,West Bengal
20070827,3.9,29.47,25.5,West Bengal
20070828,0.84,31.31,25.26,West Bengal
20070829,0.89,29.69,25.81,West Bengal
20070830,0.05,31.34,25.1,West Bengal
20070831,0.03,31.84,25.06,West Bengal
20070901,0.84,31.78,25.52,West Bengal
20070902,1.83,31.16,25.67,West Bengal
20070903,4.18,31.34,25.46,West Bengal
20070904,9.93,30.83,25.95,West Bengal
20070905,13.96,29.24,26.16,West Bengal
20070906,10.59,30.46,25.55,West Bengal
20070907,8.01,29.36,25.96,West Bengal
20070908,11.36,30.35,25.61,West Bengal
20070909,0.66,29.52,25.49,West Bengal
20070910,17.48,29.82,25.45,West Bengal
20070911,5.42,29.46,25.36,West Bengal
20070912,3.6,32.02,24.82,West Bengal
20070913,20.52,30.22,24.99,West Bengal
20070914,7.36,30.11,24.96,West Bengal
20070915,3.23,30.17,24.98,West Bengal
20070916,2.57,29.96,25.28,West Bengal
20070917,1.06,30.13,25.32,West Bengal
20070918,1.19,31.06,25.27,West Bengal
20070919,1.53,31.01,25.66,West Bengal
20070920,0.97,30.36,25.6,West Bengal
20070921,5.81,30.29,24.84,West Bengal
20070922,32.2,27.85,24.87,West Bengal
20070923,153.69,27.97,25.09,West Bengal
20070924,68.28,28.31,25.52,West Bengal
20070925,26.14,29.01,25.24,West Bengal
20070926,4.29,27.91,25.09,West Bengal
20070927,1.79,28.9,24.64,West Bengal
20070928,1.49,30.57,23.68,West Bengal
20070929,0.64,30.48,24.72,West Bengal
20070930,0.33,30.24,24.45,West Bengal
20071001,0.07,31.78,24.49,West Bengal
20071002,1.33,31.04,24.71,West Bengal
20071003,0.74,29.87,25.71,West Bengal
20071004,0.07,30.1,24.76,West Bengal
20071005,0.0,31.36,24.7,West Bengal
20071006,8.53,31.2,24.04,West Bengal
20071007,11.77,29.73,24.42,West Bengal
20071008,27.97,26.62,22.35,West Bengal
20071009,12.23,27.77,20.62,West Bengal
20071010,0.3,30.06,21.13,West Bengal
20071011,0.0,30.35,20.52,West Bengal
20071012,0.02,30.15,19.66,West Bengal
20071013,2.13,30.83,20.63,West Bengal
20071014,3.83,30.62,22.81,West Bengal
20071015,4.31,28.62,24.0,West Bengal
20071016,1.17,29.89,24.07,West Bengal
20071017,5.72,28.99,22.3,West Bengal
20071018,16.69,29.4,22.54,West Bengal
20071019,9.73,28.98,22.12,West Bengal
20071020,0.0,28.37,19.65,West Bengal
20071021,0.0,29.47,19.44,West Bengal
20071022,0.0,29.52,18.62,West Bengal
20071023,0.0,28.55,18.89,West Bengal
20071024,0.0,28.07,17.88,West Bengal
20071025,0.0,27.45,17.08,West Bengal
20071026,0.0,28.45,17.41,West Bengal
20071027,0.0,28.42,19.1,West Bengal
20071028,0.0,28.16,19.98,West Bengal
20071029,0.0,28.37,18.89,West Bengal
20071030,0.01,28.66,18.41,West Bengal
20071031,12.52,28.45,19.35,West Bengal
20071101,15.51,28.52,21.14,West Bengal
20071102,2.49,28.3,20.75,West Bengal
20071103,0.36,28.92,20.71,West Bengal
20071104,0.09,29.2,20.47,West Bengal
20071105,0.1,28.25,21.17,West Bengal
20071106,0.0,28.61,20.47,West Bengal
20071107,0.0,28.92,20.7,West Bengal
20071108,0.0,28.36,20.62,West Bengal
20071109,0.0,28.96,20.38,West Bengal
20071110,0.0,28.39,19.66,West Bengal
20071111,0.0,28.34,18.47,West Bengal
20071112,0.0,27.89,17.35,West Bengal
20071113,0.0,26.86,15.97,West Bengal
20071114,0.07,26.8,15.42,West Bengal
20071115,18.58,24.43,17.01,West Bengal
20071116,5.8,23.73,18.6,West Bengal
20071117,0.0,24.58,17.19,West Bengal
20071118,0.0,26.51,16.44,West Bengal
20071119,0.0,25.99,14.79,West Bengal
20071120,0.0,25.56,13.63,West Bengal
20071121,0.0,25.2,12.7,West Bengal
20071122,0.0,25.04,12.6,West Bengal
20071123,0.0,25.77,13.75,West Bengal
20071124,0.0,25.7,12.91,West Bengal
20071125,0.0,25.86,13.64,West Bengal
20071126,0.0,25.72,13.85,West Bengal
20071127,0.0,25.28,15.51,West Bengal
20071128,0.0,24.9,15.18,West Bengal
20071129,0.0,24.77,13.74,West Bengal
20071130,0.0,25.35,13.42,West Bengal
20071201,0.0,25.56,15.09,West Bengal
20071202,0.0,25.37,14.48,West Bengal
20071203,0.0,24.3,13.75,West Bengal
20071204,0.0,23.99,11.63,West Bengal
20071205,0.0,23.81,12.21,West Bengal
20071206,0.0,24.1,12.34,West Bengal
20071207,0.0,23.33,11.3,West Bengal
20071208,0.0,22.81,11.64,West Bengal
20071209,0.0,22.29,10.2,West Bengal
20071210,0.0,22.3,9.45,West Bengal
20071211,0.0,23.02,11.09,West Bengal
20071212,0.0,23.06,10.18,West Bengal
20071213,0.0,23.36,10.33,West Bengal
20071214,0.0,24.47,12.14,West Bengal
20071215,0.0,23.43,14.14,West Bengal
20071216,0.0,23.31,11.11,West Bengal
20071217,0.0,21.29,8.98,West Bengal
20071218,0.0,22.28,7.41,West Bengal
20071219,0.0,22.21,7.22,West Bengal
20071220,0.0,21.61,6.66,West Bengal
20071221,0.0,22.08,7.08,West Bengal
20071222,0.0,22.64,7.48,West Bengal
20071223,0.0,20.69,7.97,West Bengal
20071224,0.0,21.59,8.58,West Bengal
20071225,0.0,22.38,9.43,West Bengal
20071226,0.0,22.23,9.73,West Bengal
20071227,0.0,22.45,9.53,West Bengal
20071228,0.0,21.81,7.87,West Bengal
20071229,0.0,22.0,9.13,West Bengal
20071230,0.0,21.43,6.52,West Bengal
20071231,0.0,20.37,6.06,West Bengal
20080101,0.0,21.47,5.87,West Bengal
20080102,0.0,21.47,7.03,West Bengal
20080103,0.0,23.17,8.89,West Bengal
20080104,0.0,23.09,8.55,West Bengal
20080105,0.0,23.55,8.73,West Bengal
20080106,0.0,22.42,7.58,West Bengal
20080107,0.0,22.92,7.7,West Bengal
20080108,0.0,24.21,9.17,West Bengal
20080109,0.0,24.55,9.39,West Bengal
20080110,0.0,25.49,10.38,West Bengal
20080111,0.0,26.19,11.59,West Bengal
20080112,0.0,25.34,11.55,West Bengal
20080113,0.0,23.72,10.04,West Bengal
20080114,0.0,23.04,8.29,West Bengal
20080115,0.0,22.98,7.79,West Bengal
20080116,0.0,23.13,10.57,West Bengal
20080117,0.0,23.1,10.57,West Bengal
20080118,0.0,24.76,11.88,West Bengal
20080119,0.0,26.55,14.4,West Bengal
20080120,0.0,26.89,14.25,West Bengal
20080121,0.0,25.0,14.63,West Bengal
20080122,0.0,23.83,10.41,West Bengal
20080123,1.25,23.8,10.79,West Bengal
20080124,7.76,22.53,11.41,West Bengal
20080125,2.88,19.61,12.96,West Bengal
20080126,29.55,20.11,14.63,West Bengal
20080127,1.08,21.74,10.6,West Bengal
20080128,0.0,21.93,7.55,West Bengal
20080129,0.04,21.44,9.0,West Bengal
20080130,7.88,22.57,9.31,West Bengal
20080131,0.75,22.15,10.65,West Bengal
20080201,0.0,22.41,8.91,West Bengal
20080202,0.0,21.22,7.24,West Bengal
20080203,0.0,21.2,7.44,West Bengal
20080204,0.0,22.85,10.09,West Bengal
20080205,0.0,24.2,12.57,West Bengal
20080206,0.0,26.03,12.19,West Bengal
20080207,0.0,27.15,16.68,West Bengal
20080208,0.02,27.6,15.97,West Bengal
20080209,4.75,22.01,17.18,West Bengal
20080210,0.88,23.98,13.27,West Bengal
20080211,0.0,23.82,8.32,West Bengal
20080212,0.0,23.13,8.03,West Bengal
20080213,0.0,23.77,7.29,West Bengal
20080214,0.0,23.71,7.29,West Bengal
20080215,0.0,23.42,6.92,West Bengal
20080216,0.0,24.89,8.12,West Bengal
20080217,0.0,25.58,10.94,West Bengal
20080218,0.0,27.28,12.13,West Bengal
20080219,3.86,28.26,15.54,West Bengal
20080220,5.63,26.5,17.03,West Bengal
20080221,0.03,26.29,14.11,West Bengal
20080222,0.0,27.32,14.25,West Bengal
20080223,0.0,28.29,13.84,West Bengal
20080224,0.0,29.11,13.39,West Bengal
20080225,0.0,29.94,16.49,West Bengal
20080226,0.0,29.46,15.09,West Bengal
20080227,0.0,29.22,12.28,West Bengal
20080228,0.0,28.43,11.21,West Bengal
20080229,0.0,28.88,11.94,West Bengal
20080301,0.0,29.67,15.68,West Bengal
20080302,0.0,30.06,17.07,West Bengal
20080303,0.0,30.66,16.29,West Bengal
20080304,0.72,31.56,16.8,West Bengal
20080305,2.37,32.33,18.03,West Bengal
20080306,0.15,31.75,18.0,West Bengal
20080307,0.0,32.04,18.26,West Bengal
20080308,0.0,32.47,18.7,West Bengal
20080309,0.0,32.74,16.87,West Bengal
20080310,0.0,32.33,17.89,West Bengal
20080311,0.0,33.19,19.38,West Bengal
20080312,0.0,34.06,17.72,West Bengal
20080313,0.0,34.38,18.24,West Bengal
20080314,0.0,34.01,19.9,West Bengal
20080315,0.0,35.49,19.79,West Bengal
20080316,0.12,35.78,19.34,West Bengal
20080317,0.0,35.51,19.23,West Bengal
20080318,0.0,36.03,18.26,West Bengal
20080319,0.0,37.02,20.04,West Bengal
20080320,1.11,36.03,22.88,West Bengal
20080321,0.09,36.42,22.96,West Bengal
20080322,0.0,37.65,22.75,West Bengal
20080323,0.44,35.75,21.79,West Bengal
20080324,0.35,33.15,22.97,West Bengal
20080325,0.05,35.89,20.5,West Bengal
20080326,0.0,37.6,22.0,West Bengal
20080327,0.01,37.87,23.49,West Bengal
20080328,0.01,39.12,21.36,West Bengal
20080329,0.39,38.9,22.86,West Bengal
20080330,2.98,37.95,23.47,West Bengal
20080331,0.06,38.36,22.6,West Bengal
20080401,1.84,34.83,23.33,West Bengal
20080402,0.04,36.35,22.03,West Bengal
20080403,10.27,35.93,21.97,West Bengal
20080404,17.0,30.45,23.57,West Bengal
20080405,8.62,31.33,22.1,West Bengal
20080406,7.55,29.86,22.07,West Bengal
20080407,0.04,34.97,19.3,West Bengal
20080408,0.0,34.75,19.05,West Bengal
20080409,0.0,35.34,20.87,West Bengal
20080410,0.0,37.33,20.4,West Bengal
20080411,0.0,39.02,20.09,West Bengal
20080412,0.0,39.82,22.47,West Bengal
20080413,0.32,40.29,23.99,West Bengal
20080414,13.28,36.93,24.18,West Bengal
20080415,2.19,37.53,24.58,West Bengal
20080416,0.73,38.39,24.5,West Bengal
20080417,0.66,39.55,24.85,West Bengal
20080418,0.87,39.98,25.2,West Bengal
20080419,0.08,40.94,25.12,West Bengal
20080420,0.0,40.61,22.54,West Bengal
20080421,0.0,41.04,21.32,West Bengal
20080422,0.0,41.2,22.78,West Bengal
20080423,0.0,41.95,23.3,West Bengal
20080424,0.0,41.85,24.31,West Bengal
20080425,0.0,40.92,23.79,West Bengal
20080426,0.0,41.23,24.15,West Bengal
20080427,0.0,40.46,24.79,West Bengal
20080428,0.26,40.52,25.97,West Bengal
20080429,0.23,39.18,26.53,West Bengal
20080430,0.0,39.81,25.51,West Bengal
20080501,0.0,40.01,25.26,West Bengal
20080502,0.85,41.22,25.49,West Bengal
20080503,2.11,40.91,25.55,West Bengal
20080504,7.21,39.18,26.0,West Bengal
20080505,7.13,39.17,26.29,West Bengal
20080506,0.03,39.7,26.76,West Bengal
20080507,0.09,37.75,28.25,West Bengal
20080508,5.85,36.8,26.46,West Bengal
20080509,5.22,37.32,26.21,West Bengal
20080510,14.02,37.49,26.4,West Bengal
20080511,15.29,36.96,26.38,West Bengal
20080512,0.11,35.06,26.97,West Bengal
20080513,0.0,33.55,26.76,West Bengal
20080514,1.73,38.91,25.38,West Bengal
20080515,0.6,37.83,26.74,West Bengal
20080516,0.75,39.33,27.26,West Bengal
20080517,7.5,39.52,27.16,West Bengal
20080518,6.15,41.33,27.81,West Bengal
20080519,8.23,40.34,27.71,West Bengal
20080520,1.06,40.12,27.74,West Bengal
20080521,0.22,40.21,27.32,West Bengal
20080522,1.29,39.36,27.39,West Bengal
20080523,0.59,37.07,27.53,West Bengal
20080524,10.69,36.13,26.79,West Bengal
20080525,17.05,32.38,26.62,West Bengal
20080526,11.52,33.03,26.79,West Bengal
20080527,1.54,34.32,26.8,West Bengal
20080528,0.04,40.26,25.34,West Bengal
20080529,4.9,39.82,26.26,West Bengal
20080530,3.86,39.17,27.63,West Bengal
20080531,2.16,36.62,27.25,West Bengal
20080601,0.39,37.07,27.46,West Bengal
20080602,17.82,34.09,27.21,West Bengal
20080603,17.22,31.25,26.7,West Bengal
20080604,3.69,33.09,26.27,West Bengal
20080605,20.33,33.22,26.83,West Bengal
20080606,7.9,34.19,26.45,West Bengal
20080607,11.22,31.17,26.53,West Bengal
20080608,5.17,30.3,25.61,West Bengal
20080609,9.63,31.69,25.26,West Bengal
20080610,5.33,29.62,26.02,West Bengal
20080611,0.69,32.47,26.53,West Bengal
20080612,0.17,31.72,26.5,West Bengal
20080613,0.19,33.08,26.72,West Bengal
20080614,11.33,31.87,27.21,West Bengal
20080615,15.44,31.63,26.58,West Bengal
20080616,26.89,30.45,26.43,West Bengal
20080617,37.33,31.12,24.88,West Bengal
20080618,21.34,29.66,23.35,West Bengal
20080619,19.09,30.43,24.5,West Bengal
20080620,9.84,31.15,25.89,West Bengal
20080621,6.05,32.15,26.16,West Bengal
20080622,1.45,32.1,26.12,West Bengal
20080623,1.74,32.13,25.75,West Bengal
20080624,1.21,33.65,25.52,West Bengal
20080625,4.6,33.5,26.69,West Bengal
20080626,4.12,34.01,26.4,West Bengal
20080627,11.59,30.77,26.97,West Bengal
20080628,6.03,31.07,26.57,West Bengal
20080629,8.74,30.36,26.47,West Bengal
20080630,10.42,31.86,25.82,West Bengal
20080701,14.93,31.14,26.3,West Bengal
20080702,6.58,31.82,26.27,West Bengal
20080703,4.77,31.4,26.56,West Bengal
20080704,3.84,31.4,26.46,West Bengal
20080705,8.22,30.07,26.36,West Bengal
20080706,5.3,29.54,25.92,West Bengal
20080707,13.58,31.08,25.12,West Bengal
20080708,13.94,30.91,25.87,West Bengal
20080709,27.4,30.63,25.73,West Bengal
20080710,3.67,31.14,26.09,West Bengal
20080711,3.12,31.51,25.84,West Bengal
20080712,11.39,31.75,25.82,West Bengal
20080713,27.99,31.2,25.97,West Bengal
20080714,34.89,29.81,26.12,West Bengal
20080715,19.05,29.88,25.66,West Bengal
20080716,7.66,32.35,25.92,West Bengal
20080717,9.36,31.42,26.5,West Bengal
20080718,5.95,29.51,26.29,West Bengal
20080719,6.76,29.88,26.08,West Bengal
20080720,4.05,30.67,26.08,West Bengal
20080721,0.61,32.1,26.24,West Bengal
20080722,0.33,31.61,26.35,West Bengal
20080723,1.2,30.23,26.26,West Bengal
20080724,8.04,33.01,25.73,West Bengal
20080725,3.53,30.31,26.38,West Bengal
20080726,5.01,30.21,26.01,West Bengal
20080727,1.59,31.23,26.26,West Bengal
20080728,4.78,30.16,25.96,West Bengal
20080729,4.99,30.91,26.14,West Bengal
20080730,9.39,31.51,25.93,West Bengal
20080731,13.56,31.76,26.27,West Bengal
20080801,5.4,31.02,26.3,West Bengal
20080802,0.25,31.73,25.79,West Bengal
20080803,0.42,29.24,25.67,West Bengal
20080804,2.63,31.96,25.15,West Bengal
20080805,1.93,31.98,25.89,West Bengal
20080806,3.2,31.12,26.08,West Bengal
20080807,3.37,30.18,26.54,West Bengal
20080808,11.37,31.41,25.85,West Bengal
20080809,5.56,30.89,26.44,West Bengal
20080810,5.52,31.8,25.85,West Bengal
20080811,16.89,29.47,26.26,West Bengal
20080812,5.29,31.84,25.26,West Bengal
20080813,9.83,28.48,26.2,West Bengal
20080814,11.46,31.36,25.69,West Bengal
20080815,11.22,30.67,25.45,West Bengal
20080816,4.26,31.74,25.0,West Bengal
20080817,1.09,31.42,25.88,West Bengal
20080818,6.72,32.25,25.69,West Bengal
20080819,37.91,31.49,26.0,West Bengal
20080820,20.06,30.41,25.88,West Bengal
20080821,1.13,30.95,25.21,West Bengal
20080822,1.42,30.77,24.71,West Bengal
20080823,4.63,32.09,24.69,West Bengal
20080824,1.83,31.77,25.17,West Bengal
20080825,1.25,31.68,25.56,West Bengal
20080826,1.15,31.79,25.12,West Bengal
20080827,7.45,30.74,26.16,West Bengal
20080828,16.79,29.92,26.2,West Bengal
20080829,18.15,29.26,24.49,West Bengal
20080830,12.32,30.47,24.6,West Bengal
20080831,2.61,31.39,25.13,West Bengal
20080901,3.98,30.54,25.05,West Bengal
20080902,2.87,29.34,25.87,West Bengal
20080903,1.43,31.64,25.59,West Bengal
20080904,4.65,31.26,25.03,West Bengal
20080905,2.93,29.34,25.73,West Bengal
20080906,8.81,31.15,24.85,West Bengal
20080907,5.01,31.3,24.82,West Bengal
20080908,3.26,30.18,25.34,West Bengal
20080909,2.15,30.84,24.68,West Bengal
20080910,3.98,31.25,25.01,West Bengal
20080911,2.48,30.38,24.88,West Bengal
20080912,1.02,30.24,25.04,West Bengal
20080913,0.5,29.84,25.48,West Bengal
20080914,2.75,30.73,25.35,West Bengal
20080915,13.95,28.51,25.5,West Bengal
20080916,20.76,29.29,25.6,West Bengal
20080917,21.37,28.8,25.45,West Bengal
20080918,10.17,30.6,25.55,West Bengal
20080919,4.53,29.99,25.48,West Bengal
20080920,0.69,30.48,24.9,West Bengal
20080921,0.5,30.67,24.57,West Bengal
20080922,10.72,29.97,24.74,West Bengal
20080923,10.39,29.08,23.77,West Bengal
20080924,17.42,30.29,24.58,West Bengal
20080925,33.22,30.85,24.0,West Bengal
20080926,29.89,29.1,24.98,West Bengal
20080927,17.28,27.7,24.12,West Bengal
20080928,8.98,30.59,22.94,West Bengal
20080929,0.33,31.32,22.87,West Bengal
20080930,0.0,31.57,23.87,West Bengal
20081001,0.21,32.14,24.6,West Bengal
20081002,12.25,30.92,24.91,West Bengal
20081003,5.58,29.89,23.66,West Bengal
20081004,0.91,29.58,23.98,West Bengal
20081005,6.13,31.27,23.92,West Bengal
20081006,7.28,30.65,24.98,West Bengal
20081007,2.54,30.2,24.16,West Bengal
20081008,1.53,30.67,24.53,West Bengal
20081009,2.89,30.79,22.82,West Bengal
20081010,0.38,30.69,23.18,West Bengal
20081011,0.0,30.76,22.31,West Bengal
20081012,0.0,30.84,21.77,West Bengal
20081013,0.0,30.96,21.98,West Bengal
20081014,0.0,30.91,21.66,West Bengal
20081015,0.0,30.93,21.39,West Bengal
20081016,0.0,30.78,21.33,West Bengal
20081017,0.0,30.46,20.61,West Bengal
20081018,0.0,30.28,21.16,West Bengal
20081019,0.0,30.57,22.01,West Bengal
20081020,0.0,29.75,21.16,West Bengal
20081021,0.0,29.57,19.85,West Bengal
20081022,0.0,29.59,18.6,West Bengal
20081023,0.0,29.25,18.72,West Bengal
20081024,0.14,29.24,19.57,West Bengal
20081025,2.69,27.96,22.28,West Bengal
20081026,47.21,22.66,19.91,West Bengal
20081027,21.95,24.77,18.56,West Bengal
20081028,0.0,28.75,17.48,West Bengal
20081029,0.0,28.39,19.88,West Bengal
20081030,0.0,28.66,20.91,West Bengal
20081031,0.0,28.82,18.33,West Bengal
20081101,0.0,28.7,18.51,West Bengal
20081102,0.0,28.65,18.09,West Bengal
20081103,0.0,29.15,19.76,West Bengal
20081104,0.0,29.26,20.37,West Bengal
20081105,0.0,29.29,20.92,West Bengal
20081106,0.0,28.68,19.17,West Bengal
20081107,0.0,28.63,18.39,West Bengal
20081108,0.0,29.01,17.44,West Bengal
20081109,0.0,28.7,17.8,West Bengal
20081110,0.0,28.13,17.53,West Bengal
20081111,0.0,27.71,17.49,West Bengal
20081112,0.0,27.82,17.0,West Bengal
20081113,0.0,27.14,18.1,West Bengal
20081114,0.0,26.85,15.84,West Bengal
20081115,0.0,25.02,16.39,West Bengal
20081116,0.0,26.16,18.21,West Bengal
20081117,0.0,26.82,16.36,West Bengal
20081118,0.0,26.45,15.26,West Bengal
20081119,0.0,26.74,15.79,West Bengal
20081120,0.0,26.83,16.53,West Bengal
20081121,0.02,27.55,17.06,West Bengal
20081122,0.01,26.51,18.0,West Bengal
20081123,0.0,24.77,13.65,West Bengal
20081124,0.0,24.11,11.27,West Bengal
20081125,0.0,25.12,11.91,West Bengal
20081126,0.0,25.41,13.78,West Bengal
20081127,0.0,25.73,13.29,West Bengal
20081128,0.0,26.19,14.09,West Bengal
20081129,0.0,25.87,15.15,West Bengal
20081130,0.0,26.83,15.03,West Bengal
20081201,0.0,26.6,16.15,West Bengal
20081202,0.0,26.52,17.35,West Bengal
20081203,0.0,26.23,15.38,West Bengal
20081204,0.0,26.11,14.81,West Bengal
20081205,0.0,25.88,14.67,West Bengal
20081206,0.0,26.34,14.55,West Bengal
20081207,0.0,27.14,16.74,West Bengal
20081208,0.0,26.82,16.89,West Bengal
20081209,0.0,26.93,17.11,West Bengal
20081210,0.0,26.77,15.95,West Bengal
20081211,0.0,27.22,16.7,West Bengal
20081212,0.0,27.38,16.82,West Bengal
20081213,0.0,27.14,15.04,West Bengal
20081214,0.0,26.43,14.87,West Bengal
20081215,0.0,25.4,14.26,West Bengal
20081216,0.0,24.33,12.3,West Bengal
20081217,0.0,24.21,11.81,West Bengal
20081218,0.0,24.19,11.91,West Bengal
20081219,0.0,23.32,11.19,West Bengal
20081220,0.0,24.23,12.76,West Bengal
20081221,0.0,24.34,12.48,West Bengal
20081222,0.0,24.08,13.28,West Bengal
20081223,0.0,24.08,12.54,West Bengal
20081224,0.0,23.68,12.31,West Bengal
20081225,0.0,23.36,10.12,West Bengal
20081226,0.0,22.46,9.13,West Bengal
20081227,0.0,22.61,9.84,West Bengal
20081228,0.0,23.83,10.45,West Bengal
20081229,0.0,24.4,10.32,West Bengal
20081230,0.0,23.93,9.8,West Bengal
20081231,0.65,24.16,10.6,West Bengal
20090101,0.0,24.59,10.99,West Bengal
20090102,0.0,23.74,10.24,West Bengal
20090103,0.0,22.78,8.11,West Bengal
20090104,0.0,22.82,8.47,West Bengal
20090105,0.01,24.4,11.0,West Bengal
20090106,0.01,25.21,12.61,West Bengal
20090107,1.39,25.26,13.8,West Bengal
20090108,0.0,26.05,14.05,West Bengal
20090109,0.0,26.53,14.53,West Bengal
20090110,0.0,25.96,13.44,West Bengal
20090111,0.0,25.34,14.4,West Bengal
20090112,0.0,25.5,13.26,West Bengal
20090113,0.0,24.64,11.56,West Bengal
20090114,0.0,24.33,9.91,West Bengal
20090115,0.0,25.01,9.89,West Bengal
20090116,0.0,25.48,10.25,West Bengal
20090117,0.0,26.08,12.29,West Bengal
20090118,0.0,25.67,11.39,West Bengal
20090119,0.0,26.64,11.61,West Bengal
20090120,0.0,27.0,12.97,West Bengal
20090121,0.0,25.33,11.06,West Bengal
20090122,0.0,24.61,9.97,West Bengal
20090123,0.0,24.79,10.35,West Bengal
20090124,0.0,26.27,11.23,West Bengal
20090125,0.0,27.46,15.15,West Bengal
20090126,0.0,27.52,12.73,West Bengal
20090127,0.0,29.71,14.72,West Bengal
20090128,0.0,29.11,14.27,West Bengal
20090129,0.0,27.7,11.4,West Bengal
20090130,0.0,27.04,10.96,West Bengal
20090131,0.0,27.61,10.93,West Bengal
20090201,0.0,27.03,11.53,West Bengal
20090202,0.0,27.15,10.5,West Bengal
20090203,0.0,27.48,10.82,West Bengal
20090204,0.0,27.52,11.7,West Bengal
20090205,0.0,28.5,11.61,West Bengal
20090206,0.0,29.77,14.3,West Bengal
20090207,0.26,30.44,14.63,West Bengal
20090208,0.0,29.92,14.25,West Bengal
20090209,0.86,29.17,12.49,West Bengal
20090210,0.0,29.64,13.89,West Bengal
20090211,0.0,31.42,17.4,West Bengal
20090212,0.53,30.71,18.36,West Bengal
20090213,0.0,28.92,13.36,West Bengal
20090214,0.0,29.9,13.24,West Bengal
20090215,0.0,30.79,13.03,West Bengal
20090216,0.0,31.44,13.37,West Bengal
20090217,0.0,31.26,13.15,West Bengal
20090218,0.0,31.65,12.84,West Bengal
20090219,0.0,31.41,13.05,West Bengal
20090220,0.0,32.43,13.63,West Bengal
20090221,0.0,31.98,13.42,West Bengal
20090222,0.0,32.51,13.22,West Bengal
20090223,0.0,33.59,14.09,West Bengal
20090224,0.0,34.15,15.92,West Bengal
20090225,0.0,35.87,17.99,West Bengal
20090226,0.0,34.6,16.63,West Bengal
20090227,0.0,35.34,16.64,West Bengal
20090228,0.0,35.04,15.4,West Bengal
20090301,0.0,33.56,13.98,West Bengal
20090302,0.0,33.01,14.13,West Bengal
20090303,0.0,33.22,15.28,West Bengal
20090304,0.0,34.24,17.33,West Bengal
20090305,0.0,36.33,19.25,West Bengal
20090306,0.0,36.54,18.07,West Bengal
20090307,0.0,35.59,15.95,West Bengal
20090308,0.0,36.79,16.37,West Bengal
20090309,0.0,37.27,19.26,West Bengal
20090310,0.35,37.48,21.17,West Bengal
20090311,0.71,36.52,22.12,West Bengal
20090312,7.54,35.12,17.08,West Bengal
20090313,0.0,35.37,16.61,West Bengal
20090314,0.0,34.84,15.24,West Bengal
20090315,0.0,32.73,19.74,West Bengal
20090316,0.0,34.22,18.91,West Bengal
20090317,0.0,36.98,17.9,West Bengal
20090318,0.0,37.67,20.05,West Bengal
20090319,0.11,37.82,19.85,West Bengal
20090320,0.0,37.56,20.29,West Bengal
20090321,0.0,37.99,21.13,West Bengal
20090322,0.03,37.44,22.71,West Bengal
20090323,0.92,37.18,24.99,West Bengal
20090324,0.0,37.67,21.49,West Bengal
20090325,0.0,37.83,20.46,West Bengal
20090326,0.1,38.02,22.15,West Bengal
20090327,2.91,35.95,21.93,West Bengal
20090328,0.01,36.27,22.34,West Bengal
20090329,12.26,36.87,21.68,West Bengal
20090330,11.83,35.12,23.43,West Bengal
20090331,1.44,37.49,23.92,West Bengal
20090401,0.4,37.2,23.33,West Bengal
20090402,0.0,37.88,21.43,West Bengal
20090403,0.01,38.01,23.37,West Bengal
20090404,0.02,40.14,23.65,West Bengal
20090405,0.89,40.48,24.11,West Bengal
20090406,0.83,38.74,24.6,West Bengal
20090407,0.0,40.48,23.46,West Bengal
20090408,0.02,40.42,23.19,West Bengal
20090409,0.01,38.58,24.08,West Bengal
20090410,0.02,39.24,24.12,West Bengal
20090411,0.0,39.57,22.87,West Bengal
20090412,0.0,39.82,23.41,West Bengal
20090413,0.0,39.86,23.34,West Bengal
20090414,0.0,40.55,22.97,West Bengal
20090415,0.0,40.34,23.96,West Bengal
20090416,0.06,39.45,25.89,West Bengal
20090417,0.04,41.05,25.78,West Bengal
20090418,0.01,43.02,26.74,West Bengal
20090419,0.0,43.15,22.71,West Bengal
20090420,0.0,43.34,24.54,West Bengal
20090421,0.04,43.64,25.19,West Bengal
20090422,0.0,43.99,25.86,West Bengal
20090423,0.0,44.06,26.87,West Bengal
20090424,0.0,42.69,22.61,West Bengal
20090425,0.0,42.32,23.16,West Bengal
20090426,0.0,42.89,23.44,West Bengal
20090427,0.0,43.26,24.72,West Bengal
20090428,0.0,42.85,25.72,West Bengal
20090429,0.0,42.4,26.94,West Bengal
20090430,0.2,42.65,27.45,West Bengal
20090501,0.51,39.53,27.81,West Bengal
20090502,0.9,37.47,26.92,West Bengal
20090503,17.41,34.16,26.31,West Bengal
20090504,4.27,33.64,24.87,West Bengal
20090505,0.0,36.67,25.68,West Bengal
20090506,0.45,41.56,26.37,West Bengal
20090507,0.08,41.76,27.22,West Bengal
20090508,0.0,42.41,25.2,West Bengal
20090509,0.0,43.47,25.71,West Bengal
20090510,0.07,43.5,26.52,West Bengal
20090511,14.48,39.14,26.95,West Bengal
20090512,11.39,33.71,26.65,West Bengal
20090513,3.01,35.51,26.02,West Bengal
20090514,5.39,37.25,26.36,West Bengal
20090515,19.43,34.6,26.47,West Bengal
20090516,4.6,37.17,25.2,West Bengal
20090517,1.27,37.28,25.59,West Bengal
20090518,11.35,35.92,26.86,West Bengal
20090519,2.99,35.97,26.85,West Bengal
20090520,1.14,35.87,27.24,West Bengal
20090521,0.45,37.58,26.56,West Bengal
20090522,1.33,39.78,26.0,West Bengal
20090523,2.13,37.93,26.88,West Bengal
20090524,24.49,32.56,26.31,West Bengal
20090525,80.54,29.37,25.04,West Bengal
20090526,3.25,32.69,24.88,West Bengal
20090527,4.64,34.31,25.63,West Bengal
20090528,2.7,34.38,24.87,West Bengal
20090529,0.95,34.43,25.67,West Bengal
20090530,0.71,33.43,25.83,West Bengal
20090531,22.54,32.48,25.84,West Bengal
20090601,11.78,33.24,25.94,West Bengal
20090602,0.61,35.99,26.38,West Bengal
20090603,3.09,36.34,26.7,West Bengal
20090604,1.93,34.03,26.83,West Bengal
20090605,1.29,31.12,26.26,West Bengal
20090606,3.9,33.11,25.03,West Bengal
20090607,2.49,36.44,25.16,West Bengal
20090608,1.18,39.14,26.35,West Bengal
20090609,1.13,37.2,26.38,West Bengal
20090610,3.46,35.58,26.43,West Bengal
20090611,2.7,34.5,26.15,West Bengal
20090612,0.09,35.5,26.54,West Bengal
20090613,0.01,34.51,27.05,West Bengal
20090614,0.86,35.53,26.57,West Bengal
20090615,0.39,34.81,27.21,West Bengal
20090616,0.05,36.83,27.84,West Bengal
20090617,9.28,36.03,27.52,West Bengal
20090618,7.48,34.13,26.74,West Bengal
20090619,0.0,35.05,26.41,West Bengal
20090620,0.0,34.19,26.98,West Bengal
20090621,0.0,36.44,27.16,West Bengal
20090622,0.0,36.54,27.79,West Bengal
20090623,0.0,35.82,26.88,West Bengal
20090624,0.01,33.99,27.9,West Bengal
20090625,2.14,34.22,27.5,West Bengal
20090626,1.19,33.61,26.97,West Bengal
20090627,2.39,32.98,27.29,West Bengal
20090628,2.69,33.8,27.16,West Bengal
20090629,13.76,32.39,27.61,West Bengal
20090630,34.04,31.33,27.22,West Bengal
20090701,15.51,31.27,27.13,West Bengal
20090702,3.08,31.36,26.84,West Bengal
20090703,15.29,30.95,26.15,West Bengal
20090704,7.12,32.47,25.5,West Bengal
20090705,2.23,33.71,25.6,West Bengal
20090706,4.78,31.3,26.75,West Bengal
20090707,8.52,32.16,26.5,West Bengal
20090708,4.03,33.31,26.23,West Bengal
20090709,9.91,32.85,25.77,West Bengal
20090710,11.69,32.05,25.52,West Bengal
20090711,6.22,32.32,25.53,West Bengal
20090712,5.62,33.65,26.1,West Bengal
20090713,1.78,34.07,26.02,West Bengal
20090714,4.62,33.6,26.71,West Bengal
20090715,18.33,33.43,26.43,West Bengal
20090716,14.39,32.81,26.32,West Bengal
20090717,4.6,33.68,26.44,West Bengal
20090718,1.92,33.38,27.09,West Bengal
20090719,5.65,33.5,26.68,West Bengal
20090720,4.16,33.05,26.27,West Bengal
20090721,5.42,32.75,26.58,West Bengal
20090722,11.74,31.66,26.52,West Bengal
20090723,4.43,31.53,26.68,West Bengal
20090724,0.36,34.34,25.8,West Bengal
20090725,5.26,32.76,26.92,West Bengal
20090726,6.22,34.48,26.29,West Bengal
20090727,22.21,32.47,26.31,West Bengal
20090728,14.76,32.6,26.31,West Bengal
20090729,18.6,31.34,26.22,West Bengal
20090730,17.46,32.32,26.36,West Bengal
20090731,17.01,32.42,26.46,West Bengal
20090801,21.06,33.21,26.6,West Bengal
20090802,8.93,32.95,26.66,West Bengal
20090803,17.04,32.07,26.81,West Bengal
20090804,13.54,32.47,27.2,West Bengal
20090805,21.59,32.11,26.83,West Bengal
20090806,35.6,30.67,27.06,West Bengal
20090807,9.12,32.05,26.41,West Bengal
20090808,44.88,32.99,26.25,West Bengal
20090809,11.33,33.11,26.56,West Bengal
20090810,3.96,33.13,26.76,West Bengal
20090811,1.0,32.21,27.16,West Bengal
20090812,1.3,33.23,26.8,West Bengal
20090813,7.52,31.36,26.74,West Bengal
20090814,32.7,31.28,26.78,West Bengal
20090815,16.91,30.35,26.19,West Bengal
20090816,15.34,31.33,25.63,West Bengal
20090817,1.72,31.03,24.88,West Bengal
20090818,7.56,31.76,25.54,West Bengal
20090819,43.55,29.03,25.74,West Bengal
20090820,12.93,28.4,25.4,West Bengal
20090821,1.21,28.97,24.9,West Bengal
20090822,0.06,31.29,24.86,West Bengal
20090823,1.19,29.88,25.65,West Bengal
20090824,5.14,30.07,25.05,West Bengal
20090825,8.08,29.36,24.75,West Bengal
20090826,22.81,28.55,24.75,West Bengal
20090827,11.62,29.84,25.53,West Bengal
20090828,5.98,29.4,25.38,West Bengal
20090829,1.36,30.83,25.62,West Bengal
20090830,7.12,31.57,24.61,West Bengal
20090831,2.82,31.69,25.29,West Bengal
20090901,1.66,31.21,25.06,West Bengal
20090902,5.42,32.2,25.24,West Bengal
20090903,4.6,31.24,26.17,West Bengal
20090904,8.73,29.74,26.23,West Bengal
20090905,73.42,28.62,26.24,West Bengal
20090906,59.45,29.15,25.51,West Bengal
20090907,15.07,29.51,25.87,West Bengal
20090908,45.88,28.6,25.11,West Bengal
20090909,19.59,28.78,25.18,West Bengal
20090910,7.41,30.43,24.94,West Bengal
20090911,5.86,30.44,25.02,West Bengal
20090912,0.1,32.61,24.87,West Bengal
20090913,0.02,32.33,25.72,West Bengal
20090914,0.01,32.04,25.81,West Bengal
20090915,2.55,32.05,25.66,West Bengal
20090916,9.78,30.62,25.29,West Bengal
20090917,5.22,31.73,24.47,West Bengal
20090918,3.02,30.25,25.13,West Bengal
20090919,0.93,30.27,25.05,West Bengal
20090920,23.46,30.31,24.81,West Bengal
20090921,14.16,28.96,24.98,West Bengal
20090922,4.97,30.06,24.75,West Bengal
20090923,2.63,31.22,24.53,West Bengal
20090924,4.7,29.56,24.61,West Bengal
20090925,3.09,30.56,24.8,West Bengal
20090926,0.7,31.42,24.83,West Bengal
20090927,0.59,31.57,25.27,West Bengal
20090928,0.37,29.69,25.49,West Bengal
20090929,3.47,30.55,25.27,West Bengal
20090930,1.91,30.92,25.26,West Bengal
20091001,6.66,29.95,25.32,West Bengal
20091002,7.24,30.08,25.39,West Bengal
20091003,22.15,29.04,25.29,West Bengal
20091004,13.32,30.95,24.52,West Bengal
20091005,11.27,30.03,24.89,West Bengal
20091006,6.1,29.84,25.11,West Bengal
20091007,13.9,29.03,25.96,West Bengal
20091008,16.66,29.02,25.69,West Bengal
20091009,0.9,30.41,22.44,West Bengal
20091010,0.0,30.55,20.52,West Bengal
20091011,0.0,30.85,21.65,West Bengal
20091012,0.0,30.75,22.06,West Bengal
20091013,0.0,30.36,20.61,West Bengal
20091014,0.0,30.3,20.55,West Bengal
20091015,0.12,30.36,20.66,West Bengal
20091016,0.07,29.92,22.71,West Bengal
20091017,0.34,30.47,21.99,West Bengal
20091018,0.06,31.06,22.53,West Bengal
20091019,0.0,29.5,18.17,West Bengal
20091020,0.0,28.89,16.17,West Bengal
20091021,0.0,28.68,16.87,West Bengal
20091022,0.0,28.43,15.55,West Bengal
20091023,0.0,28.62,15.73,West Bengal
20091024,0.0,28.65,16.99,West Bengal
20091025,0.0,28.69,17.12,West Bengal
20091026,0.0,27.78,15.76,West Bengal
20091027,0.0,27.99,15.84,West Bengal
20091028,0.0,28.32,16.49,West Bengal
20091029,0.0,28.13,16.42,West Bengal
20091030,0.0,27.75,16.87,West Bengal
20091031,0.0,27.79,18.19,West Bengal
20091101,0.0,26.97,16.59,West Bengal
20091102,0.0,25.16,18.74,West Bengal
20091103,0.0,28.33,17.08,West Bengal
20091104,0.0,29.56,18.35,West Bengal
20091105,0.0,28.77,20.76,West Bengal
20091106,0.0,29.53,20.34,West Bengal
20091107,0.0,29.37,19.53,West Bengal
20091108,0.0,28.97,18.85,West Bengal
20091109,0.0,28.89,18.76,West Bengal
20091110,0.0,29.0,19.52,West Bengal
20091111,0.0,28.82,20.87,West Bengal
20091112,0.0,29.98,18.9,West Bengal
20091113,0.0,29.45,19.88,West Bengal
20091114,0.75,30.22,20.91,West Bengal
20091115,0.37,30.14,20.42,West Bengal
20091116,14.48,29.36,21.38,West Bengal
20091117,0.99,27.56,19.83,West Bengal
20091118,3.98,24.33,19.69,West Bengal
20091119,0.03,27.14,17.06,West Bengal
20091120,0.0,26.05,15.29,West Bengal
20091121,0.0,23.93,12.02,West Bengal
20091122,0.0,23.22,10.65,West Bengal
20091123,0.0,24.11,11.91,West Bengal
20091124,0.0,24.48,11.94,West Bengal
20091125,0.0,24.37,12.96,West Bengal
20091126,0.0,24.68,11.39,West Bengal
20091127,0.0,24.45,11.39,West Bengal
20091128,0.0,24.05,10.63,West Bengal
20091129,0.0,24.56,11.27,West Bengal
20091130,0.0,25.22,12.77,West Bengal
20091201,0.0,26.31,13.42,West Bengal
20091202,0.0,25.63,13.9,West Bengal
20091203,0.0,25.95,13.62,West Bengal
20091204,0.0,24.95,13.05,West Bengal
20091205,0.0,24.79,14.24,West Bengal
20091206,0.0,24.91,13.48,West Bengal
20091207,0.0,24.73,13.62,West Bengal
20091208,0.0,24.28,12.12,West Bengal
20091209,0.0,24.76,12.41,West Bengal
20091210,0.0,23.27,11.36,West Bengal
20091211,0.0,22.67,10.41,West Bengal
20091212,0.0,23.2,10.37,West Bengal
20091213,0.0,23.68,11.22,West Bengal
20091214,0.0,25.02,12.64,West Bengal
20091215,0.0,25.31,13.14,West Bengal
20091216,0.0,25.87,13.08,West Bengal
20091217,0.0,26.24,14.8,West Bengal
20091218,0.36,26.39,14.62,West Bengal
20091219,0.04,26.21,15.83,West Bengal
20091220,0.0,25.37,14.29,West Bengal
20091221,0.0,24.05,11.63,West Bengal
20091222,0.0,22.86,9.59,West Bengal
20091223,0.0,22.73,9.32,West Bengal
20091224,0.0,22.73,9.2,West Bengal
20091225,0.0,22.25,7.0,West Bengal
20091226,0.0,22.56,7.57,West Bengal
20091227,0.0,22.33,8.84,West Bengal
20091228,0.0,22.49,8.41,West Bengal
20091229,0.0,22.07,7.75,West Bengal
20091230,0.0,21.95,7.87,West Bengal
20091231,0.01,21.14,9.11,West Bengal
20100101,0.0,21.55,8.73,West Bengal
20100102,0.0,21.44,6.9,West Bengal
20100103,0.0,22.58,6.95,West Bengal
20100104,0.0,21.7,6.56,West Bengal
20100105,0.0,22.08,8.95,West Bengal
20100106,0.0,22.14,7.13,West Bengal
20100107,0.0,22.88,7.77,West Bengal
20100108,0.0,23.65,8.34,West Bengal
20100109,0.0,23.81,7.8,West Bengal
20100110,0.0,23.71,9.08,West Bengal
20100111,0.0,23.49,8.53,West Bengal
20100112,0.0,22.86,9.52,West Bengal
20100113,0.02,23.36,11.7,West Bengal
20100114,0.02,21.99,12.69,West Bengal
20100115,0.0,24.99,11.46,West Bengal
20100116,0.0,24.06,9.71,West Bengal
20100117,0.0,24.54,9.23,West Bengal
20100118,0.0,23.75,9.92,West Bengal
20100119,0.0,23.91,9.96,West Bengal
20100120,0.0,24.06,7.91,West Bengal
20100121,0.0,24.67,7.52,West Bengal
20100122,0.0,25.66,7.55,West Bengal
20100123,0.0,25.06,7.38,West Bengal
20100124,0.0,25.2,8.18,West Bengal
20100125,0.0,25.83,8.51,West Bengal
20100126,0.0,26.52,9.08,West Bengal
20100127,0.0,26.43,9.05,West Bengal
20100128,0.0,25.7,10.28,West Bengal
20100129,0.0,26.15,9.53,West Bengal
20100130,0.0,26.23,9.27,West Bengal
20100131,0.0,26.43,11.02,West Bengal
20100201,0.0,26.66,10.41,West Bengal
20100202,0.0,27.24,9.62,West Bengal
20100203,0.0,27.39,11.06,West Bengal
20100204,0.0,26.95,10.12,West Bengal
20100205,0.0,27.06,9.76,West Bengal
20100206,0.0,26.44,11.11,West Bengal
20100207,0.0,26.93,11.51,West Bengal
20100208,0.0,28.37,12.77,West Bengal
20100209,0.0,29.54,14.79,West Bengal
20100210,0.0,31.15,14.04,West Bengal
20100211,0.0,30.46,14.67,West Bengal
20100212,0.0,31.6,17.22,West Bengal
20100213,0.0,30.39,15.54,West Bengal
20100214,0.0,30.28,15.65,West Bengal
20100215,0.43,30.7,16.73,West Bengal
20100216,4.04,28.18,17.65,West Bengal
20100217,9.14,29.42,19.22,West Bengal
20100218,0.0,29.09,14.79,West Bengal
20100219,0.0,29.61,12.26,West Bengal
20100220,0.0,29.5,13.27,West Bengal
20100221,0.0,28.64,12.16,West Bengal
20100222,0.0,30.06,13.24,West Bengal
20100223,12.25,29.69,13.66,West Bengal
20100224,0.42,31.67,15.86,West Bengal
20100225,0.59,32.27,19.28,West Bengal
20100226,0.0,32.22,16.33,West Bengal
20100227,0.0,30.93,15.36,West Bengal
20100228,0.0,32.93,15.61,West Bengal
20100301,0.0,33.12,18.22,West Bengal
20100302,0.0,34.82,15.96,West Bengal
20100303,0.0,35.26,16.15,West Bengal
20100304,0.0,35.43,17.63,West Bengal
20100305,0.0,36.24,18.76,West Bengal
20100306,0.0,35.67,20.49,West Bengal
20100307,0.0,35.73,19.02,West Bengal
20100308,0.0,35.79,19.65,West Bengal
20100309,0.0,35.12,18.89,West Bengal
20100310,0.0,34.98,17.54,West Bengal
20100311,0.0,34.74,17.68,West Bengal
20100312,0.0,35.43,17.87,West Bengal
20100313,0.0,35.91,17.3,West Bengal
20100314,0.04,36.55,18.33,West Bengal
20100315,2.24,37.16,19.71,West Bengal
20100316,3.72,36.26,21.84,West Bengal
20100317,0.68,37.21,21.74,West Bengal
20100318,0.0,38.39,21.26,West Bengal
20100319,0.0,37.72,20.62,West Bengal
20100320,0.0,38.36,21.56,West Bengal
20100321,0.0,39.02,20.09,West Bengal
20100322,0.0,39.57,21.47,West Bengal
20100323,0.0,41.23,21.66,West Bengal
20100324,0.0,41.08,23.36,West Bengal
20100325,0.0,41.22,23.12,West Bengal
20100326,0.02,39.86,23.77,West Bengal
20100327,0.82,41.8,24.38,West Bengal
20100328,3.11,40.15,24.67,West Bengal
20100329,0.0,40.7,24.53,West Bengal
20100330,0.0,41.45,24.58,West Bengal
20100331,0.01,41.85,24.31,West Bengal
20100401,0.0,42.31,22.91,West Bengal
20100402,0.21,41.29,24.89,West Bengal
20100403,0.02,41.04,25.03,West Bengal
20100404,0.0,41.02,26.08,West Bengal
20100405,0.0,42.19,25.64,West Bengal
20100406,0.0,42.73,24.48,West Bengal
20100407,0.0,42.14,24.93,West Bengal
20100408,0.0,42.21,23.28,West Bengal
20100409,0.0,42.57,24.84,West Bengal
20100410,0.0,43.75,23.08,West Bengal
20100411,0.0,44.42,25.35,West Bengal
20100412,0.0,42.7,26.26,West Bengal
20100413,0.01,39.71,26.64,West Bengal
20100414,0.01,40.23,26.92,West Bengal
20100415,0.65,40.27,26.99,West Bengal
20100416,0.33,41.79,26.14,West Bengal
20100417,0.0,41.98,26.14,West Bengal
20100418,0.01,44.57,26.58,West Bengal
20100419,0.0,45.36,27.5,West Bengal
20100420,0.0,46.29,25.98,West Bengal
20100421,0.0,45.65,26.09,West Bengal
20100422,0.0,45.39,27.14,West Bengal
20100423,0.0,42.53,27.42,West Bengal
20100424,0.36,43.48,27.08,West Bengal
20100425,0.5,44.26,27.97,West Bengal
20100426,4.93,42.52,27.75,West Bengal
20100427,5.4,40.13,26.68,West Bengal
20100428,9.18,37.87,26.52,West Bengal
20100429,3.13,37.54,26.57,West Bengal
20100430,2.02,38.4,26.32,West Bengal
20100501,1.35,40.96,27.19,West Bengal
20100502,7.75,38.79,28.31,West Bengal
20100503,15.69,31.45,26.59,West Bengal
20100504,9.24,33.52,26.06,West Bengal
20100505,12.69,36.92,25.24,West Bengal
20100506,16.81,30.92,25.42,West Bengal
20100507,22.41,33.8,24.61,West Bengal
20100508,6.99,35.84,25.13,West Bengal
20100509,2.46,39.59,25.96,West Bengal
20100510,1.1,40.9,27.12,West Bengal
20100511,0.0,41.16,28.37,West Bengal
20100512,0.02,40.55,27.88,West Bengal
20100513,0.01,39.83,27.93,West Bengal
20100514,15.65,36.8,27.65,West Bengal
20100515,4.74,39.13,26.7,West Bengal
20100516,0.0,40.26,26.87,West Bengal
20100517,2.94,39.12,27.36,West Bengal
20100518,0.56,38.96,26.5,West Bengal
20100519,0.0,37.29,27.51,West Bengal
20100520,2.27,33.93,27.71,West Bengal
20100521,1.85,34.57,26.7,West Bengal
20100522,5.79,34.15,26.32,West Bengal
20100523,5.48,32.67,26.04,West Bengal
20100524,5.45,37.32,26.22,West Bengal
20100525,0.72,39.37,26.16,West Bengal
20100526,16.28,39.73,28.97,West Bengal
20100527,15.75,35.37,28.02,West Bengal
20100528,3.09,37.53,26.66,West Bengal
20100529,0.04,36.3,27.58,West Bengal
20100530,2.54,37.55,27.38,West Bengal
20100531,9.63,37.58,27.76,West Bengal
20100601,2.12,37.87,27.25,West Bengal
20100602,0.73,39.47,28.13,West Bengal
20100603,1.48,36.47,27.96,West Bengal
20100604,3.12,38.49,28.31,West Bengal
20100605,1.79,40.68,28.17,West Bengal
20100606,3.79,40.07,28.34,West Bengal
20100607,0.54,37.53,28.39,West Bengal
20100608,7.74,38.64,28.0,West Bengal
20100609,4.68,34.67,27.97,West Bengal
20100610,0.22,33.45,27.49,West Bengal
20100611,0.19,35.51,26.48,West Bengal
20100612,0.84,33.3,26.78,West Bengal
20100613,8.78,32.55,27.01,West Bengal
20100614,4.11,34.32,26.55,West Bengal
20100615,0.84,35.52,27.0,West Bengal
20100616,13.26,37.31,27.97,West Bengal
20100617,18.91,32.15,27.62,West Bengal
20100618,8.69,32.38,26.92,West Bengal
20100619,1.49,35.06,26.55,West Bengal
20100620,0.31,32.47,27.08,West Bengal
20100621,0.0,34.4,26.94,West Bengal
20100622,8.64,35.58,27.14,West Bengal
20100623,3.89,33.62,27.57,West Bengal
20100624,12.68,32.63,26.7,West Bengal
20100625,13.55,33.4,26.41,West Bengal
20100626,26.12,32.07,27.44,West Bengal
20100627,19.99,31.43,27.29,West Bengal
20100628,15.74,31.85,27.17,West Bengal
20100629,13.73,31.04,27.38,West Bengal
20100630,2.92,31.83,26.67,West Bengal
20100701,2.34,31.45,26.06,West Bengal
20100702,2.48,32.19,26.08,West Bengal
20100703,4.08,33.17,26.38,West Bengal
20100704,0.95,31.6,25.85,West Bengal
20100705,4.37,30.58,25.15,West Bengal
20100706,5.86,32.3,25.04,West Bengal
20100707,3.77,32.62,25.89,West Bengal
20100708,1.15,33.02,25.63,West Bengal
20100709,1.95,32.67,26.15,West Bengal
20100710,9.84,33.75,26.38,West Bengal
20100711,7.47,31.79,26.77,West Bengal
20100712,7.11,31.16,26.82,West Bengal
20100713,17.09,32.96,26.4,West Bengal
20100714,3.47,33.39,26.27,West Bengal
20100715,0.31,33.51,26.49,West Bengal
20100716,1.7,33.62,26.12,West Bengal
20100717,0.55,33.83,26.31,West Bengal
20100718,0.51,33.62,26.64,West Bengal
20100719,1.42,34.3,26.34,West Bengal
20100720,0.18,32.61,25.99,West Bengal
20100721,0.55,31.86,25.96,West Bengal
20100722,23.77,31.53,26.81,West Bengal
20100723,15.93,32.01,26.6,West Bengal
20100724,10.71,31.07,26.36,West Bengal
20100725,9.91,32.06,26.44,West Bengal
20100726,7.31,32.78,26.32,West Bengal
20100727,6.04,30.17,26.07,West Bengal
20100728,1.4,33.1,25.11,West Bengal
20100729,1.53,31.75,25.58,West Bengal
20100730,27.29,29.81,26.11,West Bengal
20100731,25.68,29.74,26.02,West Bengal
20100801,10.19,29.65,25.46,West Bengal
20100802,4.69,30.6,25.02,West Bengal
20100803,2.1,31.48,25.43,West Bengal
20100804,4.66,30.84,25.66,West Bengal
20100805,21.79,31.1,25.97,West Bengal
20100806,8.92,32.29,25.24,West Bengal
20100807,3.95,31.68,25.35,West Bengal
20100808,0.76,32.94,24.96,West Bengal
20100809,0.24,33.97,25.12,West Bengal
20100810,1.86,33.36,26.16,West Bengal
20100811,0.67,32.11,26.07,West Bengal
20100812,1.52,31.15,25.97,West Bengal
20100813,8.44,31.27,25.97,West Bengal
20100814,16.38,30.56,25.92,West Bengal
20100815,6.63,30.58,25.64,West Bengal
20100816,2.7,32.48,25.55,West Bengal
20100817,0.15,33.47,26.02,West Bengal
20100818,0.13,32.87,25.59,West Bengal
20100819,22.1,31.89,25.99,West Bengal
20100820,17.09,31.86,25.46,West Bengal
20100821,0.88,32.62,25.95,West Bengal
20100822,6.52,31.1,25.61,West Bengal
20100823,31.01,31.12,25.95,West Bengal
20100824,6.29,32.65,25.81,West Bengal
20100825,0.87,32.95,25.03,West Bengal
20100826,3.14,31.59,25.48,West Bengal
20100827,2.9,31.86,24.91,West Bengal
20100828,4.21,31.8,25.66,West Bengal
20100829,1.96,32.28,25.22,West Bengal
20100830,2.71,32.49,25.31,West Bengal
20100831,1.55,32.47,25.65,West Bengal
20100901,1.53,31.06,26.01,West Bengal
20100902,1.53,31.72,25.69,West Bengal
20100903,0.47,31.58,25.2,West Bengal
20100904,0.33,31.37,25.77,West Bengal
20100905,11.1,32.16,25.59,West Bengal
20100906,4.86,32.68,25.98,West Bengal
20100907,4.06,31.86,26.21,West Bengal
20100908,5.72,31.44,26.24,West Bengal
20100909,3.96,30.46,26.29,West Bengal
20100910,0.33,30.38,25.86,West Bengal
20100911,30.2,30.31,25.69,West Bengal
20100912,33.69,32.33,24.96,West Bengal
20100913,36.69,29.48,25.09,West Bengal
20100914,21.35,31.08,24.6,West Bengal
20100915,5.85,28.46,25.15,West Bengal
20100916,3.91,30.04,24.49,West Bengal
20100917,15.51,29.34,25.42,West Bengal
20100918,18.0,29.51,24.98,West Bengal
20100919,16.42,28.78,24.47,West Bengal
20100920,2.27,30.4,23.86,West Bengal
20100921,9.14,30.74,24.58,West Bengal
20100922,15.63,30.74,24.94,West Bengal
20100923,8.28,31.86,23.66,West Bengal
20100924,11.26,29.82,24.99,West Bengal
20100925,6.39,30.97,24.83,West Bengal
20100926,2.43,32.22,24.23,West Bengal
20100927,0.84,31.72,24.5,West Bengal
20100928,0.92,30.93,24.72,West Bengal
20100929,0.19,31.34,22.93,West Bengal
20100930,0.0,31.03,22.11,West Bengal
20101001,0.03,31.96,23.47,West Bengal
20101002,0.04,32.04,24.47,West Bengal
20101003,0.0,32.17,24.79,West Bengal
20101004,2.15,30.86,25.25,West Bengal
20101005,14.71,31.85,25.12,West Bengal
20101006,12.05,28.02,23.9,West Bengal
20101007,31.77,26.11,23.83,West Bengal
20101008,25.24,27.4,24.39,West Bengal
20101009,0.07,29.65,21.02,West Bengal
20101010,0.0,31.46,22.33,West Bengal
20101011,0.65,31.3,23.27,West Bengal
20101012,0.0,30.61,21.61,West Bengal
20101013,0.02,28.93,22.22,West Bengal
20101014,3.92,30.64,23.44,West Bengal
20101015,5.08,29.61,24.81,West Bengal
20101016,6.15,29.97,25.13,West Bengal
20101017,1.01,31.12,24.15,West Bengal
20101018,0.91,31.36,23.5,West Bengal
20101019,0.61,31.82,23.78,West Bengal
20101020,0.11,31.57,23.21,West Bengal
20101021,3.49,31.86,23.45,West Bengal
20101022,1.51,31.26,24.06,West Bengal
20101023,0.53,28.79,24.2,West Bengal
20101024,0.28,30.49,22.44,West Bengal
20101025,0.01,30.42,21.18,West Bengal
20101026,0.0,30.27,21.48,West Bengal
20101027,0.0,29.9,20.55,West Bengal
20101028,0.0,29.82,19.19,West Bengal
20101029,0.0,28.16,18.01,West Bengal
20101030,0.0,28.41,17.04,West Bengal
20101031,0.17,29.01,19.32,West Bengal
20101101,1.89,26.64,20.45,West Bengal
20101102,1.22,27.37,19.41,West Bengal
20101103,0.0,28.97,19.82,West Bengal
20101104,0.0,28.65,18.73,West Bengal
20101105,0.0,28.7,18.85,West Bengal
20101106,0.0,30.08,18.66,West Bengal
20101107,0.02,30.52,20.22,West Bengal
20101108,0.18,30.71,21.81,West Bengal
20101109,0.0,30.07,20.69,West Bengal
20101110,0.0,29.5,19.67,West Bengal
20101111,0.0,29.39,20.48,West Bengal
20101112,0.0,28.94,20.15,West Bengal
20101113,0.0,29.12,20.31,West Bengal
20101114,0.0,28.85,18.71,West Bengal
20101115,0.0,29.23,19.4,West Bengal
20101116,0.0,29.29,19.58,West Bengal
20101117,0.0,29.11,19.4,West Bengal
20101118,0.47,29.78,21.28,West Bengal
20101119,0.81,29.15,21.15,West Bengal
20101120,0.1,29.08,19.82,West Bengal
20101121,0.0,27.7,18.34,West Bengal
20101122,0.0,26.78,14.22,West Bengal
20101123,0.0,25.89,14.54,West Bengal
20101124,0.0,27.13,16.12,West Bengal
20101125,0.0,27.71,17.32,West Bengal
20101126,0.0,28.13,18.4,West Bengal
20101127,0.0,28.54,20.1,West Bengal
20101128,0.11,27.7,20.19,West Bengal
20101129,0.01,28.13,19.08,West Bengal
20101130,0.0,27.07,16.9,West Bengal
20101201,0.0,25.67,12.94,West Bengal
20101202,0.0,25.33,11.42,West Bengal
20101203,0.0,25.93,12.65,West Bengal
20101204,0.0,26.95,13.23,West Bengal
20101205,0.0,26.58,13.07,West Bengal
20101206,2.71,23.53,16.52,West Bengal
20101207,0.6,25.65,16.98,West Bengal
20101208,15.74,22.62,17.96,West Bengal
20101209,18.72,23.84,17.82,West Bengal
20101210,23.19,25.75,18.52,West Bengal
20101211,1.27,25.84,17.07,West Bengal
20101212,0.05,25.61,13.53,West Bengal
20101213,0.1,24.75,14.87,West Bengal
20101214,0.0,23.71,12.7,West Bengal
20101215,0.0,21.93,9.13,West Bengal
20101216,0.0,22.36,9.49,West Bengal
20101217,0.0,23.16,9.99,West Bengal
20101218,0.0,23.05,9.53,West Bengal
20101219,0.0,23.77,9.3,West Bengal
20101220,0.0,22.78,8.28,West Bengal
20101221,0.0,21.87,6.54,West Bengal
20101222,0.0,22.29,6.58,West Bengal
20101223,0.0,23.68,10.38,West Bengal
20101224,0.0,24.21,10.43,West Bengal
20101225,0.0,24.21,11.39,West Bengal
20101226,0.0,22.99,8.81,West Bengal
20101227,0.0,23.18,8.75,West Bengal
20101228,0.0,22.73,8.17,West Bengal
20101229,0.0,22.87,8.45,West Bengal
20101230,0.0,24.41,10.11,West Bengal
20101231,0.0,24.94,12.19,West Bengal
20110101,0.0,24.47,12.48,West Bengal
20110102,0.0,22.69,9.77,West Bengal
20110103,0.0,21.8,6.84,West Bengal
20110104,0.0,21.59,6.55,West Bengal
20110105,0.0,22.0,8.23,West Bengal
20110106,0.0,22.08,7.06,West Bengal
20110107,0.0,22.94,6.83,West Bengal
20110108,0.0,21.94,6.6,West Bengal
20110109,0.0,24.67,8.36,West Bengal
20110110,0.0,23.23,6.7,West Bengal
20110111,0.0,21.33,5.49,West Bengal
20110112,0.0,21.42,5.61,West Bengal
20110113,0.0,21.15,7.99,West Bengal
20110114,0.0,24.01,10.52,West Bengal
20110115,0.0,25.42,11.67,West Bengal
20110116,0.4,26.12,12.21,West Bengal
20110117,0.0,21.89,6.03,West Bengal
20110118,0.0,22.57,8.13,West Bengal
20110119,0.0,25.67,10.63,West Bengal
20110120,0.0,24.82,7.91,West Bengal
20110121,0.0,23.02,7.98,West Bengal
20110122,0.0,23.37,9.81,West Bengal
20110123,0.0,25.26,11.24,West Bengal
20110124,0.0,26.29,12.77,West Bengal
20110125,0.0,27.96,14.75,West Bengal
20110126,0.0,28.19,12.72,West Bengal
20110127,0.0,28.04,15.18,West Bengal
20110128,0.0,26.97,12.26,West Bengal
20110129,0.0,26.59,11.38,West Bengal
20110130,0.76,27.94,13.28,West Bengal
20110131,0.01,28.66,16.13,West Bengal
20110201,0.0,27.69,12.89,West Bengal
20110202,0.0,26.82,10.81,West Bengal
20110203,0.0,27.6,11.19,West Bengal
20110204,0.0,27.33,10.83,West Bengal
20110205,0.0,28.4,14.26,West Bengal
20110206,0.0,28.57,12.78,West Bengal
20110207,0.0,30.29,15.01,West Bengal
20110208,0.0,31.45,13.52,West Bengal
20110209,0.0,31.37,13.93,West Bengal
20110210,0.0,30.57,12.22,West Bengal
20110211,0.0,29.91,12.35,West Bengal
20110212,0.0,29.92,12.7,West Bengal
20110213,0.0,30.38,13.66,West Bengal
20110214,0.0,31.43,15.82,West Bengal
20110215,0.0,34.18,16.37,West Bengal
20110216,0.0,33.77,16.87,West Bengal
20110217,0.0,31.12,16.0,West Bengal
20110218,0.0,29.39,18.06,West Bengal
20110219,2.56,29.36,18.98,West Bengal
20110220,0.02,31.12,18.06,West Bengal
20110221,0.17,26.75,15.91,West Bengal
20110222,0.0,30.05,13.7,West Bengal
20110223,0.0,30.92,12.91,West Bengal
20110224,0.0,30.96,13.46,West Bengal
20110225,0.0,31.85,13.78,West Bengal
20110226,0.0,32.35,13.9,West Bengal
20110227,0.0,32.85,16.47,West Bengal
20110228,0.0,32.05,14.73,West Bengal
20110301,0.0,32.45,13.04,West Bengal
20110302,0.0,33.55,12.51,West Bengal
20110303,0.0,34.55,16.06,West Bengal
20110304,0.0,35.35,17.71,West Bengal
20110305,0.0,36.77,19.52,West Bengal
20110306,0.0,37.24,20.28,West Bengal
20110307,0.0,36.06,17.03,West Bengal
20110308,0.0,36.67,16.06,West Bengal
20110309,0.0,37.1,17.55,West Bengal
20110310,1.65,37.54,20.4,West Bengal
20110311,3.5,36.82,21.34,West Bengal
20110312,3.22,34.97,20.58,West Bengal
20110313,0.0,34.4,19.41,West Bengal
20110314,0.0,35.21,19.99,West Bengal
20110315,0.14,35.04,20.48,West Bengal
20110316,0.0,36.46,18.74,West Bengal
20110317,0.0,35.9,19.95,West Bengal
20110318,0.0,36.0,21.45,West Bengal
20110319,0.0,38.77,21.23,West Bengal
20110320,0.0,39.45,22.56,West Bengal
20110321,0.0,39.53,21.05,West Bengal
20110322,0.0,38.97,22.57,West Bengal
20110323,0.0,38.66,21.92,West Bengal
20110324,2.02,38.17,22.24,West Bengal
20110325,0.01,37.62,22.69,West Bengal
20110326,1.74,37.41,24.0,West Bengal
20110327,1.21,36.9,23.57,West Bengal
20110328,4.21,35.87,22.98,West Bengal
20110329,1.0,36.09,22.82,West Bengal
20110330,4.78,36.26,22.93,West Bengal
20110331,2.36,36.7,24.21,West Bengal
20110401,0.03,37.43,21.81,West Bengal
20110402,0.24,37.29,22.76,West Bengal
20110403,0.96,37.32,23.55,West Bengal
20110404,4.89,36.31,23.83,West Bengal
20110405,6.6,33.91,24.13,West Bengal
20110406,0.0,37.76,22.34,West Bengal
20110407,0.0,38.23,20.4,West Bengal
20110408,0.0,39.69,21.32,West Bengal
20110409,0.0,39.51,23.15,West Bengal
20110410,0.0,38.79,23.96,West Bengal
20110411,0.2,39.67,23.95,West Bengal
20110412,2.21,39.85,23.05,West Bengal
20110413,0.0,40.62,24.16,West Bengal
20110414,4.37,38.61,25.51,West Bengal
20110415,0.05,36.95,25.63,West Bengal
20110416,0.09,39.33,24.47,West Bengal
20110417,0.1,41.45,25.3,West Bengal
20110418,8.4,37.92,26.63,West Bengal
20110419,2.38,35.05,26.58,West Bengal
20110420,0.07,38.24,26.12,West Bengal
20110421,14.93,36.17,26.13,West Bengal
20110422,6.5,34.93,24.45,West Bengal
20110423,0.02,37.74,24.39,West Bengal
20110424,0.03,39.2,23.86,West Bengal
20110425,15.92,34.93,24.36,West Bengal
20110426,0.85,35.56,23.31,West Bengal
20110427,0.68,34.86,23.33,West Bengal
20110428,1.51,36.9,23.43,West Bengal
20110429,0.89,37.77,24.14,West Bengal
20110430,1.01,37.02,25.17,West Bengal
20110501,0.84,39.26,24.82,West Bengal
20110502,0.99,39.16,25.86,West Bengal
20110503,9.77,38.92,25.94,West Bengal
20110504,30.12,36.75,26.17,West Bengal
20110505,0.63,35.63,24.5,West Bengal
20110506,0.45,37.51,25.36,West Bengal
20110507,8.54,36.74,26.05,West Bengal
20110508,4.87,37.53,26.27,West Bengal
20110509,0.27,39.57,25.04,West Bengal
20110510,3.26,40.69,26.3,West Bengal
20110511,11.08,39.98,26.87,West Bengal
20110512,11.27,39.12,26.7,West Bengal
20110513,2.59,38.81,27.03,West Bengal
20110514,7.09,37.93,26.9,West Bengal
20110515,3.86,39.0,25.71,West Bengal
20110516,0.01,36.72,26.85,West Bengal
20110517,0.01,36.66,26.96,West Bengal
20110518,22.03,34.42,26.92,West Bengal
20110519,17.75,33.73,25.84,West Bengal
20110520,1.95,33.22,25.85,West Bengal
20110521,10.03,35.68,26.95,West Bengal
20110522,6.84,34.37,26.76,West Bengal
20110523,0.73,35.71,26.45,West Bengal
20110524,1.77,38.64,26.38,West Bengal
20110525,7.29,35.64,27.2,West Bengal
20110526,4.73,33.34,26.91,West Bengal
20110527,0.71,33.76,26.53,West Bengal
20110528,1.29,36.42,25.14,West Bengal
20110529,0.68,36.2,26.14,West Bengal
20110530,7.67,35.88,27.05,West Bengal
20110531,9.26,34.85,27.15,West Bengal
20110601,1.85,33.66,27.14,West Bengal
20110602,1.53,37.49,26.8,West Bengal
20110603,0.99,33.58,27.02,West Bengal
20110604,0.17,36.81,26.59,West Bengal
20110605,0.23,36.85,27.66,West Bengal
20110606,0.16,36.89,26.62,West Bengal
20110607,0.07,35.14,27.1,West Bengal
20110608,0.58,35.88,26.61,West Bengal
20110609,0.37,36.79,26.77,West Bengal
20110610,0.0,40.81,28.11,West Bengal
20110611,3.23,37.86,28.06,West Bengal
20110612,5.17,34.89,27.17,West Bengal
20110613,0.65,36.05,26.91,West Bengal
20110614,4.76,32.58,27.3,West Bengal
20110615,8.52,33.1,26.51,West Bengal
20110616,29.48,30.92,27.0,West Bengal
20110617,84.42,29.7,26.61,West Bengal
20110618,57.36,30.67,26.37,West Bengal
20110619,23.71,30.7,27.28,West Bengal
20110620,16.22,31.69,26.78,West Bengal
20110621,3.04,32.71,26.29,West Bengal
20110622,6.57,33.14,26.09,West Bengal
20110623,6.87,32.98,26.73,West Bengal
20110624,5.83,31.51,27.43,West Bengal
20110625,14.24,31.97,26.64,West Bengal
20110626,15.28,31.9,26.11,West Bengal
20110627,30.36,30.6,26.31,West Bengal
20110628,26.73,29.48,26.42,West Bengal
20110629,10.12,31.92,26.56,West Bengal
20110630,12.52,30.46,26.95,West Bengal
20110701,13.29,32.33,26.25,West Bengal
20110702,8.74,30.4,25.98,West Bengal
20110703,19.01,30.66,25.35,West Bengal
20110704,1.79,29.1,24.99,West Bengal
20110705,5.52,31.48,24.04,West Bengal
20110706,17.88,31.14,24.95,West Bengal
20110707,16.45,29.99,25.05,West Bengal
20110708,5.72,31.68,25.65,West Bengal
20110709,2.18,32.19,25.03,West Bengal
20110710,5.42,33.75,25.95,West Bengal
20110711,2.76,32.24,26.35,West Bengal
20110712,2.3,29.87,26.14,West Bengal
20110713,3.58,32.42,25.38,West Bengal
20110714,2.32,31.25,26.15,West Bengal
20110715,4.85,30.36,26.17,West Bengal
20110716,4.69,31.16,26.27,West Bengal
20110717,7.68,32.37,25.67,West Bengal
20110718,9.34,31.18,26.61,West Bengal
20110719,17.29,31.8,26.71,West Bengal
20110720,48.06,29.73,26.51,West Bengal
20110721,30.65,29.73,26.2,West Bengal
20110722,21.34,31.37,25.46,West Bengal
20110723,1.44,31.33,24.98,West Bengal
20110724,0.7,31.61,24.51,West Bengal
20110725,0.08,31.79,24.89,West Bengal
20110726,0.36,30.69,25.33,West Bengal
20110727,0.03,31.86,25.32,West Bengal
20110728,0.16,31.95,25.22,West Bengal
20110729,0.06,32.68,25.15,West Bengal
20110730,0.0,33.56,25.59,West Bengal
20110731,0.79,33.98,25.91,West Bengal
20110801,0.84,33.88,26.58,West Bengal
20110802,7.29,33.11,27.43,West Bengal
20110803,5.8,31.06,26.2,West Bengal
20110804,10.6,32.06,26.59,West Bengal
20110805,22.98,30.57,26.64,West Bengal
20110806,26.86,31.67,26.63,West Bengal
20110807,63.11,31.69,26.76,West Bengal
20110808,68.27,29.23,26.41,West Bengal
20110809,28.47,29.46,26.32,West Bengal
20110810,23.42,29.57,26.38,West Bengal
20110811,22.97,29.74,25.97,West Bengal
20110812,13.63,28.54,25.3,West Bengal
20110813,24.28,29.8,25.55,West Bengal
20110814,9.64,29.56,26.0,West Bengal
20110815,6.4,30.17,25.56,West Bengal
20110816,33.8,28.93,26.04,West Bengal
20110817,19.31,28.3,24.96,West Bengal
20110818,13.03,30.14,24.26,West Bengal
20110819,5.53,28.79,24.23,West Bengal
20110820,0.76,31.73,23.89,West Bengal
20110821,0.05,30.6,24.72,West Bengal
20110822,0.4,30.52,24.81,West Bengal
20110823,0.37,30.78,25.14,West Bengal
20110824,0.69,29.89,25.4,West Bengal
20110825,8.52,30.29,25.36,West Bengal
20110826,7.92,29.39,25.5,West Bengal
20110827,3.96,28.75,25.55,West Bengal
20110828,2.69,29.84,25.27,West Bengal
20110829,0.98,30.46,25.22,West Bengal
20110830,2.54,30.16,25.61,West Bengal
20110831,4.05,29.76,25.61,West Bengal
20110901,3.69,28.66,25.5,West Bengal
20110902,12.18,28.63,25.41,West Bengal
20110903,1.94,30.63,24.81,West Bengal
20110904,3.63,29.93,24.32,West Bengal
20110905,3.0,31.51,24.72,West Bengal
20110906,3.71,30.5,25.7,West Bengal
20110907,2.71,29.81,25.49,West Bengal
20110908,9.54,29.06,25.71,West Bengal
20110909,17.9,29.34,25.86,West Bengal
20110910,6.81,31.27,25.69,West Bengal
20110911,0.59,31.14,25.01,West Bengal
20110912,0.02,32.43,25.25,West Bengal
20110913,8.82,32.77,26.0,West Bengal
20110914,12.7,29.0,24.99,West Bengal
20110915,9.86,28.71,24.74,West Bengal
20110916,28.62,28.38,25.34,West Bengal
20110917,34.32,29.29,25.99,West Bengal
20110918,16.63,29.37,25.74,West Bengal
20110919,16.42,30.37,25.5,West Bengal
20110920,14.96,28.8,25.07,West Bengal
20110921,12.23,29.64,25.26,West Bengal
20110922,20.83,30.24,25.45,West Bengal
20110923,14.45,29.44,24.93,West Bengal
20110924,6.47,29.89,25.22,West Bengal
20110925,11.28,30.57,25.75,West Bengal
20110926,4.9,31.04,25.68,West Bengal
20110927,0.36,31.25,24.43,West Bengal
20110928,0.0,30.79,23.96,West Bengal
20110929,0.01,31.09,22.74,West Bengal
20110930,0.0,31.73,23.44,West Bengal
20111001,0.0,31.53,23.98,West Bengal
20111002,0.0,31.36,22.8,West Bengal
20111003,0.0,31.72,22.6,West Bengal
20111004,0.0,31.47,23.1,West Bengal
20111005,2.67,31.74,23.57,West Bengal
20111006,1.67,31.49,24.46,West Bengal
20111007,2.67,31.24,24.9,West Bengal
20111008,1.16,31.38,23.7,West Bengal
20111009,0.03,30.97,24.5,West Bengal
20111010,0.06,31.28,24.4,West Bengal
20111011,0.04,31.2,24.54,West Bengal
20111012,0.5,31.02,22.97,West Bengal
20111013,0.06,31.7,23.11,West Bengal
20111014,0.0,31.52,24.16,West Bengal
20111015,0.0,30.77,24.42,West Bengal
20111016,0.0,31.29,22.74,West Bengal
20111017,0.04,31.43,22.92,West Bengal
20111018,2.3,30.75,24.0,West Bengal
20111019,1.08,30.0,23.17,West Bengal
20111020,0.15,30.65,22.07,West Bengal
20111021,15.12,29.5,23.25,West Bengal
20111022,5.7,30.24,22.81,West Bengal
20111023,1.17,29.76,21.49,West Bengal
20111024,0.0,29.49,21.34,West Bengal
20111025,0.0,30.11,21.06,West Bengal
20111026,0.0,30.0,20.58,West Bengal
20111027,0.0,29.99,18.63,West Bengal
20111028,0.0,29.49,18.84,West Bengal
20111029,0.0,28.52,18.37,West Bengal
20111030,0.0,27.97,16.45,West Bengal
20111031,0.0,28.33,18.59,West Bengal
20111101,0.0,28.07,18.34,West Bengal
20111102,0.0,28.5,17.48,West Bengal
20111103,0.0,28.34,17.94,West Bengal
20111104,0.0,28.04,19.55,West Bengal
20111105,0.0,28.0,18.01,West Bengal
20111106,0.0,28.09,18.05,West Bengal
20111107,0.0,27.59,18.1,West Bengal
20111108,0.0,27.78,16.83,West Bengal
20111109,0.0,27.95,15.97,West Bengal
20111110,0.0,28.33,16.2,West Bengal
20111111,0.0,28.26,17.55,West Bengal
20111112,0.0,28.22,17.8,West Bengal
20111113,0.0,28.43,19.39,West Bengal
20111114,0.81,28.43,19.57,West Bengal
20111115,0.39,28.06,18.8,West Bengal
20111116,0.47,27.51,18.79,West Bengal
20111117,0.0,27.61,16.31,West Bengal
20111118,0.0,27.43,17.14,West Bengal
20111119,0.0,26.98,16.0,West Bengal
20111120,0.0,27.08,16.3,West Bengal
20111121,0.0,27.29,16.64,West Bengal
20111122,0.0,27.5,16.8,West Bengal
20111123,0.0,27.75,15.77,West Bengal
20111124,0.0,28.26,15.72,West Bengal
20111125,0.0,27.32,15.61,West Bengal
20111126,0.0,26.92,14.79,West Bengal
20111127,0.0,26.17,14.26,West Bengal
20111128,0.0,25.49,13.26,West Bengal
20111129,0.0,25.53,13.92,West Bengal
20111130,0.0,25.62,14.6,West Bengal
20111201,0.0,25.7,14.23,West Bengal
20111202,0.0,27.01,14.02,West Bengal
20111203,0.0,26.43,15.66,West Bengal
20111204,0.0,27.5,15.78,West Bengal
20111205,0.0,26.89,15.8,West Bengal
20111206,0.0,26.47,14.79,West Bengal
20111207,0.0,25.76,13.52,West Bengal
20111208,0.0,26.05,13.15,West Bengal
20111209,0.0,25.82,13.18,West Bengal
20111210,0.0,25.9,12.92,West Bengal
20111211,0.0,25.85,14.86,West Bengal
20111212,0.0,25.14,14.69,West Bengal
20111213,0.0,24.17,14.36,West Bengal
20111214,0.0,22.48,10.58,West Bengal
20111215,0.0,22.43,9.45,West Bengal
20111216,0.0,22.52,9.13,West Bengal
20111217,0.0,21.77,8.08,West Bengal
20111218,0.0,21.4,7.2,West Bengal
20111219,0.0,21.37,7.26,West Bengal
20111220,0.0,22.1,7.72,West Bengal
20111221,0.0,21.97,9.11,West Bengal
20111222,0.0,21.65,7.43,West Bengal
20111223,0.0,21.61,7.06,West Bengal
20111224,0.0,21.35,8.34,West Bengal
20111225,0.0,23.49,8.09,West Bengal
20111226,0.0,24.05,8.87,West Bengal
20111227,0.0,24.53,9.48,West Bengal
20111228,0.0,25.5,11.28,West Bengal
20111229,7.6,26.7,13.28,West Bengal
20111230,1.11,26.91,14.12,West Bengal
20111231,0.0,26.05,13.02,West Bengal
20120101,0.78,26.66,15.64,West Bengal
20120102,1.42,26.03,15.51,West Bengal
20120103,0.73,24.99,15.61,West Bengal
20120104,0.02,24.0,14.15,West Bengal
20120105,0.63,25.8,14.97,West Bengal
20120106,4.68,25.22,14.88,West Bengal
20120107,13.02,25.17,15.13,West Bengal
20120108,13.98,25.68,14.81,West Bengal
20120109,5.05,25.61,14.85,West Bengal
20120110,2.92,23.84,14.05,West Bengal
20120111,0.01,23.74,12.77,West Bengal
20120112,0.0,21.61,8.34,West Bengal
20120113,0.0,20.15,6.9,West Bengal
20120114,0.0,20.71,5.82,West Bengal
20120115,0.0,21.53,6.39,West Bengal
20120116,0.0,23.45,8.87,West Bengal
20120117,0.0,25.98,12.63,West Bengal
20120118,0.0,26.92,11.9,West Bengal
20120119,0.58,26.19,12.61,West Bengal
20120120,0.85,25.97,15.71,West Bengal
20120121,0.0,24.13,12.48,West Bengal
20120122,0.0,22.28,7.59,West Bengal
20120123,0.0,22.77,7.26,West Bengal
20120124,0.0,23.02,8.34,West Bengal
20120125,0.0,24.18,9.95,West Bengal
20120126,0.0,25.43,11.2,West Bengal
20120127,0.0,24.87,13.11,West Bengal
20120128,0.0,25.25,10.66,West Bengal
20120129,0.0,24.88,11.82,West Bengal
20120130,0.0,26.18,11.59,West Bengal
20120131,0.0,25.85,10.08,West Bengal
20120201,0.0,25.55,10.16,West Bengal
20120202,0.0,24.4,8.19,West Bengal
20120203,0.0,25.41,7.93,West Bengal
20120204,0.0,26.77,8.98,West Bengal
20120205,0.0,28.45,10.85,West Bengal
20120206,0.0,29.71,11.95,West Bengal
20120207,0.0,29.21,13.18,West Bengal
20120208,0.0,28.48,14.99,West Bengal
20120209,0.0,28.03,15.39,West Bengal
20120210,0.0,25.97,9.5,West Bengal
20120211,0.0,26.03,8.85,West Bengal
20120212,0.0,25.85,8.74,West Bengal
20120213,0.0,28.4,11.64,West Bengal
20120214,0.0,29.52,15.75,West Bengal
20120215,7.13,30.82,18.46,West Bengal
20120216,1.84,29.58,18.37,West Bengal
20120217,0.22,29.3,18.29,West Bengal
20120218,0.0,30.27,15.2,West Bengal
20120219,0.0,29.86,13.04,West Bengal
20120220,0.0,29.21,11.56,West Bengal
20120221,0.0,30.49,13.12,West Bengal
20120222,0.0,31.79,14.18,West Bengal
20120223,0.0,33.8,15.01,West Bengal
20120224,0.0,34.11,14.78,West Bengal
20120225,0.0,34.87,14.81,West Bengal
20120226,0.0,34.59,15.55,West Bengal
20120227,0.0,32.35,13.01,West Bengal
20120228,0.0,32.71,13.15,West Bengal
20120229,0.43,33.99,17.65,West Bengal
20120301,0.0,33.01,14.74,West Bengal
20120302,0.0,32.52,16.28,West Bengal
20120303,0.0,32.94,17.77,West Bengal
20120304,0.0,32.91,14.81,West Bengal
20120305,0.0,34.25,16.8,West Bengal
20120306,0.0,35.94,17.87,West Bengal
20120307,0.0,36.44,19.09,West Bengal
20120308,0.0,34.83,17.98,West Bengal
20120309,0.13,34.92,19.93,West Bengal
20120310,0.28,34.88,18.96,West Bengal
20120311,0.0,34.98,17.55,West Bengal
20120312,0.0,35.74,16.67,West Bengal
20120313,0.54,35.64,18.74,West Bengal
20120314,2.24,33.07,17.47,West Bengal
20120315,0.0,32.41,14.97,West Bengal
20120316,0.0,33.8,15.62,West Bengal
20120317,0.0,34.56,18.1,West Bengal
20120318,0.01,35.76,19.56,West Bengal
20120319,0.45,35.74,19.79,West Bengal
20120320,0.0,36.95,21.63,West Bengal
20120321,0.0,38.12,20.66,West Bengal
20120322,0.0,38.36,21.33,West Bengal
20120323,0.0,36.98,16.11,West Bengal
20120324,0.0,36.87,16.36,West Bengal
20120325,0.0,37.8,17.34,West Bengal
20120326,0.0,37.83,19.06,West Bengal
20120327,0.0,38.12,19.92,West Bengal
20120328,0.0,39.61,20.4,West Bengal
20120329,0.0,40.06,21.38,West Bengal
20120330,0.0,40.08,22.2,West Bengal
20120331,4.73,37.6,23.53,West Bengal
20120401,0.54,37.14,24.12,West Bengal
20120402,0.0,38.6,22.96,West Bengal
20120403,0.0,39.61,25.15,West Bengal
20120404,3.74,39.73,23.98,West Bengal
20120405,1.52,38.08,23.64,West Bengal
20120406,30.44,34.17,23.48,West Bengal
20120407,3.29,36.28,23.02,West Bengal
20120408,3.14,36.41,23.42,West Bengal
20120409,7.98,36.64,24.43,West Bengal
20120410,7.17,35.78,24.09,West Bengal
20120411,2.17,35.45,24.54,West Bengal
20120412,4.61,37.84,24.64,West Bengal
20120413,2.31,38.81,24.62,West Bengal
20120414,0.08,39.48,25.41,West Bengal
20120415,0.0,39.64,24.54,West Bengal
20120416,0.0,39.2,24.98,West Bengal
20120417,0.0,39.61,25.46,West Bengal
20120418,0.04,40.24,25.16,West Bengal
20120419,0.01,41.43,25.24,West Bengal
20120420,0.0,40.32,26.72,West Bengal
20120421,0.0,40.35,25.18,West Bengal
20120422,0.0,41.65,24.82,West Bengal
20120423,1.93,39.41,26.16,West Bengal
20120424,3.32,41.94,26.61,West Bengal
20120425,3.79,40.52,25.66,West Bengal
20120426,1.33,39.83,25.77,West Bengal
20120427,3.45,41.48,27.83,West Bengal
20120428,5.77,40.44,26.36,West Bengal
20120429,0.0,41.83,26.56,West Bengal
20120430,0.69,41.61,27.43,West Bengal
20120501,0.97,41.55,26.68,West Bengal
20120502,9.02,38.95,26.99,West Bengal
20120503,9.34,37.97,26.09,West Bengal
20120504,6.5,36.1,24.78,West Bengal
20120505,0.07,32.26,25.14,West Bengal
20120506,0.0,39.33,23.59,West Bengal
20120507,0.0,40.81,23.84,West Bengal
20120508,0.0,40.75,25.32,West Bengal
20120509,1.83,36.11,26.29,West Bengal
20120510,1.35,33.56,26.83,West Bengal
20120511,0.03,39.65,25.39,West Bengal
20120512,0.04,39.7,26.97,West Bengal
20120513,0.0,39.17,27.72,West Bengal
20120514,0.0,42.56,28.68,West Bengal
20120515,2.79,41.22,28.99,West Bengal
20120516,2.16,42.27,27.88,West Bengal
20120517,0.47,43.54,27.52,West Bengal
20120518,4.58,40.57,28.72,West Bengal
20120519,2.25,38.43,28.41,West Bengal
20120520,1.05,40.99,27.83,West Bengal
20120521,1.47,41.37,28.38,West Bengal
20120522,0.0,42.55,27.91,West Bengal
20120523,0.0,41.42,28.22,West Bengal
20120524,0.0,43.06,28.51,West Bengal
20120525,0.0,43.3,28.26,West Bengal
20120526,0.03,40.53,28.54,West Bengal
20120527,15.16,35.68,28.31,West Bengal
20120528,7.52,34.69,27.79,West Bengal
20120529,0.07,36.69,27.48,West Bengal
20120530,0.0,39.85,27.32,West Bengal
20120531,0.01,37.95,28.29,West Bengal
20120601,0.56,38.68,28.15,West Bengal
20120602,0.31,41.44,28.02,West Bengal
20120603,0.11,42.37,29.51,West Bengal
20120604,1.54,45.98,29.72,West Bengal
20120605,1.34,40.57,30.4,West Bengal
20120606,2.62,40.22,29.11,West Bengal
20120607,10.4,36.46,28.9,West Bengal
20120608,3.91,36.17,28.91,West Bengal
20120609,3.26,37.37,28.89,West Bengal
20120610,1.47,41.52,27.83,West Bengal
20120611,2.15,41.36,29.06,West Bengal
20120612,2.67,39.78,28.85,West Bengal
20120613,1.74,37.24,29.08,West Bengal
20120614,0.33,37.24,29.08,West Bengal
20120615,0.19,37.69,29.44,West Bengal
20120616,3.04,36.93,29.35,West Bengal
20120617,3.49,35.1,27.88,West Bengal
20120618,1.88,38.01,27.83,West Bengal
20120619,2.81,37.11,27.77,West Bengal
20120620,7.94,36.97,28.61,West Bengal
20120621,15.62,34.44,27.63,West Bengal
20120622,9.44,34.49,27.11,West Bengal
20120623,11.56,33.55,27.24,West Bengal
20120624,7.43,34.51,26.88,West Bengal
20120625,4.35,34.41,26.98,West Bengal
20120626,0.34,36.17,27.28,West Bengal
20120627,0.0,37.29,27.53,West Bengal
20120628,0.46,36.22,28.11,West Bengal
20120629,0.19,36.97,27.41,West Bengal
20120630,1.61,34.72,28.08,West Bengal
20120701,1.74,35.7,27.42,West Bengal
20120702,2.33,36.66,26.41,West Bengal
20120703,5.4,36.26,26.39,West Bengal
20120704,7.04,35.06,26.69,West Bengal
20120705,15.81,32.9,27.36,West Bengal
20120706,7.67,34.82,27.3,West Bengal
20120707,9.21,34.29,26.65,West Bengal
20120708,3.78,35.09,26.26,West Bengal
20120709,5.11,34.73,26.82,West Bengal
20120710,8.57,32.55,26.58,West Bengal
20120711,15.85,33.97,26.2,West Bengal
20120712,7.31,32.82,27.29,West Bengal
20120713,12.26,30.93,26.89,West Bengal
20120714,11.4,32.21,26.72,West Bengal
20120715,14.67,31.41,26.85,West Bengal
20120716,11.03,32.66,26.37,West Bengal
20120717,13.09,33.08,26.25,West Bengal
20120718,19.02,33.14,26.41,West Bengal
20120719,14.61,31.89,26.76,West Bengal
20120720,7.54,33.45,26.36,West Bengal
20120721,6.78,33.2,26.62,West Bengal
20120722,4.86,33.34,26.26,West Bengal
20120723,2.97,31.69,26.16,West Bengal
20120724,5.37,31.73,26.05,West Bengal
20120725,6.89,32.62,26.11,West Bengal
20120726,3.84,32.69,26.0,West Bengal
20120727,10.28,32.04,26.42,West Bengal
20120728,15.91,31.8,26.45,West Bengal
20120729,13.34,31.63,25.78,West Bengal
20120730,11.26,30.35,25.38,West Bengal
20120731,5.48,31.18,25.01,West Bengal
20120801,0.44,33.53,25.21,West Bengal
20120802,2.23,30.59,26.84,West Bengal
20120803,9.66,32.63,26.34,West Bengal
20120804,9.33,32.69,26.25,West Bengal
20120805,14.74,32.4,26.15,West Bengal
20120806,10.17,32.22,26.61,West Bengal
20120807,3.07,31.42,25.9,West Bengal
20120808,3.92,30.74,26.2,West Bengal
20120809,18.96,31.28,26.27,West Bengal
20120810,16.78,32.5,25.41,West Bengal
20120811,13.05,31.24,25.57,West Bengal
20120812,5.42,31.51,25.63,West Bengal
20120813,14.38,30.89,25.71,West Bengal
20120814,6.45,31.86,25.68,West Bengal
20120815,1.02,30.96,25.45,West Bengal
20120816,5.86,33.26,26.26,West Bengal
20120817,4.74,33.13,26.36,West Bengal
20120818,1.97,32.75,25.6,West Bengal
20120819,13.22,31.53,25.68,West Bengal
20120820,16.88,31.44,26.01,West Bengal
20120821,15.81,31.19,26.15,West Bengal
20120822,6.56,31.85,26.06,West Bengal
20120823,3.65,31.36,25.97,West Bengal
20120824,10.06,30.64,25.83,West Bengal
20120825,6.35,30.89,25.69,West Bengal
20120826,6.21,31.74,25.36,West Bengal
20120827,2.14,30.97,25.91,West Bengal
20120828,0.19,31.41,25.08,West Bengal
20120829,0.12,31.89,25.11,West Bengal
20120830,0.7,32.39,25.28,West Bengal
20120831,0.47,31.57,25.58,West Bengal
20120901,0.21,32.36,25.32,West Bengal
20120902,1.02,30.68,26.09,West Bengal
20120903,21.69,30.66,25.83,West Bengal
20120904,32.44,29.08,26.03,West Bengal
20120905,18.83,29.53,25.67,West Bengal
20120906,31.11,28.04,25.21,West Bengal
20120907,0.18,32.43,24.37,West Bengal
20120908,10.0,31.83,25.55,West Bengal
20120909,14.18,29.47,25.74,West Bengal
20120910,5.04,31.04,25.67,West Bengal
20120911,1.42,31.0,25.72,West Bengal
20120912,0.87,31.34,25.4,West Bengal
20120913,16.42,29.04,25.95,West Bengal
20120914,16.18,30.67,25.64,West Bengal
20120915,14.69,29.0,25.36,West Bengal
20120916,13.7,29.43,25.11,West Bengal
20120917,4.59,30.41,25.35,West Bengal
20120918,5.93,30.13,25.46,West Bengal
20120919,1.21,32.08,25.07,West Bengal
20120920,0.13,32.59,25.26,West Bengal
20120921,0.12,31.25,26.31,West Bengal
20120922,3.2,31.68,25.59,West Bengal
20120923,3.01,28.63,25.14,West Bengal
20120924,0.34,30.33,23.99,West Bengal
20120925,0.0,31.21,21.58,West Bengal
20120926,0.26,30.66,22.16,West Bengal
20120927,0.18,31.93,23.36,West Bengal
20120928,1.13,29.85,24.25,West Bengal
20120929,0.57,31.01,23.93,West Bengal
20120930,0.19,31.04,24.65,West Bengal
20121001,0.0,30.17,25.19,West Bengal
20121002,0.52,29.94,25.14,West Bengal
20121003,1.56,30.15,25.31,West Bengal
20121004,13.81,29.93,25.48,West Bengal
20121005,1.36,30.13,23.91,West Bengal
20121006,0.0,31.04,20.23,West Bengal
20121007,0.0,29.63,22.34,West Bengal
20121008,1.65,30.78,22.99,West Bengal
20121009,2.15,31.38,23.89,West Bengal
20121010,17.24,28.95,22.54,West Bengal
20121011,8.97,29.54,22.0,West Bengal
20121012,1.31,27.01,22.72,West Bengal
20121013,4.11,28.33,21.83,West Bengal
20121014,2.79,28.31,21.19,West Bengal
20121015,0.07,29.5,18.44,West Bengal
20121016,0.0,29.16,17.79,West Bengal
20121017,0.0,29.41,17.74,West Bengal
20121018,0.0,29.81,18.71,West Bengal
20121019,0.0,29.61,18.15,West Bengal
20121020,0.0,28.87,17.64,West Bengal
20121021,0.0,28.51,16.1,West Bengal
20121022,0.0,28.14,16.1,West Bengal
20121023,0.0,27.66,16.74,West Bengal
20121024,0.0,28.0,15.36,West Bengal
20121025,0.0,28.47,15.72,West Bengal
20121026,0.0,28.73,17.89,West Bengal
20121027,0.0,27.63,16.02,West Bengal
20121028,0.0,27.21,14.71,West Bengal
20121029,0.0,27.63,13.78,West Bengal
20121030,0.0,28.33,13.54,West Bengal
20121031,0.0,28.53,13.95,West Bengal
20121101,0.0,28.27,14.57,West Bengal
20121102,0.0,28.25,15.43,West Bengal
20121103,17.02,25.47,18.69,West Bengal
20121104,7.35,28.27,19.24,West Bengal
20121105,22.49,28.94,21.59,West Bengal
20121106,13.78,29.38,21.86,West Bengal
20121107,0.87,27.05,17.79,West Bengal
20121108,0.22,25.33,16.79,West Bengal
20121109,0.0,26.95,14.88,West Bengal
20121110,0.0,23.7,13.25,West Bengal
20121111,0.0,25.07,12.33,West Bengal
20121112,0.0,25.26,12.51,West Bengal
20121113,0.0,26.63,13.91,West Bengal
20121114,0.0,26.32,13.34,West Bengal
20121115,0.0,25.74,12.55,West Bengal
20121116,0.0,25.56,10.74,West Bengal
20121117,0.0,26.87,11.99,West Bengal
20121118,0.0,27.67,13.82,West Bengal
20121119,0.02,27.31,15.22,West Bengal
20121120,0.11,26.77,15.79,West Bengal
20121121,0.0,26.68,14.61,West Bengal
20121122,0.0,26.17,13.8,West Bengal
20121123,0.0,25.36,12.13,West Bengal
20121124,0.0,25.68,11.99,West Bengal
20121125,0.0,25.17,11.11,West Bengal
20121126,0.0,25.91,10.95,West Bengal
20121127,0.0,24.93,10.55,West Bengal
20121128,0.0,24.08,9.46,West Bengal
20121129,0.0,23.97,8.44,West Bengal
20121130,0.0,24.93,9.16,West Bengal
20121201,0.0,25.78,10.26,West Bengal
20121202,0.0,24.57,9.86,West Bengal
20121203,0.0,23.53,8.14,West Bengal
20121204,0.0,24.6,8.15,West Bengal
20121205,0.0,22.85,9.2,West Bengal
20121206,0.0,23.88,8.53,West Bengal
20121207,0.0,23.82,8.09,West Bengal
20121208,0.0,24.06,8.32,West Bengal
20121209,0.0,25.28,8.8,West Bengal
20121210,0.0,26.75,9.84,West Bengal
20121211,3.5,26.89,15.44,West Bengal
20121212,12.9,23.55,16.72,West Bengal
20121213,0.0,25.45,13.15,West Bengal
20121214,0.0,25.73,12.77,West Bengal
20121215,0.0,24.86,12.39,West Bengal
20121216,0.0,24.97,11.8,West Bengal
20121217,0.0,25.67,10.95,West Bengal
20121218,0.0,23.99,11.42,West Bengal
20121219,0.0,24.02,8.52,West Bengal
20121220,0.0,23.94,8.86,West Bengal
20121221,0.0,22.58,7.2,West Bengal
20121222,0.0,21.32,5.44,West Bengal
20121223,0.0,21.02,5.05,West Bengal
20121224,0.0,21.74,5.59,West Bengal
20121225,0.0,22.32,5.71,West Bengal
20121226,0.0,20.37,5.3,West Bengal
20121227,0.0,20.76,4.4,West Bengal
20121228,0.0,21.23,4.9,West Bengal
20121229,0.0,21.85,5.46,West Bengal
20121230,0.0,21.96,3.95,West Bengal
20121231,0.0,23.33,6.21,West Bengal
20130101,0.0,23.94,8.0,West Bengal
20130102,0.0,25.34,10.62,West Bengal
20130103,3.28,21.77,14.79,West Bengal
20130104,0.0,24.18,10.07,West Bengal
20130105,0.0,23.08,7.44,West Bengal
20130106,0.0,20.35,7.34,West Bengal
20130107,0.0,21.2,9.03,West Bengal
20130108,0.0,20.26,5.92,West Bengal
20130109,0.0,19.61,2.78,West Bengal
20130110,0.0,21.52,4.23,West Bengal
20130111,0.0,21.71,6.07,West Bengal
20130112,0.0,20.88,5.51,West Bengal
20130113,0.0,22.22,6.19,West Bengal
20130114,0.0,25.31,8.87,West Bengal
20130115,0.0,24.89,9.19,West Bengal
20130116,0.0,25.1,8.97,West Bengal
20130117,0.0,27.32,11.36,West Bengal
20130118,0.0,28.15,12.39,West Bengal
20130119,0.0,28.51,13.4,West Bengal
20130120,0.0,26.48,13.68,West Bengal
20130121,0.0,24.91,10.49,West Bengal
20130122,0.0,25.32,8.27,West Bengal
20130123,0.0,25.48,5.91,West Bengal
20130124,0.0,25.88,4.94,West Bengal
20130125,0.0,24.26,5.66,West Bengal
20130126,0.0,24.18,5.87,West Bengal
20130127,0.0,24.35,5.82,West Bengal
20130128,0.0,23.67,9.16,West Bengal
20130129,0.0,25.7,6.39,West Bengal
20130130,0.0,25.33,7.1,West Bengal
20130131,0.0,26.93,8.91,West Bengal
20130201,0.0,21.14,11.13,West Bengal
20130202,0.0,24.62,8.91,West Bengal
20130203,0.0,27.63,11.41,West Bengal
20130204,0.0,29.25,10.74,West Bengal
20130205,0.0,30.69,11.66,West Bengal
20130206,0.0,32.18,13.34,West Bengal
20130207,0.0,32.19,15.95,West Bengal
20130208,0.26,29.88,17.95,West Bengal
20130209,0.14,28.21,12.52,West Bengal
20130210,0.0,28.99,8.96,West Bengal
20130211,0.0,29.95,9.39,West Bengal
20130212,0.0,28.95,11.26,West Bengal
20130213,0.0,31.68,14.32,West Bengal
20130214,0.0,32.16,13.47,West Bengal
20130215,0.0,32.55,13.85,West Bengal
20130216,0.12,32.6,15.02,West Bengal
20130217,5.8,26.95,17.61,West Bengal
20130218,4.71,27.6,15.51,West Bengal
20130219,0.0,27.68,12.07,West Bengal
20130220,0.0,29.11,12.48,West Bengal
20130221,0.0,29.68,13.0,West Bengal
20130222,0.0,31.93,12.87,West Bengal
20130223,0.0,34.15,13.15,West Bengal
20130224,0.0,34.42,13.95,West Bengal
20130225,0.0,33.27,16.89,West Bengal
20130226,0.0,32.75,16.81,West Bengal
20130227,0.0,33.44,15.05,West Bengal
20130228,0.0,35.36,14.76,West Bengal
20130301,0.0,33.09,14.64,West Bengal
20130302,0.0,32.84,12.72,West Bengal
20130303,0.0,33.41,13.41,West Bengal
20130304,0.0,33.8,13.73,West Bengal
20130305,0.0,34.32,14.45,West Bengal
20130306,0.0,34.61,14.91,West Bengal
20130307,0.0,34.43,14.11,West Bengal
20130308,0.0,34.93,14.9,West Bengal
20130309,0.0,34.49,15.94,West Bengal
20130310,0.0,35.82,16.27,West Bengal
20130311,0.0,36.17,19.02,West Bengal
20130312,0.0,37.14,20.49,West Bengal
20130313,0.0,37.11,18.62,West Bengal
20130314,0.0,35.97,19.86,West Bengal
20130315,1.69,35.2,21.07,West Bengal
20130316,0.05,37.48,20.51,West Bengal
20130317,4.68,36.72,21.53,West Bengal
20130318,0.1,34.92,19.66,West Bengal
20130319,0.0,36.11,17.24,West Bengal
20130320,0.0,36.95,20.01,West Bengal
20130321,0.0,38.24,19.99,West Bengal
20130322,0.0,38.58,21.5,West Bengal
20130323,0.0,38.42,21.77,West Bengal
20130324,1.56,38.83,22.92,West Bengal
20130325,0.0,39.16,21.23,West Bengal
20130326,0.0,39.37,21.08,West Bengal
20130327,0.0,39.64,22.65,West Bengal
20130328,0.0,40.8,22.18,West Bengal
20130329,0.15,39.35,22.15,West Bengal
20130330,2.0,39.81,22.97,West Bengal
20130331,0.01,39.87,24.79,West Bengal
20130401,0.0,40.22,24.47,West Bengal
20130402,0.12,40.75,24.92,West Bengal
20130403,0.01,42.11,24.78,West Bengal
20130404,0.0,41.38,25.66,West Bengal
20130405,0.11,40.82,23.24,West Bengal
20130406,0.0,40.61,20.71,West Bengal
20130407,0.0,40.85,21.34,West Bengal
20130408,0.0,41.74,21.56,West Bengal
20130409,0.0,42.48,23.28,West Bengal
20130410,0.0,43.33,23.7,West Bengal
20130411,0.0,43.14,25.36,West Bengal
20130412,6.64,40.92,25.87,West Bengal
20130413,0.06,42.86,25.69,West Bengal
20130414,0.06,42.31,25.86,West Bengal
20130415,0.96,40.33,25.28,West Bengal
20130416,1.86,41.33,24.69,West Bengal
20130417,3.34,40.63,25.36,West Bengal
20130418,8.01,37.55,25.75,West Bengal
20130419,7.11,38.46,25.28,West Bengal
20130420,2.66,33.48,25.14,West Bengal
20130421,5.09,33.19,24.53,West Bengal
20130422,2.31,33.94,22.64,West Bengal
20130423,2.16,36.07,23.02,West Bengal
20130424,7.3,35.35,24.69,West Bengal
20130425,0.69,38.48,24.58,West Bengal
20130426,0.03,40.01,25.04,West Bengal
20130427,1.0,42.1,26.47,West Bengal
20130428,0.05,43.18,27.43,West Bengal
20130429,0.0,43.0,26.55,West Bengal
20130430,0.0,44.03,27.19,West Bengal
20130501,0.15,44.49,27.81,West Bengal
20130502,0.01,44.69,27.45,West Bengal
20130503,0.37,43.35,28.41,West Bengal
20130504,1.3,41.42,27.47,West Bengal
20130505,6.19,38.13,27.16,West Bengal
20130506,2.39,38.83,27.64,West Bengal
20130507,0.36,39.91,27.3,West Bengal
20130508,2.39,41.94,28.35,West Bengal
20130509,3.62,43.21,28.1,West Bengal
20130510,4.41,41.03,27.94,West Bengal
20130511,3.03,42.5,28.42,West Bengal
20130512,16.12,37.23,27.19,West Bengal
20130513,15.55,34.45,26.65,West Bengal
20130514,2.78,37.55,25.42,West Bengal
20130515,2.77,37.55,26.57,West Bengal
20130516,2.09,39.8,24.95,West Bengal
20130517,5.04,39.44,27.06,West Bengal
20130518,5.89,38.32,27.27,West Bengal
20130519,12.22,37.79,27.71,West Bengal
20130520,14.23,35.88,27.39,West Bengal
20130521,1.84,38.27,27.41,West Bengal
20130522,0.37,38.67,27.84,West Bengal
20130523,0.7,36.59,28.27,West Bengal
20130524,6.65,36.08,27.87,West Bengal
20130525,6.52,36.68,27.58,West Bengal
20130526,0.76,33.75,27.97,West Bengal
20130527,0.15,34.86,27.15,West Bengal
20130528,5.97,33.2,26.92,West Bengal
20130529,35.05,30.69,26.27,West Bengal
20130530,34.81,30.27,25.72,West Bengal
20130531,12.86,32.35,26.2,West Bengal
20130601,2.48,32.85,26.11,West Bengal
20130602,0.08,32.16,26.16,West Bengal
20130603,0.0,33.78,26.2,West Bengal
20130604,0.0,35.59,25.9,West Bengal
20130605,0.0,35.09,26.58,West Bengal
20130606,0.55,33.91,27.33,West Bengal
20130607,13.3,32.62,26.62,West Bengal
20130608,3.12,32.08,26.09,West Bengal
20130609,3.55,33.68,26.48,West Bengal
20130610,12.13,31.3,26.85,West Bengal
20130611,8.59,32.1,26.81,West Bengal
20130612,3.97,32.31,26.23,West Bengal
20130613,8.99,32.24,25.5,West Bengal
20130614,10.53,30.45,26.06,West Bengal
20130615,8.74,30.61,26.31,West Bengal
20130616,3.75,33.26,26.09,West Bengal
20130617,1.98,34.25,26.37,West Bengal
20130618,6.94,32.92,26.86,West Bengal
20130619,16.73,32.32,27.22,West Bengal
20130620,11.01,30.24,27.08,West Bengal
20130621,3.22,31.72,26.46,West Bengal
20130622,10.38,33.76,26.62,West Bengal
20130623,9.19,33.41,27.12,West Bengal
20130624,8.59,31.53,26.57,West Bengal
20130625,16.5,31.69,27.13,West Bengal
20130626,8.37,33.7,26.81,West Bengal
20130627,3.86,33.18,26.77,West Bengal
20130628,4.93,31.64,27.04,West Bengal
20130629,61.78,32.06,26.62,West Bengal
20130630,35.51,32.72,26.16,West Bengal
20130701,0.71,33.57,26.06,West Bengal
20130702,1.94,32.02,26.38,West Bengal
20130703,10.96,30.8,26.18,West Bengal
20130704,1.27,32.06,26.19,West Bengal
20130705,1.17,33.17,26.39,West Bengal
20130706,1.47,32.7,26.46,West Bengal
20130707,0.34,33.02,25.64,West Bengal
20130708,0.09,32.71,26.11,West Bengal
20130709,0.74,33.24,25.94,West Bengal
20130710,11.4,32.61,26.67,West Bengal
20130711,12.31,30.4,26.37,West Bengal
20130712,16.21,31.87,26.16,West Bengal
20130713,1.28,31.67,25.73,West Bengal
20130714,0.57,34.32,25.56,West Bengal
20130715,3.46,33.64,26.24,West Bengal
20130716,3.19,31.7,26.34,West Bengal
20130717,2.02,33.45,26.21,West Bengal
20130718,8.41,32.61,26.41,West Bengal
20130719,12.27,32.75,26.86,West Bengal
20130720,5.97,32.63,26.68,West Bengal
20130721,5.46,32.46,26.93,West Bengal
20130722,3.38,32.84,26.66,West Bengal
20130723,7.35,31.82,26.9,West Bengal
20130724,9.13,31.17,26.65,West Bengal
20130725,10.16,31.67,26.11,West Bengal
20130726,33.36,32.21,26.28,West Bengal
20130727,21.43,30.4,26.08,West Bengal
20130728,37.14,29.78,26.01,West Bengal
20130729,18.45,30.95,25.62,West Bengal
20130730,5.46,32.53,25.55,West Bengal
20130731,5.97,30.95,25.65,West Bengal
20130801,6.89,31.19,25.66,West Bengal
20130802,0.38,32.69,25.32,West Bengal
20130803,1.87,32.15,25.6,West Bengal
20130804,1.94,31.1,26.09,West Bengal
20130805,4.12,31.84,25.22,West Bengal
20130806,16.23,30.12,25.68,West Bengal
20130807,22.59,30.12,25.98,West Bengal
20130808,31.72,30.23,25.95,West Bengal
20130809,7.82,31.39,26.06,West Bengal
20130810,5.04,30.78,25.92,West Bengal
20130811,8.56,30.81,25.6,West Bengal
20130812,6.05,31.06,24.88,West Bengal
20130813,0.82,30.5,25.63,West Bengal
20130814,2.1,31.38,25.75,West Bengal
20130815,11.93,31.07,25.91,West Bengal
20130816,6.92,29.86,25.51,West Bengal
20130817,3.35,30.93,25.51,West Bengal
20130818,19.1,30.13,25.8,West Bengal
20130819,27.55,29.21,25.56,West Bengal
20130820,27.91,28.96,25.73,West Bengal
20130821,25.48,30.94,26.01,West Bengal
20130822,4.04,31.5,25.8,West Bengal
20130823,0.48,32.61,25.27,West Bengal
20130824,0.37,32.39,25.23,West Bengal
20130825,3.2,32.2,26.26,West Bengal
20130826,22.33,30.75,26.2,West Bengal
20130827,44.21,29.08,26.1,West Bengal
20130828,21.07,27.58,25.71,West Bengal
20130829,4.56,29.56,25.17,West Bengal
20130830,2.5,31.7,25.35,West Bengal
20130831,0.88,32.06,25.74,West Bengal
20130901,12.51,30.29,26.29,West Bengal
20130902,7.93,30.12,26.65,West Bengal
20130903,3.58,29.26,26.4,West Bengal
20130904,1.74,30.11,25.71,West Bengal
20130905,0.67,31.72,25.31,West Bengal
20130906,8.4,32.27,25.19,West Bengal
20130907,4.53,30.65,25.33,West Bengal
20130908,22.7,29.57,24.89,West Bengal
20130909,7.59,28.98,25.14,West Bengal
20130910,3.26,30.29,24.52,West Bengal
20130911,3.29,30.47,24.78,West Bengal
20130912,0.19,31.76,24.5,West Bengal
20130913,1.87,32.43,25.8,West Bengal
20130914,1.8,31.58,26.21,West Bengal
20130915,0.24,30.01,26.15,West Bengal
20130916,5.71,30.87,25.85,West Bengal
20130917,5.37,29.27,25.41,West Bengal
20130918,11.19,28.7,25.08,West Bengal
20130919,7.18,30.46,25.39,West Bengal
20130920,6.09,31.19,25.4,West Bengal
20130921,4.67,31.33,24.57,West Bengal
20130922,0.4,31.46,24.12,West Bengal
20130923,0.11,31.98,24.64,West Bengal
20130924,1.94,32.91,25.32,West Bengal
20130925,6.46,30.55,25.99,West Bengal
20130926,7.12,30.67,25.55,West Bengal
20130927,11.16,30.9,24.93,West Bengal
20130928,12.95,29.84,24.97,West Bengal
20130929,41.43,28.28,25.15,West Bengal
20130930,37.46,29.08,24.91,West Bengal
20131001,17.46,29.18,25.27,West Bengal
20131002,6.63,28.42,25.05,West Bengal
20131003,5.85,30.8,24.48,West Bengal
20131004,4.76,29.34,24.08,West Bengal
20131005,22.0,28.95,24.95,West Bengal
20131006,12.84,29.81,24.99,West Bengal
20131007,15.76,29.66,24.93,West Bengal
20131008,12.63,29.37,24.61,West Bengal
20131009,10.19,27.39,24.2,West Bengal
20131010,0.65,27.46,23.67,West Bengal
20131011,0.46,30.75,23.82,West Bengal
20131012,9.98,27.58,24.18,West Bengal
20131013,32.48,28.82,25.07,West Bengal
20131014,16.28,30.08,25.47,West Bengal
20131015,8.34,30.44,25.03,West Bengal
20131016,1.81,30.8,23.38,West Bengal
20131017,0.25,30.91,23.28,West Bengal
20131018,0.0,31.29,23.08,West Bengal
20131019,0.6,31.1,24.34,West Bengal
20131020,10.03,30.62,23.39,West Bengal
20131021,14.31,30.02,23.43,West Bengal
20131022,18.38,27.98,22.97,West Bengal
20131023,6.33,28.0,22.33,West Bengal
20131024,13.17,28.33,22.47,West Bengal
20131025,49.59,27.06,22.49,West Bengal
20131026,22.57,26.5,22.49,West Bengal
20131027,2.76,28.41,22.07,West Bengal
20131028,0.0,28.14,21.54,West Bengal
20131029,0.0,29.14,19.57,West Bengal
20131030,0.0,29.23,17.94,West Bengal
20131031,0.0,29.17,17.13,West Bengal
20131101,0.0,28.49,17.09,West Bengal
20131102,0.0,28.8,17.12,West Bengal
20131103,0.0,29.53,17.73,West Bengal
20131104,0.0,28.6,18.97,West Bengal
20131105,0.0,27.48,18.16,West Bengal
20131106,0.0,26.6,15.91,West Bengal
20131107,0.0,27.48,16.87,West Bengal
20131108,0.0,28.25,17.14,West Bengal
20131109,0.0,28.31,17.97,West Bengal
20131110,0.0,26.77,17.39,West Bengal
20131111,0.0,26.64,15.5,West Bengal
20131112,0.0,25.77,12.77,West Bengal
20131113,0.0,25.03,12.83,West Bengal
20131114,0.0,24.88,12.46,West Bengal
20131115,0.0,26.13,13.09,West Bengal
20131116,0.0,26.23,14.64,West Bengal
20131117,0.0,25.25,14.53,West Bengal
20131118,0.0,26.43,13.4,West Bengal
20131119,0.0,25.58,12.24,West Bengal
20131120,0.0,25.75,12.31,West Bengal
20131121,0.0,25.69,12.61,West Bengal
20131122,0.0,25.51,12.9,West Bengal
20131123,0.0,26.09,13.36,West Bengal
20131124,0.0,25.37,14.12,West Bengal
20131125,0.0,25.0,12.82,West Bengal
20131126,0.0,25.42,12.72,West Bengal
20131127,0.0,26.01,13.74,West Bengal
20131128,0.0,26.97,14.56,West Bengal
20131129,0.0,26.82,16.54,West Bengal
20131130,0.0,26.76,16.49,West Bengal
20131201,0.0,26.06,14.99,West Bengal
20131202,0.0,25.29,11.6,West Bengal
20131203,0.0,24.86,10.82,West Bengal
20131204,0.0,25.79,12.99,West Bengal
20131205,0.0,25.11,12.66,West Bengal
20131206,0.0,24.89,10.56,West Bengal
20131207,0.0,25.35,12.19,West Bengal
20131208,0.0,25.07,12.8,West Bengal
20131209,0.0,24.84,12.96,West Bengal
20131210,0.0,25.43,13.81,West Bengal
20131211,0.0,24.8,12.92,West Bengal
20131212,0.0,24.36,11.88,West Bengal
20131213,0.0,23.99,10.13,West Bengal
20131214,0.0,24.16,10.77,West Bengal
20131215,0.0,23.48,11.06,West Bengal
20131216,0.0,23.44,10.84,West Bengal
20131217,0.0,23.35,11.27,West Bengal
20131218,0.0,24.11,13.21,West Bengal
20131219,0.0,24.11,13.09,West Bengal
20131220,0.08,24.3,13.04,West Bengal
20131221,0.01,25.37,15.17,West Bengal
20131222,0.0,25.12,13.56,West Bengal
20131223,0.0,25.33,14.85,West Bengal
20131224,0.0,23.75,13.62,West Bengal
20131225,0.0,21.85,9.73,West Bengal
20131226,0.0,21.59,7.41,West Bengal
20131227,0.0,21.62,7.4,West Bengal
20131228,0.0,23.26,8.59,West Bengal
20131229,0.0,22.98,11.23,West Bengal
20131230,0.0,22.81,10.74,West Bengal
20131231,0.0,22.89,10.08,West Bengal
20140101,0.0,23.47,9.95,West Bengal
20140102,0.0,24.89,11.78,West Bengal
20140103,0.0,21.37,10.46,West Bengal
20140104,0.0,20.87,7.19,West Bengal
20140105,0.0,22.08,6.41,West Bengal
20140106,0.06,22.23,12.25,West Bengal
20140107,0.01,22.86,11.57,West Bengal
20140108,0.0,21.08,6.84,West Bengal
20140109,0.0,20.57,6.14,West Bengal
20140110,0.0,23.37,9.09,West Bengal
20140111,0.0,23.88,10.6,West Bengal
20140112,0.3,23.18,11.46,West Bengal
20140113,0.0,22.93,10.85,West Bengal
20140114,0.0,23.13,9.45,West Bengal
20140115,0.0,22.7,8.96,West Bengal
20140116,0.0,22.5,9.34,West Bengal
20140117,0.0,23.4,9.79,West Bengal
20140118,0.0,25.45,10.03,West Bengal
20140119,0.0,23.57,12.58,West Bengal
20140120,0.0,23.14,10.89,West Bengal
20140121,0.0,22.89,9.5,West Bengal
20140122,0.0,24.93,10.28,West Bengal
20140123,0.0,25.59,11.67,West Bengal
20140124,0.0,24.67,10.62,West Bengal
20140125,0.0,25.71,12.13,West Bengal
20140126,0.0,23.91,11.23,West Bengal
20140127,0.0,22.52,7.84,West Bengal
20140128,0.0,22.79,7.41,West Bengal
20140129,0.0,23.82,8.37,West Bengal
20140130,0.0,25.38,9.22,West Bengal
20140131,0.0,24.5,8.44,West Bengal
20140201,0.0,24.76,7.96,West Bengal
20140202,0.0,24.89,7.2,West Bengal
20140203,0.0,24.63,7.04,West Bengal
20140204,0.0,25.44,8.44,West Bengal
20140205,0.0,27.32,10.67,West Bengal
20140206,0.0,27.55,12.02,West Bengal
20140207,0.0,28.65,12.25,West Bengal
20140208,0.0,30.0,14.54,West Bengal
20140209,0.0,29.74,15.56,West Bengal
20140210,0.0,27.82,13.87,West Bengal
20140211,0.0,27.94,13.27,West Bengal
20140212,0.0,27.78,12.36,West Bengal
20140213,0.0,27.8,11.72,West Bengal
20140214,0.01,28.28,14.58,West Bengal
20140215,13.61,27.54,15.21,West Bengal
20140216,9.24,25.61,16.66,West Bengal
20140217,3.49,24.8,12.35,West Bengal
20140218,0.0,24.84,7.99,West Bengal
20140219,0.0,25.76,9.31,West Bengal
20140220,0.0,27.28,9.74,West Bengal
20140221,0.0,28.2,11.83,West Bengal
20140222,0.0,28.75,15.22,West Bengal
20140223,0.0,27.23,15.11,West Bengal
20140224,0.0,28.17,15.94,West Bengal
20140225,0.0,29.75,15.67,West Bengal
20140226,0.0,29.82,15.06,West Bengal
20140227,0.07,30.1,16.42,West Bengal
20140228,3.84,28.58,18.41,West Bengal
20140301,0.04,29.16,16.41,West Bengal
20140302,0.82,29.49,16.4,West Bengal
20140303,0.0,30.19,15.77,West Bengal
20140304,0.17,29.69,16.3,West Bengal
20140305,1.28,29.8,16.18,West Bengal
20140306,0.0,30.5,14.45,West Bengal
20140307,0.0,30.5,14.84,West Bengal
20140308,0.0,31.13,14.41,West Bengal
20140309,0.0,30.9,15.28,West Bengal
20140310,0.0,32.02,14.66,West Bengal
20140311,0.0,32.64,15.82,West Bengal
20140312,0.0,33.06,18.0,West Bengal
20140313,0.01,32.91,19.86,West Bengal
20140314,0.0,33.51,18.88,West Bengal
20140315,0.0,34.18,17.28,West Bengal
20140316,0.0,34.75,16.37,West Bengal
20140317,0.0,34.39,15.86,West Bengal
20140318,0.0,36.0,18.76,West Bengal
20140319,0.02,37.52,20.4,West Bengal
20140320,0.0,36.06,21.67,West Bengal
20140321,0.0,35.72,18.5,West Bengal
20140322,0.24,36.7,20.06,West Bengal
20140323,12.67,33.58,22.59,West Bengal
20140324,6.31,33.76,21.65,West Bengal
20140325,0.12,36.15,20.51,West Bengal
20140326,0.51,36.66,22.82,West Bengal
20140327,0.02,38.28,22.6,West Bengal
20140328,0.0,39.34,22.4,West Bengal
20140329,0.0,40.23,20.74,West Bengal
20140330,0.0,40.71,20.94,West Bengal
20140331,0.0,39.59,21.89,West Bengal
20140401,0.0,39.39,22.16,West Bengal
20140402,0.0,39.44,22.02,West Bengal
20140403,0.0,40.02,22.9,West Bengal
20140404,0.69,39.18,24.4,West Bengal
20140405,0.22,38.0,21.84,West Bengal
20140406,0.0,39.14,22.73,West Bengal
20140407,0.0,40.49,23.04,West Bengal
20140408,0.0,41.76,24.31,West Bengal
20140409,0.33,40.07,25.41,West Bengal
20140410,0.0,40.01,22.51,West Bengal
20140411,0.0,40.06,21.01,West Bengal
20140412,0.21,39.77,22.21,West Bengal
20140413,0.03,39.76,23.73,West Bengal
20140414,0.0,40.36,23.87,West Bengal
20140415,0.03,40.27,23.84,West Bengal
20140416,0.0,41.69,24.03,West Bengal
20140417,1.45,42.31,26.17,West Bengal
20140418,0.0,42.77,24.86,West Bengal
20140419,0.0,42.36,24.98,West Bengal
20140420,0.0,41.36,26.46,West Bengal
20140421,0.07,41.41,26.6,West Bengal
20140422,0.0,41.54,26.42,West Bengal
20140423,0.0,43.11,26.19,West Bengal
20140424,0.0,43.24,26.64,West Bengal
20140425,0.0,43.88,27.61,West Bengal
20140426,0.0,43.98,26.4,West Bengal
20140427,0.0,44.43,27.11,West Bengal
20140428,0.22,43.45,27.7,West Bengal
20140429,0.16,43.85,27.87,West Bengal
20140430,0.07,43.65,27.17,West Bengal
20140501,0.79,41.56,27.6,West Bengal
20140502,7.22,40.44,27.43,West Bengal
20140503,11.66,35.64,24.88,West Bengal
20140504,10.36,37.98,25.32,West Bengal
20140505,2.66,39.19,25.42,West Bengal
20140506,0.0,40.68,26.34,West Bengal
20140507,0.02,41.78,27.0,West Bengal
20140508,0.01,42.33,27.52,West Bengal
20140509,0.0,43.75,29.36,West Bengal
20140510,1.5,40.68,28.18,West Bengal
20140511,0.24,40.85,27.02,West Bengal
20140512,0.06,43.64,27.64,West Bengal
20140513,0.03,43.96,27.53,West Bengal
20140514,0.02,43.56,28.89,West Bengal
20140515,0.0,43.99,28.39,West Bengal
20140516,0.0,44.01,26.2,West Bengal
20140517,0.0,43.29,28.66,West Bengal
20140518,0.0,44.5,28.67,West Bengal
20140519,0.0,45.69,28.96,West Bengal
20140520,0.0,45.29,27.72,West Bengal
20140521,0.0,43.83,28.47,West Bengal
20140522,0.0,43.09,28.77,West Bengal
20140523,0.0,42.21,28.84,West Bengal
20140524,0.54,38.61,29.29,West Bengal
20140525,9.07,35.27,28.27,West Bengal
20140526,23.44,33.23,26.69,West Bengal
20140527,14.52,34.63,26.81,West Bengal
20140528,8.0,35.41,27.59,West Bengal
20140529,0.09,38.16,26.27,West Bengal
20140530,6.0,38.43,28.42,West Bengal
20140531,14.61,34.11,27.87,West Bengal
20140601,3.91,36.2,26.9,West Bengal
20140602,0.83,34.05,27.84,West Bengal
20140603,0.07,34.82,27.94,West Bengal
20140604,0.01,36.3,27.98,West Bengal
20140605,0.0,37.67,28.53,West Bengal
20140606,0.39,38.14,28.47,West Bengal
20140607,1.81,38.33,28.69,West Bengal
20140608,0.55,35.32,28.89,West Bengal
20140609,0.55,37.29,28.63,West Bengal
20140610,1.47,36.36,28.3,West Bengal
20140611,1.69,38.01,28.46,West Bengal
20140612,6.27,42.48,28.64,West Bengal
20140613,5.48,40.31,29.25,West Bengal
20140614,6.05,36.82,29.28,West Bengal
20140615,8.44,37.87,28.36,West Bengal
20140616,22.68,35.02,28.72,West Bengal
20140617,7.95,35.19,27.77,West Bengal
20140618,9.04,33.14,28.07,West Bengal
20140619,11.03,32.93,27.06,West Bengal
20140620,20.81,33.38,27.06,West Bengal
20140621,35.49,32.94,26.75,West Bengal
20140622,10.36,33.69,27.16,West Bengal
20140623,4.85,35.75,27.44,West Bengal
20140624,0.57,33.55,27.17,West Bengal
20140625,14.06,32.97,26.65,West Bengal
20140626,5.6,32.65,26.59,West Bengal
20140627,3.91,33.69,27.15,West Bengal
20140628,7.85,34.22,26.84,West Bengal
20140629,12.24,34.0,27.1,West Bengal
20140630,31.13,32.08,27.59,West Bengal
20140701,22.86,33.98,26.64,West Bengal
20140702,15.5,33.46,27.09,West Bengal
20140703,22.01,30.75,26.82,West Bengal
20140704,9.15,31.1,26.5,West Bengal
20140705,5.35,33.53,26.35,West Bengal
20140706,3.81,33.48,27.21,West Bengal
20140707,1.33,33.29,27.0,West Bengal
20140708,4.74,32.04,26.9,West Bengal
20140709,3.72,34.63,27.25,West Bengal
20140710,7.34,32.71,26.96,West Bengal
20140711,2.9,32.25,25.79,West Bengal
20140712,5.16,33.32,26.74,West Bengal
20140713,3.23,32.56,27.4,West Bengal
20140714,10.18,32.77,27.4,West Bengal
20140715,4.99,32.78,26.93,West Bengal
20140716,7.43,32.65,26.7,West Bengal
20140717,10.59,31.42,26.86,West Bengal
20140718,10.12,33.13,27.04,West Bengal
20140719,8.06,32.47,27.16,West Bengal
20140720,12.67,32.11,26.69,West Bengal
20140721,12.81,32.53,26.42,West Bengal
20140722,3.23,30.18,26.24,West Bengal
20140723,2.79,31.35,25.86,West Bengal
20140724,12.87,32.09,25.29,West Bengal
20140725,10.36,31.51,25.64,West Bengal
20140726,3.61,32.29,26.04,West Bengal
20140727,2.63,30.21,26.19,West Bengal
20140728,6.03,31.31,25.79,West Bengal
20140729,9.83,31.13,26.39,West Bengal
20140730,8.36,32.57,26.67,West Bengal
20140731,5.49,32.17,26.68,West Bengal
20140801,1.3,31.88,26.25,West Bengal
20140802,5.34,32.3,26.82,West Bengal
20140803,9.86,32.79,26.7,West Bengal
20140804,23.52,31.28,27.11,West Bengal
20140805,13.73,30.7,26.74,West Bengal
20140806,4.97,32.45,25.95,West Bengal
20140807,2.91,31.03,26.07,West Bengal
20140808,15.99,33.42,25.7,West Bengal
20140809,21.61,32.65,26.41,West Bengal
20140810,6.89,32.31,26.54,West Bengal
20140811,1.23,32.61,26.06,West Bengal
20140812,4.5,32.06,26.38,West Bengal
20140813,16.34,30.12,26.65,West Bengal
20140814,8.09,30.18,26.4,West Bengal
20140815,18.27,30.3,26.24,West Bengal
20140816,13.53,29.93,26.02,West Bengal
20140817,3.18,30.29,25.37,West Bengal
20140818,12.06,32.54,25.26,West Bengal
20140819,12.53,31.46,26.22,West Bengal
20140820,5.6,30.83,26.66,West Bengal
20140821,1.12,32.48,25.88,West Bengal
20140822,10.52,30.77,26.32,West Bengal
20140823,1.6,31.02,25.88,West Bengal
20140824,13.64,30.78,26.42,West Bengal
20140825,11.39,31.49,26.17,West Bengal
20140826,3.12,31.08,25.82,West Bengal
20140827,4.44,31.36,25.27,West Bengal
20140828,1.78,30.91,25.07,West Bengal
20140829,5.59,30.23,25.25,West Bengal
20140830,6.03,29.9,25.48,West Bengal
20140831,19.16,29.04,25.39,West Bengal
20140901,25.32,29.43,25.91,West Bengal
20140902,10.82,29.55,25.33,West Bengal
20140903,2.23,31.01,24.43,West Bengal
20140904,1.54,31.5,24.43,West Bengal
20140905,4.83,30.88,25.59,West Bengal
20140906,3.83,31.7,25.15,West Bengal
20140907,5.15,29.87,25.64,West Bengal
20140908,5.05,30.73,24.87,West Bengal
20140909,6.18,32.17,24.81,West Bengal
20140910,2.56,31.62,25.62,West Bengal
20140911,0.33,31.85,24.81,West Bengal
20140912,1.74,32.28,24.54,West Bengal
20140913,3.53,31.53,24.96,West Bengal
20140914,4.71,30.27,25.33,West Bengal
20140915,1.54,31.0,24.87,West Bengal
20140916,0.3,32.11,25.4,West Bengal
20140917,3.43,32.97,24.75,West Bengal
20140918,2.95,32.62,25.51,West Bengal
20140919,4.46,29.99,26.05,West Bengal
20140920,34.39,29.3,26.03,West Bengal
20140921,22.04,29.13,26.1,West Bengal
20140922,8.5,30.59,26.3,West Bengal
20140923,13.41,32.07,24.83,West Bengal
20140924,8.71,33.04,24.96,West Bengal
20140925,13.03,32.2,24.67,West Bengal
20140926,5.64,32.25,24.38,West Bengal
20140927,0.06,32.64,22.94,West Bengal
20140928,0.0,32.34,21.96,West Bengal
20140929,0.0,32.41,23.28,West Bengal
20140930,5.76,32.68,24.42,West Bengal
20141001,5.91,32.24,24.39,West Bengal
20141002,0.72,32.64,24.93,West Bengal
20141003,6.92,31.97,23.97,West Bengal
20141004,4.36,31.71,23.95,West Bengal
20141005,0.04,31.52,24.2,West Bengal
20141006,0.03,32.1,24.68,West Bengal
20141007,11.02,31.86,23.88,West Bengal
20141008,4.76,32.07,23.81,West Bengal
20141009,0.61,32.33,24.68,West Bengal
20141010,4.59,32.08,25.36,West Bengal
20141011,9.64,29.93,25.08,West Bengal
20141012,10.53,29.71,24.7,West Bengal
20141013,4.28,30.13,24.97,West Bengal
20141014,6.39,29.7,24.57,West Bengal
20141015,2.62,31.2,23.52,West Bengal
20141016,0.1,29.51,23.14,West Bengal
20141017,0.0,28.85,20.9,West Bengal
20141018,0.0,29.63,19.72,West Bengal
20141019,0.0,29.85,19.21,West Bengal
20141020,0.0,29.33,17.84,West Bengal
20141021,0.0,29.58,17.68,West Bengal
20141022,0.0,29.57,18.21,West Bengal
20141023,0.0,30.08,18.98,West Bengal
20141024,0.0,29.33,19.25,West Bengal
20141025,0.03,29.46,20.78,West Bengal
20141026,1.26,26.32,19.93,West Bengal
20141027,0.01,25.99,18.69,West Bengal
20141028,0.54,27.75,19.96,West Bengal
20141029,0.07,28.59,18.68,West Bengal
20141030,0.0,28.77,18.55,West Bengal
20141031,0.0,28.8,18.22,West Bengal
20141101,0.0,28.94,19.09,West Bengal
20141102,0.0,29.03,18.46,West Bengal
20141103,0.0,28.17,17.87,West Bengal
20141104,0.0,28.7,15.89,West Bengal
20141105,0.0,28.34,16.56,West Bengal
20141106,0.0,28.35,15.9,West Bengal
20141107,0.0,29.13,16.6,West Bengal
20141108,0.0,30.23,17.01,West Bengal
20141109,0.0,29.81,18.37,West Bengal
20141110,0.0,28.84,18.36,West Bengal
20141111,0.0,28.65,17.67,West Bengal
20141112,0.0,28.51,17.93,West Bengal
20141113,0.0,28.33,15.8,West Bengal
20141114,0.0,26.7,13.47,West Bengal
20141115,0.0,27.19,13.06,West Bengal
20141116,0.0,26.21,12.59,West Bengal
20141117,0.0,26.15,12.6,West Bengal
20141118,0.0,26.52,12.43,West Bengal
20141119,0.0,26.72,12.05,West Bengal
20141120,0.0,26.38,12.49,West Bengal
20141121,0.0,26.21,12.24,West Bengal
20141122,0.0,26.84,13.65,West Bengal
20141123,0.0,26.64,12.05,West Bengal
20141124,0.0,25.97,11.35,West Bengal
20141125,0.0,25.68,10.75,West Bengal
20141126,0.0,25.38,10.0,West Bengal
20141127,0.0,25.42,10.89,West Bengal
20141128,0.0,25.28,11.04,West Bengal
20141129,0.0,26.27,11.9,West Bengal
20141130,0.0,27.09,12.26,West Bengal
20141201,0.0,27.1,13.31,West Bengal
20141202,0.0,26.34,13.3,West Bengal
20141203,0.0,25.87,10.74,West Bengal
20141204,0.0,25.82,11.58,West Bengal
20141205,0.0,26.4,12.71,West Bengal
20141206,0.0,25.57,12.04,West Bengal
20141207,0.0,25.02,10.93,West Bengal
20141208,0.0,25.28,9.98,West Bengal
20141209,0.0,25.07,9.8,West Bengal
20141210,0.0,24.77,9.7,West Bengal
20141211,0.0,24.37,9.2,West Bengal
20141212,3.24,22.0,9.68,West Bengal
20141213,0.0,22.28,11.45,West Bengal
20141214,0.03,21.81,11.21,West Bengal
20141215,0.2,25.12,12.92,West Bengal
20141216,0.0,25.32,12.02,West Bengal
20141217,0.0,23.55,11.4,West Bengal
20141218,0.0,23.26,8.13,West Bengal
20141219,0.0,23.43,7.74,West Bengal
20141220,0.0,22.35,7.98,West Bengal
20141221,0.0,23.92,9.6,West Bengal
20141222,0.0,23.16,6.39,West Bengal
20141223,0.0,23.74,7.1,West Bengal
20141224,0.0,24.13,6.62,West Bengal
20141225,0.0,23.56,6.61,West Bengal
20141226,0.0,22.73,6.45,West Bengal
20141227,0.0,21.96,6.51,West Bengal
20141228,0.0,22.78,6.46,West Bengal
20141229,0.0,23.49,7.41,West Bengal
20141230,0.0,24.31,10.15,West Bengal
20141231,2.07,25.14,12.77,West Bengal
20150101,1.03,27.15,15.75,West Bengal
20150102,8.14,29.07,18.03,West Bengal
20150103,13.61,28.63,18.98,West Bengal
20150104,8.28,25.47,18.39,West Bengal
20150105,0.0,24.72,14.08,West Bengal
20150106,0.0,23.24,9.19,West Bengal
20150107,0.0,23.44,9.29,West Bengal
20150108,0.0,23.84,9.95,West Bengal
20150109,0.0,23.61,9.3,West Bengal
20150110,0.0,24.12,8.09,West Bengal
20150111,0.0,22.75,6.66,West Bengal
20150112,0.0,23.28,6.52,West Bengal
20150113,0.0,23.96,7.57,West Bengal
20150114,0.0,24.64,8.6,West Bengal
20150115,0.0,26.21,9.71,West Bengal
20150116,0.0,26.04,8.69,West Bengal
20150117,0.0,25.81,10.25,West Bengal
20150118,0.0,23.51,7.16,West Bengal
20150119,0.0,23.39,7.49,West Bengal
20150120,0.0,23.97,6.67,West Bengal
20150121,0.0,24.72,6.37,West Bengal
20150122,0.0,26.16,7.27,West Bengal
20150123,0.0,27.08,9.17,West Bengal
20150124,0.0,27.85,12.36,West Bengal
20150125,0.0,26.83,12.48,West Bengal
20150126,0.0,26.84,11.27,West Bengal
20150127,0.0,27.97,13.24,West Bengal
20150128,0.0,28.92,13.86,West Bengal
20150129,0.19,28.75,14.3,West Bengal
20150130,0.16,25.89,14.11,West Bengal
20150131,0.0,24.54,8.47,West Bengal
20150201,0.0,24.72,7.45,West Bengal
20150202,0.0,26.42,8.83,West Bengal
20150203,0.0,28.68,10.27,West Bengal
20150204,0.0,30.17,12.03,West Bengal
20150205,0.0,28.62,14.02,West Bengal
20150206,0.0,27.69,11.71,West Bengal
20150207,0.0,26.38,11.45,West Bengal
20150208,0.0,28.24,12.94,West Bengal
20150209,0.0,27.32,13.27,West Bengal
20150210,0.0,29.6,15.85,West Bengal
20150211,0.0,27.63,13.87,West Bengal
20150212,0.0,29.06,12.04,West Bengal
20150213,0.0,29.57,15.26,West Bengal
20150214,0.0,29.14,14.58,West Bengal
20150215,5.11,29.48,15.76,West Bengal
20150216,1.92,29.49,17.56,West Bengal
20150217,0.0,30.29,17.42,West Bengal
20150218,2.47,30.81,17.43,West Bengal
20150219,9.16,31.45,19.99,West Bengal
20150220,0.0,31.14,16.37,West Bengal
20150221,0.0,31.81,15.67,West Bengal
20150222,0.01,32.7,16.89,West Bengal
20150223,0.01,32.77,19.39,West Bengal
20150224,0.0,33.58,17.66,West Bengal
20150225,0.0,33.69,18.5,West Bengal
20150226,0.0,34.45,17.35,West Bengal
20150227,0.0,34.55,19.18,West Bengal
20150228,0.0,34.48,19.58,West Bengal
20150301,0.0,34.89,19.92,West Bengal
20150302,0.0,34.86,18.52,West Bengal
20150303,1.08,31.5,18.32,West Bengal
20150304,10.54,28.43,19.01,West Bengal
20150305,0.0,31.28,16.3,West Bengal
20150306,0.0,30.92,13.78,West Bengal
20150307,0.0,31.92,13.55,West Bengal
20150308,0.0,33.3,15.01,West Bengal
20150309,0.0,35.34,16.86,West Bengal
20150310,0.0,35.78,19.03,West Bengal
20150311,0.0,34.9,18.23,West Bengal
20150312,0.0,35.28,14.42,West Bengal
20150313,0.0,36.12,15.77,West Bengal
20150314,0.0,37.12,19.93,West Bengal
20150315,0.0,37.0,20.69,West Bengal
20150316,0.0,35.98,21.22,West Bengal
20150317,0.08,36.07,20.91,West Bengal
20150318,0.0,36.3,21.82,West Bengal
20150319,0.0,35.91,21.91,West Bengal
20150320,0.0,35.5,17.43,West Bengal
20150321,0.0,36.42,17.99,West Bengal
20150322,0.0,36.92,17.46,West Bengal
20150323,0.0,38.39,19.65,West Bengal
20150324,0.0,38.04,20.99,West Bengal
20150325,0.0,37.3,22.38,West Bengal
20150326,0.04,37.15,22.62,West Bengal
20150327,0.27,36.31,24.29,West Bengal
20150328,2.54,36.26,23.67,West Bengal
20150329,0.02,37.46,23.33,West Bengal
20150330,5.55,35.92,23.92,West Bengal
20150331,20.73,33.94,23.0,West Bengal
20150401,0.19,37.86,22.95,West Bengal
20150402,0.7,38.73,22.8,West Bengal
20150403,0.0,39.61,23.47,West Bengal
20150404,0.58,40.29,24.13,West Bengal
20150405,9.5,36.6,25.05,West Bengal
20150406,6.99,36.05,24.53,West Bengal
20150407,7.49,35.93,24.16,West Bengal
20150408,14.06,34.98,23.49,West Bengal
20150409,0.02,38.41,23.54,West Bengal
20150410,0.0,38.85,21.74,West Bengal
20150411,0.0,38.18,22.66,West Bengal
20150412,1.48,33.78,25.19,West Bengal
20150413,2.98,33.93,24.11,West Bengal
20150414,0.0,35.06,23.49,West Bengal
20150415,0.33,33.59,24.97,West Bengal
20150416,0.0,33.55,24.28,West Bengal
20150417,0.19,37.17,23.26,West Bengal
20150418,1.38,38.42,24.22,West Bengal
20150419,0.01,40.06,25.2,West Bengal
20150420,0.01,39.02,25.39,West Bengal
20150421,1.12,41.61,25.91,West Bengal
20150422,3.78,41.1,26.23,West Bengal
20150423,6.77,40.22,26.09,West Bengal
20150424,16.8,33.88,25.11,West Bengal
20150425,4.15,30.98,24.14,West Bengal
20150426,5.42,31.95,23.23,West Bengal
20150427,10.62,33.35,21.94,West Bengal
20150428,8.78,34.84,22.96,West Bengal
20150429,5.12,35.77,24.6,West Bengal
20150430,0.71,35.76,25.28,West Bengal
20150501,0.65,38.54,25.28,West Bengal
20150502,2.75,36.51,25.89,West Bengal
20150503,3.65,37.76,25.74,West Bengal
20150504,7.82,36.56,25.12,West Bengal
20150505,0.0,36.29,25.48,West Bengal
20150506,0.0,39.85,25.06,West Bengal
20150507,0.0,40.57,25.78,West Bengal
20150508,0.0,40.06,25.28,West Bengal
20150509,0.15,38.58,26.09,West Bengal
20150510,1.5,38.27,26.5,West Bengal
20150511,2.04,36.34,27.0,West Bengal
20150512,0.94,39.83,26.17,West Bengal
20150513,0.65,40.49,26.18,West Bengal
20150514,7.52,39.1,26.91,West Bengal
20150515,4.91,39.56,27.42,West Bengal
20150516,13.1,34.51,26.93,West Bengal
20150517,6.32,35.18,26.69,West Bengal
20150518,4.55,37.21,25.52,West Bengal
20150519,5.48,36.88,25.84,West Bengal
20150520,0.13,38.55,26.86,West Bengal
20150521,0.04,40.21,27.57,West Bengal
20150522,0.0,42.86,27.74,West Bengal
20150523,0.0,43.12,27.2,West Bengal
20150524,1.28,41.67,28.85,West Bengal
20150525,2.37,41.15,28.06,West Bengal
20150526,1.33,38.08,28.26,West Bengal
20150527,0.45,37.22,26.79,West Bengal
20150528,0.06,39.6,27.39,West Bengal
20150529,0.63,39.84,27.91,West Bengal
20150530,1.35,37.99,28.18,West Bengal
20150531,0.15,37.59,28.42,West Bengal
20150601,0.28,36.83,28.02,West Bengal
20150602,0.17,38.39,27.14,West Bengal
20150603,0.07,37.88,27.75,West Bengal
20150604,0.61,37.48,27.08,West Bengal
20150605,2.34,35.4,27.48,West Bengal
20150606,0.06,35.82,27.6,West Bengal
20150607,0.0,37.79,27.44,West Bengal
20150608,0.0,38.15,28.42,West Bengal
20150609,0.17,38.36,28.66,West Bengal
20150610,0.41,38.72,28.98,West Bengal
20150611,5.96,36.15,28.75,West Bengal
20150612,10.66,35.25,28.18,West Bengal
20150613,6.54,35.29,26.98,West Bengal
20150614,29.33,31.3,26.58,West Bengal
20150615,17.58,33.34,25.96,West Bengal
20150616,5.09,32.53,26.37,West Bengal
20150617,0.55,34.12,26.36,West Bengal
20150618,0.72,35.91,26.52,West Bengal
20150619,1.31,35.79,26.31,West Bengal
20150620,5.52,35.08,26.93,West Bengal
20150621,11.55,34.59,26.99,West Bengal
20150622,15.03,34.16,26.64,West Bengal
20150623,9.21,33.77,26.76,West Bengal
20150624,15.68,32.81,26.23,West Bengal
20150625,20.62,33.19,26.55,West Bengal
20150626,26.35,32.22,26.38,West Bengal
20150627,4.05,34.2,25.69,West Bengal
20150628,18.34,31.42,26.07,West Bengal
20150629,1.27,33.7,24.98,West Bengal
20150630,5.7,33.46,25.31,West Bengal
20150701,3.59,34.72,25.78,West Bengal
20150702,25.51,31.15,26.73,West Bengal
20150703,9.35,33.88,26.26,West Bengal
20150704,7.1,34.0,26.3,West Bengal
20150705,5.49,30.9,26.96,West Bengal
20150706,7.85,33.45,25.76,West Bengal
20150707,25.09,32.88,27.29,West Bengal
20150708,21.19,30.57,26.3,West Bengal
20150709,87.15,30.9,26.75,West Bengal
20150710,40.32,30.03,26.72,West Bengal
20150711,1.83,31.96,26.41,West Bengal
20150712,1.15,32.8,25.92,West Bengal
20150713,18.2,33.18,25.83,West Bengal
20150714,23.36,33.1,27.3,West Bengal
20150715,28.29,30.7,27.63,West Bengal
20150716,11.4,30.5,26.67,West Bengal
20150717,13.8,29.96,25.82,West Bengal
20150718,21.06,30.87,25.61,West Bengal
20150719,25.24,28.89,25.43,West Bengal
20150720,26.06,30.95,25.75,West Bengal
20150721,5.13,31.54,25.48,West Bengal
20150722,17.47,31.19,26.24,West Bengal
20150723,5.38,30.04,26.18,West Bengal
20150724,20.02,29.38,26.16,West Bengal
20150725,26.3,29.86,25.82,West Bengal
20150726,39.2,28.83,25.29,West Bengal
20150727,37.47,30.73,25.32,West Bengal
20150728,4.82,28.67,25.42,West Bengal
20150729,6.01,30.37,25.77,West Bengal
20150730,10.69,30.94,25.75,West Bengal
20150731,70.94,29.13,25.63,West Bengal
20150801,48.8,27.83,25.13,West Bengal
20150802,14.98,30.45,25.16,West Bengal
20150803,3.87,30.53,25.54,West Bengal
20150804,0.32,31.52,24.94,West Bengal
20150805,6.53,32.17,25.17,West Bengal
20150806,2.44,32.01,25.33,West Bengal
20150807,0.2,31.83,25.75,West Bengal
20150808,0.03,32.12,25.11,West Bengal
20150809,0.03,31.64,25.66,West Bengal
20150810,1.25,31.89,25.41,West Bengal
20150811,2.89,30.36,26.56,West Bengal
20150812,3.02,30.88,26.03,West Bengal
20150813,2.12,30.39,26.03,West Bengal
20150814,2.95,32.19,25.93,West Bengal
20150815,3.26,31.55,26.84,West Bengal
20150816,3.25,31.36,26.52,West Bengal
20150817,4.97,31.86,25.95,West Bengal
20150818,11.85,31.48,26.16,West Bengal
20150819,10.88,31.97,26.49,West Bengal
20150820,6.09,30.74,26.13,West Bengal
20150821,8.9,31.9,25.93,West Bengal
20150822,1.7,31.93,25.88,West Bengal
20150823,13.71,31.83,25.62,West Bengal
20150824,8.12,32.23,26.0,West Bengal
20150825,1.77,30.51,26.38,West Bengal
20150826,2.42,31.97,26.54,West Bengal
20150827,4.55,32.11,26.02,West Bengal
20150828,6.53,30.21,25.65,West Bengal
20150829,5.17,31.82,26.55,West Bengal
20150830,5.87,30.79,26.84,West Bengal
20150831,12.69,30.65,26.9,West Bengal
20150901,25.44,31.6,25.59,West Bengal
20150902,17.96,32.44,25.31,West Bengal
20150903,5.32,30.71,25.81,West Bengal
20150904,1.59,32.02,25.13,West Bengal
20150905,0.43,31.05,25.71,West Bengal
20150906,0.04,32.95,24.93,West Bengal
20150907,0.04,33.1,24.85,West Bengal
20150908,0.0,33.09,24.62,West Bengal
20150909,0.0,33.37,24.53,West Bengal
20150910,1.96,31.54,25.93,West Bengal
20150911,3.33,30.86,25.79,West Bengal
20150912,0.84,32.17,25.23,West Bengal
20150913,0.8,32.38,25.24,West Bengal
20150914,3.82,30.35,25.33,West Bengal
20150915,11.13,29.75,25.69,West Bengal
20150916,9.15,30.34,26.07,West Bengal
20150917,0.44,31.85,25.6,West Bengal
20150918,2.13,31.2,25.76,West Bengal
20150919,8.1,30.14,24.98,West Bengal
20150920,19.45,29.55,25.3,West Bengal
20150921,10.08,29.44,25.83,West Bengal
20150922,19.45,31.26,25.2,West Bengal
20150923,44.52,31.17,25.92,West Bengal
20150924,3.18,30.99,25.29,West Bengal
20150925,0.04,31.61,23.63,West Bengal
20150926,0.79,32.3,22.38,West Bengal
20150927,0.05,31.8,23.93,West Bengal
20150928,0.0,31.94,23.84,West Bengal
20150929,0.0,32.32,23.44,West Bengal
20150930,0.0,32.73,23.87,West Bengal
20151001,0.87,33.03,25.71,West Bengal
20151002,1.91,30.44,25.69,West Bengal
20151003,0.24,32.78,24.97,West Bengal
20151004,0.01,32.7,24.93,West Bengal
20151005,0.0,32.15,25.2,West Bengal
20151006,0.05,31.96,25.1,West Bengal
20151007,2.14,31.68,25.52,West Bengal
20151008,2.0,31.09,24.84,West Bengal
20151009,1.41,31.57,23.8,West Bengal
20151010,0.44,32.53,22.59,West Bengal
20151011,0.01,31.82,22.75,West Bengal
20151012,0.28,30.35,22.13,West Bengal
20151013,1.12,29.45,23.15,West Bengal
20151014,3.7,28.22,23.3,West Bengal
20151015,1.71,30.44,22.63,West Bengal
20151016,4.77,30.39,22.72,West Bengal
20151017,0.12,30.68,22.7,West Bengal
20151018,0.0,30.93,22.58,West Bengal
20151019,0.0,30.86,21.97,West Bengal
20151020,0.0,31.34,22.59,West Bengal
20151021,0.17,31.07,22.07,West Bengal
20151022,0.07,31.1,21.71,West Bengal
20151023,0.0,30.63,21.48,West Bengal
20151024,0.0,30.47,20.24,West Bengal
20151025,0.0,29.46,18.6,West Bengal
20151026,0.0,28.95,18.44,West Bengal
20151027,0.0,28.99,17.67,West Bengal
20151028,0.0,29.25,19.4,West Bengal
20151029,0.03,29.32,19.36,West Bengal
20151030,1.93,28.15,20.38,West Bengal
20151031,0.14,28.39,20.08,West Bengal
20151101,0.19,28.51,20.85,West Bengal
20151102,0.0,28.63,20.18,West Bengal
20151103,0.0,29.06,19.66,West Bengal
20151104,0.05,29.95,20.21,West Bengal
20151105,0.04,29.52,21.05,West Bengal
20151106,0.0,29.97,19.5,West Bengal
20151107,0.0,30.13,18.62,West Bengal
20151108,0.0,29.3,19.67,West Bengal
20151109,0.0,28.33,18.11,West Bengal
20151110,0.0,28.96,17.39,West Bengal
20151111,0.0,28.96,16.38,West Bengal
20151112,0.0,28.13,15.91,West Bengal
20151113,0.0,28.23,16.61,West Bengal
20151114,0.0,27.88,16.9,West Bengal
20151115,0.0,28.23,16.87,West Bengal
20151116,0.0,28.11,17.25,West Bengal
20151117,0.0,28.09,17.19,West Bengal
20151118,0.0,28.45,17.25,West Bengal
20151119,0.0,27.56,16.91,West Bengal
20151120,0.0,28.32,16.27,West Bengal
20151121,0.0,28.39,16.26,West Bengal
20151122,0.0,28.18,16.22,West Bengal
20151123,0.0,28.09,15.74,West Bengal
20151124,0.0,27.51,15.29,West Bengal
20151125,0.0,27.78,15.37,West Bengal
20151126,0.0,28.16,15.76,West Bengal
20151127,0.0,27.53,15.77,West Bengal
20151128,0.0,28.25,18.17,West Bengal
20151129,0.0,27.76,17.16,West Bengal
20151130,0.0,27.87,16.84,West Bengal
20151201,0.0,28.98,18.37,West Bengal
20151202,0.0,27.77,18.36,West Bengal
20151203,0.85,28.24,17.67,West Bengal
20151204,0.41,28.08,18.05,West Bengal
20151205,0.0,27.72,17.95,West Bengal
20151206,0.0,27.26,18.87,West Bengal
20151207,0.0,26.51,17.99,West Bengal
20151208,0.0,27.0,15.29,West Bengal
20151209,0.0,26.7,14.75,West Bengal
20151210,0.0,26.73,13.51,West Bengal
20151211,0.0,28.11,17.79,West Bengal
20151212,0.0,28.51,16.58,West Bengal
20151213,0.0,28.15,17.39,West Bengal
20151214,0.05,27.06,14.75,West Bengal
20151215,0.24,25.47,15.57,West Bengal
20151216,0.0,24.47,10.67,West Bengal
20151217,0.0,25.02,10.32,West Bengal
20151218,3.13,22.84,13.6,West Bengal
20151219,0.01,23.65,8.96,West Bengal
20151220,0.0,24.13,8.37,West Bengal
20151221,0.0,23.98,12.38,West Bengal
20151222,0.1,22.71,14.07,West Bengal
20151223,0.01,25.55,12.07,West Bengal
20151224,0.01,22.74,14.82,West Bengal
20151225,0.0,24.15,12.21,West Bengal
20151226,0.0,23.93,8.02,West Bengal
20151227,0.0,24.62,7.66,West Bengal
20151228,0.0,24.2,8.92,West Bengal
20151229,0.0,24.84,9.86,West Bengal
20151230,0.0,25.69,11.19,West Bengal
20151231,0.0,26.27,14.05,West Bengal
20160101,0.0,26.16,11.57,West Bengal
20160102,0.0,26.41,10.64,West Bengal
20160103,0.0,25.65,12.29,West Bengal
20160104,0.0,25.52,10.92,West Bengal
20160105,0.0,25.68,9.81,West Bengal
20160106,0.0,24.88,11.4,West Bengal
20160107,0.0,27.42,11.02,West Bengal
20160108,0.0,27.46,13.04,West Bengal
20160109,0.0,28.41,13.06,West Bengal
20160110,0.0,27.21,12.2,West Bengal
20160111,0.0,25.79,10.47,West Bengal
20160112,0.0,25.6,10.63,West Bengal
20160113,0.0,25.51,11.33,West Bengal
20160114,0.0,27.2,11.26,West Bengal
20160115,0.0,26.75,13.13,West Bengal
20160116,0.0,27.98,13.31,West Bengal
20160117,0.0,27.54,14.05,West Bengal
20160118,0.0,27.12,13.3,West Bengal
20160119,2.01,28.07,16.11,West Bengal
20160120,7.16,26.3,16.31,West Bengal
20160121,0.14,24.21,12.53,West Bengal
20160122,0.0,23.97,9.21,West Bengal
20160123,0.0,23.99,7.86,West Bengal
20160124,0.0,23.71,7.12,West Bengal
20160125,0.0,24.51,7.9,West Bengal
20160126,0.0,25.17,10.17,West Bengal
20160127,0.12,25.38,12.94,West Bengal
20160128,0.28,28.0,15.04,West Bengal
20160129,0.0,27.87,13.47,West Bengal
20160130,0.0,28.15,13.12,West Bengal
20160131,0.0,30.42,13.82,West Bengal
20160201,0.0,30.14,14.62,West Bengal
20160202,0.0,30.23,14.88,West Bengal
20160203,0.0,29.71,15.72,West Bengal
20160204,0.0,28.19,13.59,West Bengal
20160205,0.0,27.58,12.3,West Bengal
20160206,0.0,29.64,14.42,West Bengal
20160207,0.0,30.58,16.4,West Bengal
20160208,7.04,30.34,16.41,West Bengal
20160209,0.79,29.37,18.71,West Bengal
20160210,0.0,29.48,15.07,West Bengal
20160211,0.0,31.63,15.17,West Bengal
20160212,0.01,32.12,18.92,West Bengal
20160213,0.0,32.05,17.51,West Bengal
20160214,0.0,32.38,18.86,West Bengal
20160215,0.02,32.39,19.28,West Bengal
20160216,0.0,34.45,18.77,West Bengal
20160217,0.0,34.56,19.87,West Bengal
20160218,0.0,35.1,19.86,West Bengal
20160219,0.0,35.37,19.04,West Bengal
20160220,0.0,36.38,19.46,West Bengal
20160221,0.0,36.49,20.84,West Bengal
20160222,0.0,35.09,20.48,West Bengal
20160223,0.0,34.8,20.64,West Bengal
20160224,19.99,32.73,20.42,West Bengal
20160225,10.21,30.95,22.34,West Bengal
20160226,20.87,27.13,20.77,West Bengal
20160227,0.17,31.04,19.74,West Bengal
20160228,5.06,31.51,19.16,West Bengal
20160229,0.29,32.83,19.64,West Bengal
20160301,6.09,31.74,19.44,West Bengal
20160302,0.16,33.31,19.21,West Bengal
20160303,0.0,34.23,18.33,West Bengal
20160304,0.0,35.23,17.7,West Bengal
20160305,0.0,35.9,18.66,West Bengal
20160306,1.25,35.32,20.2,West Bengal
20160307,0.14,34.87,18.95,West Bengal
20160308,0.02,35.04,20.06,West Bengal
20160309,0.0,36.56,20.47,West Bengal
20160310,0.4,35.64,22.22,West Bengal
20160311,0.0,36.08,22.49,West Bengal
20160312,0.0,35.75,22.35,West Bengal
20160313,0.01,36.99,20.69,West Bengal
20160314,0.02,34.73,20.39,West Bengal
20160315,0.71,35.02,20.47,West Bengal
20160316,0.32,35.35,23.31,West Bengal
20160317,0.0,35.83,20.03,West Bengal
20160318,0.0,35.76,19.55,West Bengal
20160319,2.75,36.6,21.77,West Bengal
20160320,3.06,37.32,22.72,West Bengal
20160321,0.0,38.35,23.33,West Bengal
20160322,0.0,38.21,23.11,West Bengal
20160323,0.0,37.91,21.28,West Bengal
20160324,0.0,37.28,19.34,West Bengal
20160325,0.0,37.33,20.51,West Bengal
20160326,0.0,37.81,22.78,West Bengal
20160327,0.0,37.83,24.27,West Bengal
20160328,0.0,37.57,24.57,West Bengal
20160329,0.02,38.03,23.0,West Bengal
20160330,0.85,37.59,24.34,West Bengal
20160331,6.07,36.62,24.15,West Bengal
20160401,2.08,37.16,24.39,West Bengal
20160402,0.07,37.7,23.54,West Bengal
20160403,0.59,38.65,25.41,West Bengal
20160404,0.21,39.83,25.28,West Bengal
20160405,0.23,40.48,25.57,West Bengal
20160406,0.72,42.89,24.87,West Bengal
20160407,0.02,42.64,24.63,West Bengal
20160408,0.17,41.59,27.48,West Bengal
20160409,0.01,43.21,26.12,West Bengal
20160410,0.0,43.92,26.47,West Bengal
20160411,0.0,44.1,26.12,West Bengal
20160412,0.0,44.0,25.93,West Bengal
20160413,0.0,42.66,25.78,West Bengal
20160414,0.0,42.91,25.28,West Bengal
20160415,0.0,43.71,25.7,West Bengal
20160416,0.0,44.14,26.7,West Bengal
20160417,0.0,43.29,26.19,West Bengal
20160418,0.7,41.87,27.55,West Bengal
20160419,0.17,44.37,26.82,West Bengal
20160420,0.0,44.75,27.15,West Bengal
20160421,0.0,43.78,26.63,West Bengal
20160422,0.0,44.85,27.09,West Bengal
20160423,0.0,45.57,27.54,West Bengal
20160424,0.0,44.83,26.87,West Bengal
20160425,0.0,43.4,27.3,West Bengal
20160426,0.0,42.95,27.47,West Bengal
20160427,0.0,44.17,27.76,West Bengal
20160428,0.0,44.15,27.42,West Bengal
20160429,0.0,45.3,28.09,West Bengal
20160430,0.0,44.34,27.88,West Bengal
20160501,0.23,44.83,26.89,West Bengal
20160502,0.58,42.83,26.87,West Bengal
20160503,0.65,41.54,26.97,West Bengal
20160504,7.58,39.08,27.2,West Bengal
20160505,1.23,39.97,25.85,West Bengal
20160506,2.86,39.86,25.91,West Bengal
20160507,4.05,39.96,27.17,West Bengal
20160508,17.08,37.94,26.09,West Bengal
20160509,4.5,39.38,26.2,West Bengal
20160510,0.58,39.77,27.42,West Bengal
20160511,0.25,40.18,27.19,West Bengal
20160512,0.07,39.13,27.15,West Bengal
20160513,8.8,39.97,27.35,West Bengal
20160514,7.1,39.88,27.04,West Bengal
20160515,5.45,41.39,27.82,West Bengal
20160516,5.59,40.23,27.99,West Bengal
20160517,14.88,39.94,27.27,West Bengal
20160518,1.8,39.36,27.04,West Bengal
20160519,8.19,35.54,26.96,West Bengal
20160520,27.1,33.02,25.77,West Bengal
20160521,13.51,35.84,26.04,West Bengal
20160522,0.47,39.95,25.8,West Bengal
20160523,4.52,37.69,27.85,West Bengal
20160524,2.88,39.29,27.87,West Bengal
20160525,0.49,40.79,27.1,West Bengal
20160526,9.07,38.46,27.48,West Bengal
20160527,1.76,39.96,26.92,West Bengal
20160528,1.77,38.85,26.26,West Bengal
20160529,2.54,38.04,26.61,West Bengal
20160530,2.18,39.23,27.24,West Bengal
20160531,12.41,37.25,27.46,West Bengal
20160601,5.82,36.88,26.6,West Bengal
20160602,2.39,37.44,26.18,West Bengal
20160603,2.2,36.51,26.67,West Bengal
20160604,3.55,36.18,26.4,West Bengal
20160605,2.79,35.25,26.5,West Bengal
20160606,9.35,33.75,27.18,West Bengal
20160607,7.05,33.54,26.95,West Bengal
20160608,2.64,34.2,26.65,West Bengal
20160609,0.59,33.92,26.85,West Bengal
20160610,1.44,38.94,27.07,West Bengal
20160611,3.72,42.3,29.26,West Bengal
20160612,9.0,40.86,28.85,West Bengal
20160613,23.2,30.91,27.65,West Bengal
20160614,6.05,32.89,27.33,West Bengal
20160615,5.79,32.24,27.34,West Bengal
20160616,5.69,32.6,26.54,West Bengal
20160617,15.93,33.04,26.23,West Bengal
20160618,3.43,33.75,26.01,West Bengal
20160619,4.68,33.9,26.21,West Bengal
20160620,2.15,33.63,26.15,West Bengal
20160621,1.7,34.27,26.1,West Bengal
20160622,1.3,33.95,26.82,West Bengal
20160623,5.25,34.15,26.53,West Bengal
20160624,3.05,32.49,26.71,West Bengal
20160625,0.52,34.63,26.78,West Bengal
20160626,2.65,35.59,26.34,West Bengal
20160627,3.4,35.71,26.94,West Bengal
20160628,4.94,34.03,26.46,West Bengal
20160629,4.23,33.69,27.14,West Bengal
20160630,2.44,34.22,26.84,West Bengal
20160701,1.4,34.85,26.91,West Bengal
20160702,30.01,32.34,27.44,West Bengal
20160703,37.01,30.94,27.11,West Bengal
20160704,21.8,33.13,26.49,West Bengal
20160705,15.71,32.01,26.92,West Bengal
20160706,8.44,30.65,26.66,West Bengal
20160707,6.72,32.73,26.78,West Bengal
20160708,5.26,32.07,25.87,West Bengal
20160709,17.37,31.61,26.16,West Bengal
20160710,4.62,33.02,25.68,West Bengal
20160711,12.4,32.7,25.97,West Bengal
20160712,6.47,33.05,26.41,West Bengal
20160713,9.08,33.0,26.63,West Bengal
20160714,6.02,33.28,26.75,West Bengal
20160715,14.63,31.63,27.26,West Bengal
20160716,19.89,30.61,26.55,West Bengal
20160717,9.86,30.14,26.3,West Bengal
20160718,3.62,33.04,25.73,West Bengal
20160719,7.57,30.07,25.73,West Bengal
20160720,5.54,31.46,25.91,West Bengal
20160721,7.25,32.7,26.42,West Bengal
20160722,16.53,30.82,26.01,West Bengal
20160723,13.97,31.33,25.58,West Bengal
20160724,3.78,31.3,25.27,West Bengal
20160725,26.87,30.05,25.83,West Bengal
20160726,16.96,30.28,24.73,West Bengal
20160727,3.78,32.16,23.99,West Bengal
20160728,0.3,31.65,25.08,West Bengal
20160729,5.44,32.55,25.44,West Bengal
20160730,3.73,31.6,25.29,West Bengal
20160731,10.86,31.98,25.66,West Bengal
20160801,24.22,32.21,25.72,West Bengal
20160802,24.19,31.15,25.74,West Bengal
20160803,9.73,32.28,25.41,West Bengal
20160804,10.5,31.95,25.7,West Bengal
20160805,13.8,30.68,26.69,West Bengal
20160806,9.44,31.43,26.19,West Bengal
20160807,10.7,30.89,26.57,West Bengal
20160808,17.69,32.37,26.09,West Bengal
20160809,12.51,30.86,25.99,West Bengal
20160810,51.35,29.86,25.89,West Bengal
20160811,35.85,31.5,26.0,West Bengal
20160812,20.45,30.77,26.42,West Bengal
20160813,3.44,32.37,25.93,West Bengal
20160814,4.3,31.6,26.26,West Bengal
20160815,9.55,31.34,26.48,West Bengal
20160816,2.83,31.5,26.17,West Bengal
20160817,24.33,29.42,26.11,West Bengal
20160818,9.82,30.86,26.02,West Bengal
20160819,0.77,31.74,25.54,West Bengal
20160820,1.31,32.85,25.63,West Bengal
20160821,62.04,30.13,25.09,West Bengal
20160822,70.58,30.15,24.77,West Bengal
20160823,2.55,31.98,24.05,West Bengal
20160824,2.57,30.14,25.48,West Bengal
20160825,6.07,33.22,24.89,West Bengal
20160826,5.56,30.25,25.85,West Bengal
20160827,0.89,32.11,25.4,West Bengal
20160828,0.3,32.16,25.13,West Bengal
20160829,4.16,30.93,25.46,West Bengal
20160830,0.15,32.12,24.53,West Bengal
20160831,3.24,31.59,25.78,West Bengal
20160901,0.48,30.77,25.33,West Bengal
20160902,6.74,30.76,25.9,West Bengal
20160903,17.95,30.73,26.43,West Bengal
20160904,23.86,30.49,26.19,West Bengal
20160905,36.92,31.97,26.18,West Bengal
20160906,27.67,31.49,26.2,West Bengal
20160907,4.49,32.13,25.25,West Bengal
20160908,1.75,32.33,25.31,West Bengal
20160909,0.88,31.59,25.53,West Bengal
20160910,1.0,31.98,25.24,West Bengal
20160911,2.77,28.73,25.26,West Bengal
20160912,11.77,30.7,25.3,West Bengal
20160913,8.84,30.77,24.84,West Bengal
20160914,11.49,31.6,24.66,West Bengal
20160915,2.31,31.36,24.96,West Bengal
20160916,0.82,31.53,24.33,West Bengal
20160917,8.78,31.47,24.92,West Bengal
20160918,1.7,31.25,24.93,West Bengal
20160919,2.2,31.48,24.94,West Bengal
20160920,5.51,30.18,25.47,West Bengal
20160921,22.98,30.24,25.27,West Bengal
20160922,4.61,30.92,24.44,West Bengal
20160923,10.11,30.49,24.7,West Bengal
20160924,6.97,30.18,24.54,West Bengal
20160925,7.82,30.55,25.11,West Bengal
20160926,11.4,29.59,25.38,West Bengal
20160927,5.29,31.92,24.71,West Bengal
20160928,6.78,31.8,24.38,West Bengal
20160929,2.11,31.64,24.76,West Bengal
20160930,0.23,31.67,24.68,West Bengal
20161001,1.46,30.39,25.53,West Bengal
20161002,0.64,31.33,25.22,West Bengal
20161003,0.33,32.76,24.53,West Bengal
20161004,0.48,32.06,25.22,West Bengal
20161005,0.52,31.34,25.4,West Bengal
20161006,3.65,31.25,25.95,West Bengal
20161007,3.13,29.66,24.89,West Bengal
20161008,11.45,30.42,24.63,West Bengal
20161009,2.38,29.3,24.93,West Bengal
20161010,6.64,29.8,24.75,West Bengal
20161011,3.49,31.1,24.21,West Bengal
20161012,3.38,29.5,23.9,West Bengal
20161013,0.07,30.79,20.82,West Bengal
20161014,0.04,30.79,21.46,West Bengal
20161015,0.0,29.7,20.33,West Bengal
20161016,0.0,30.5,18.76,West Bengal
20161017,0.0,30.53,19.77,West Bengal
20161018,0.0,30.72,21.22,West Bengal
20161019,0.0,30.75,20.79,West Bengal
20161020,0.0,30.07,19.51,West Bengal
20161021,0.0,30.15,18.96,West Bengal
20161022,0.0,30.13,20.15,West Bengal
20161023,0.0,29.82,18.81,West Bengal
20161024,0.0,28.48,18.2,West Bengal
20161025,0.0,29.11,18.16,West Bengal
20161026,1.21,29.6,19.54,West Bengal
20161027,11.57,29.57,22.41,West Bengal
20161028,1.16,30.22,22.63,West Bengal
20161029,0.34,29.56,22.22,West Bengal
20161030,0.16,29.46,20.45,West Bengal
20161031,0.36,29.52,21.0,West Bengal
20161101,1.16,28.94,21.4,West Bengal
20161102,0.01,30.21,19.88,West Bengal
20161103,9.21,29.77,21.12,West Bengal
20161104,3.96,27.65,22.67,West Bengal
20161105,9.33,27.74,20.7,West Bengal
20161106,0.66,28.1,18.33,West Bengal
20161107,0.02,27.62,16.6,West Bengal
20161108,0.0,27.68,15.62,West Bengal
20161109,0.0,26.6,14.59,West Bengal
20161110,0.0,26.82,14.66,West Bengal
20161111,0.0,26.96,15.43,West Bengal
20161112,0.0,27.81,16.54,West Bengal
20161113,0.0,28.4,16.98,West Bengal
20161114,0.0,27.93,17.05,West Bengal
20161115,0.0,27.08,15.13,West Bengal
20161116,0.0,26.99,13.06,West Bengal
20161117,0.0,26.01,12.16,West Bengal
20161118,0.0,25.54,11.78,West Bengal
20161119,0.0,25.67,12.06,West Bengal
20161120,0.0,25.3,12.69,West Bengal
20161121,0.0,25.59,13.03,West Bengal
20161122,0.0,25.89,13.35,West Bengal
20161123,0.0,25.08,12.96,West Bengal
20161124,0.0,25.41,12.92,West Bengal
20161125,0.0,25.18,12.33,West Bengal
20161126,0.0,25.97,13.59,West Bengal
20161127,0.0,26.52,14.68,West Bengal
20161128,0.0,26.1,14.22,West Bengal
20161129,0.0,26.56,15.99,West Bengal
20161130,0.0,27.1,15.88,West Bengal
20161201,0.0,27.23,15.63,West Bengal
20161202,0.0,26.95,16.36,West Bengal
20161203,0.0,26.89,15.58,West Bengal
20161204,0.0,26.41,15.18,West Bengal
20161205,0.0,25.01,11.92,West Bengal
20161206,0.0,25.84,10.83,West Bengal
20161207,0.0,24.99,11.22,West Bengal
20161208,0.0,25.95,12.37,West Bengal
20161209,0.0,25.01,11.27,West Bengal
20161210,0.0,24.05,10.33,West Bengal
20161211,0.0,23.88,9.78,West Bengal
20161212,0.0,24.28,10.88,West Bengal
20161213,0.0,24.37,10.11,West Bengal
20161214,0.0,23.06,9.53,West Bengal
20161215,0.0,24.33,9.19,West Bengal
20161216,0.0,23.63,8.64,West Bengal
20161217,0.0,24.14,9.08,West Bengal
20161218,0.0,24.02,9.67,West Bengal
20161219,0.0,24.2,10.67,West Bengal
20161220,0.0,23.82,9.79,West Bengal
20161221,0.0,23.41,9.38,West Bengal
20161222,0.0,23.24,8.95,West Bengal
20161223,0.0,23.5,9.91,West Bengal
20161224,0.0,25.46,11.73,West Bengal
20161225,0.0,25.84,13.58,West Bengal
20161226,0.0,25.66,13.23,West Bengal
20161227,0.0,25.07,12.6,West Bengal
20161228,0.0,24.23,10.89,West Bengal
20161229,0.0,24.25,10.48,West Bengal
20161230,0.0,24.32,10.41,West Bengal
20161231,0.0,24.87,11.58,West Bengal
20170101,0.0,25.63,14.41,West Bengal
20170102,0.58,25.57,12.87,West Bengal
20170103,0.62,25.55,13.21,West Bengal
20170104,0.0,25.82,12.33,West Bengal
20170105,0.0,25.5,11.21,West Bengal
20170106,0.0,25.55,9.94,West Bengal
20170107,0.0,25.36,10.32,West Bengal
20170108,0.0,26.04,10.46,West Bengal
20170109,0.0,25.92,12.37,West Bengal
20170110,0.17,26.0,13.13,West Bengal
20170111,0.04,24.71,12.61,West Bengal
20170112,0.0,23.82,10.49,West Bengal
20170113,0.0,22.76,8.05,West Bengal
20170114,0.0,22.53,6.53,West Bengal
20170115,0.0,22.6,4.95,West Bengal
20170116,0.0,24.26,6.03,West Bengal
20170117,0.0,25.42,8.65,West Bengal
20170118,0.0,26.36,11.33,West Bengal
20170119,0.0,26.28,10.19,West Bengal
20170120,0.0,26.79,10.35,West Bengal
20170121,0.0,26.79,9.75,West Bengal
20170122,0.0,26.86,8.57,West Bengal
20170123,0.0,27.62,9.46,West Bengal
20170124,0.0,27.62,11.02,West Bengal
20170125,0.0,27.68,11.36,West Bengal
20170126,0.0,28.33,11.93,West Bengal
20170127,0.0,28.3,14.43,West Bengal
20170128,0.01,27.97,13.56,West Bengal
20170129,0.0,26.63,10.96,West Bengal
20170130,0.0,27.44,11.34,West Bengal
20170131,0.0,27.27,11.46,West Bengal
20170201,0.0,28.13,11.87,West Bengal
20170202,0.0,27.17,12.07,West Bengal
20170203,0.0,26.0,11.19,West Bengal
20170204,0.0,27.91,10.76,West Bengal
20170205,0.0,29.76,12.56,West Bengal
20170206,0.0,30.4,13.27,West Bengal
20170207,0.0,30.53,13.86,West Bengal
20170208,0.0,30.06,12.64,West Bengal
20170209,0.0,30.37,11.2,West Bengal
20170210,0.0,30.67,12.5,West Bengal
20170211,0.0,30.24,13.38,West Bengal
20170212,0.0,30.7,15.12,West Bengal
20170213,0.0,30.25,15.63,West Bengal
20170214,0.0,31.41,16.19,West Bengal
20170215,0.0,30.95,16.59,West Bengal
20170216,0.0,30.95,14.53,West Bengal
20170217,0.0,30.99,15.13,West Bengal
20170218,0.0,31.31,16.86,West Bengal
20170219,0.0,31.25,17.92,West Bengal
20170220,0.0,32.64,18.58,West Bengal
20170221,0.0,34.59,19.5,West Bengal
20170222,0.0,34.53,19.86,West Bengal
20170223,0.06,34.23,21.04,West Bengal
20170224,0.0,32.48,14.92,West Bengal
20170225,0.0,31.21,13.41,West Bengal
20170226,0.0,32.4,12.72,West Bengal
20170227,0.0,32.71,13.95,West Bengal
20170228,0.0,32.85,14.92,West Bengal
20170301,0.0,33.81,14.4,West Bengal
20170302,0.0,35.64,15.61,West Bengal
20170303,0.0,36.38,18.14,West Bengal
20170304,0.0,35.31,18.95,West Bengal
20170305,0.32,34.59,19.87,West Bengal
20170306,0.34,34.28,19.89,West Bengal
20170307,0.01,34.54,17.53,West Bengal
20170308,3.98,31.73,18.37,West Bengal
20170309,1.48,33.56,18.86,West Bengal
20170310,6.94,34.87,20.73,West Bengal
20170311,22.24,31.62,22.17,West Bengal
20170312,1.26,31.75,20.4,West Bengal
20170313,0.0,31.53,14.03,West Bengal
20170314,0.0,32.13,14.89,West Bengal
20170315,0.0,32.18,14.98,West Bengal
20170316,0.0,32.61,15.62,West Bengal
20170317,0.0,34.57,15.22,West Bengal
20170318,0.01,35.29,19.3,West Bengal
20170319,0.6,35.17,18.16,West Bengal
20170320,5.18,31.03,17.86,West Bengal
20170321,0.0,33.07,17.68,West Bengal
20170322,0.16,34.5,17.13,West Bengal
20170323,0.0,35.87,19.53,West Bengal
20170324,0.0,37.4,20.91,West Bengal
20170325,0.0,37.99,21.53,West Bengal
20170326,0.43,37.89,22.93,West Bengal
20170327,0.06,38.95,22.51,West Bengal
20170328,0.07,39.09,23.69,West Bengal
20170329,0.01,38.6,24.02,West Bengal
20170330,0.01,40.71,24.48,West Bengal
20170331,0.0,40.19,24.2,West Bengal
20170401,0.0,39.58,24.3,West Bengal
20170402,0.0,40.7,24.87,West Bengal
20170403,0.17,40.69,25.67,West Bengal
20170404,0.72,40.44,24.94,West Bengal
20170405,0.16,38.58,24.79,West Bengal
20170406,0.27,38.92,24.87,West Bengal
20170407,0.21,39.79,25.65,West Bengal
20170408,2.2,39.59,25.83,West Bengal
20170409,2.4,40.11,25.67,West Bengal
20170410,0.02,39.68,24.55,West Bengal
20170411,0.0,39.8,22.48,West Bengal
20170412,0.0,39.6,20.19,West Bengal
20170413,0.0,39.44,21.6,West Bengal
20170414,0.0,39.32,22.86,West Bengal
20170415,0.0,38.89,22.58,West Bengal
20170416,0.01,38.02,25.2,West Bengal
20170417,0.0,39.31,24.01,West Bengal
20170418,0.17,39.5,24.24,West Bengal
20170419,2.51,39.16,26.99,West Bengal
20170420,2.3,38.81,26.12,West Bengal
20170421,2.01,39.84,26.34,West Bengal
20170422,2.76,40.85,26.59,West Bengal
20170423,6.53,38.91,26.18,West Bengal
20170424,4.23,40.37,25.98,West Bengal
20170425,1.34,42.35,26.36,West Bengal
20170426,0.0,42.52,25.89,West Bengal
20170427,0.12,41.03,26.65,West Bengal
20170428,1.67,40.89,26.0,West Bengal
20170429,0.06,42.23,26.02,West Bengal
20170430,4.39,41.23,26.5,West Bengal
20170501,32.43,33.8,26.08,West Bengal
20170502,0.36,38.06,25.27,West Bengal
20170503,1.54,39.27,25.04,West Bengal
20170504,0.0,40.93,25.11,West Bengal
20170505,0.12,42.34,26.04,West Bengal
20170506,0.37,42.41,26.9,West Bengal
20170507,0.2,42.29,26.7,West Bengal
20170508,0.25,40.19,27.3,West Bengal
20170509,0.63,37.81,26.99,West Bengal
20170510,5.6,36.95,26.5,West Bengal
20170511,5.57,39.16,26.42,West Bengal
20170512,6.03,39.83,25.86,West Bengal
20170513,6.1,40.34,26.49,West Bengal
20170514,4.15,41.14,26.72,West Bengal
20170515,2.38,40.72,27.72,West Bengal
20170516,5.06,39.52,27.65,West Bengal
20170517,5.28,37.6,27.61,West Bengal
20170518,3.65,37.99,27.19,West Bengal
20170519,1.11,39.91,28.5,West Bengal
20170520,0.89,42.03,27.54,West Bengal
20170521,0.91,42.34,27.92,West Bengal
20170522,0.11,41.85,28.19,West Bengal
20170523,1.93,37.78,27.96,West Bengal
20170524,0.18,38.39,28.11,West Bengal
20170525,0.04,39.87,28.25,West Bengal
20170526,12.02,40.46,28.03,West Bengal
20170527,15.23,36.72,27.13,West Bengal
20170528,2.28,36.97,27.71,West Bengal
20170529,4.29,35.99,27.82,West Bengal
20170530,4.2,36.56,26.59,West Bengal
20170531,3.65,38.59,28.41,West Bengal
20170601,12.1,35.91,28.67,West Bengal
20170602,13.43,35.67,28.26,West Bengal
20170603,5.0,39.15,27.9,West Bengal
20170604,0.41,41.07,28.79,West Bengal
20170605,0.42,39.3,29.2,West Bengal
20170606,4.19,37.68,27.95,West Bengal
20170607,1.93,38.12,27.47,West Bengal
20170608,0.33,37.76,28.11,West Bengal
20170609,1.79,36.71,27.76,West Bengal
20170610,1.32,33.04,26.28,West Bengal
20170611,2.56,34.76,27.26,West Bengal
20170612,9.06,31.97,27.17,West Bengal
20170613,0.6,36.25,27.94,West Bengal
20170614,0.52,36.3,27.99,West Bengal
20170615,1.58,35.42,27.2,West Bengal
20170616,15.95,33.13,27.46,West Bengal
20170617,8.52,36.24,26.66,West Bengal
20170618,3.11,37.4,27.25,West Bengal
20170619,15.03,33.81,27.73,West Bengal
20170620,55.76,29.73,26.83,West Bengal
20170621,4.2,30.92,26.32,West Bengal
20170622,3.22,32.21,25.95,West Bengal
20170623,18.73,31.12,26.5,West Bengal
20170624,12.53,32.45,26.0,West Bengal
20170625,3.67,32.87,25.76,West Bengal
20170626,4.91,33.43,26.16,West Bengal
20170627,6.51,31.36,26.35,West Bengal
20170628,5.6,32.01,26.53,West Bengal
20170629,3.29,32.68,26.66,West Bengal
20170630,5.81,33.25,26.69,West Bengal
20170701,15.54,32.43,27.2,West Bengal
20170702,10.77,32.34,27.11,West Bengal
20170703,27.76,31.64,26.39,West Bengal
20170704,10.92,32.31,26.39,West Bengal
20170705,4.85,33.13,26.78,West Bengal
20170706,12.43,33.68,26.58,West Bengal
20170707,11.53,33.45,26.72,West Bengal
20170708,17.01,31.5,26.68,West Bengal
20170709,6.78,32.8,26.54,West Bengal
20170710,16.53,31.29,26.89,West Bengal
20170711,29.88,31.65,26.46,West Bengal
20170712,30.87,29.83,25.92,West Bengal
20170713,8.56,30.16,25.27,West Bengal
20170714,3.77,31.98,25.43,West Bengal
20170715,1.68,32.34,25.59,West Bengal
20170716,1.88,30.81,26.01,West Bengal
20170717,1.18,32.69,25.88,West Bengal
20170718,3.18,31.83,26.25,West Bengal
20170719,17.95,31.49,26.38,West Bengal
20170720,77.19,30.55,26.14,West Bengal
20170721,83.82,30.91,26.06,West Bengal
20170722,39.53,29.46,26.94,West Bengal
20170723,44.23,29.01,26.0,West Bengal
20170724,91.25,28.41,26.4,West Bengal
20170725,33.86,30.18,25.75,West Bengal
20170726,19.73,29.63,26.01,West Bengal
20170727,4.2,31.21,25.44,West Bengal
20170728,4.92,30.83,25.98,West Bengal
20170729,2.14,31.58,25.68,West Bengal
20170730,5.21,30.6,26.14,West Bengal
20170731,11.04,32.53,25.54,West Bengal
20170801,6.29,31.42,26.3,West Bengal
20170802,7.73,31.49,26.93,West Bengal
20170803,11.31,30.83,26.8,West Bengal
20170804,23.63,31.47,26.11,West Bengal
20170805,11.15,30.7,26.71,West Bengal
20170806,6.26,30.37,26.4,West Bengal
20170807,5.37,31.73,25.97,West Bengal
20170808,3.96,32.42,26.13,West Bengal
20170809,2.69,31.19,26.5,West Bengal
20170810,10.98,31.31,26.59,West Bengal
20170811,26.95,29.69,26.19,West Bengal
20170812,12.35,30.26,26.58,West Bengal
20170813,14.56,30.31,25.84,West Bengal
20170814,19.13,30.38,25.9,West Bengal
20170815,20.91,30.39,25.88,West Bengal
20170816,11.81,31.54,26.43,West Bengal
20170817,5.91,30.96,25.8,West Bengal
20170818,3.35,31.69,25.05,West Bengal
20170819,9.46,31.08,25.5,West Bengal
20170820,14.66,30.69,25.35,West Bengal
20170821,7.74,31.76,25.16,West Bengal
20170822,2.78,31.2,25.23,West Bengal
20170823,11.27,32.37,25.33,West Bengal
20170824,3.52,31.32,25.5,West Bengal
20170825,2.17,31.87,25.56,West Bengal
20170826,1.64,30.56,25.93,West Bengal
20170827,14.0,29.89,26.06,West Bengal
20170828,17.46,29.29,26.11,West Bengal
20170829,11.57,30.67,25.89,West Bengal
20170830,1.82,31.11,25.29,West Bengal
20170831,3.41,29.68,26.08,West Bengal
20170901,17.58,29.52,26.31,West Bengal
20170902,28.71,29.75,25.66,West Bengal
20170903,8.47,31.8,25.46,West Bengal
20170904,1.28,32.04,25.01,West Bengal
20170905,1.24,31.97,26.0,West Bengal
20170906,3.03,31.04,25.74,West Bengal
20170907,1.79,31.37,25.62,West Bengal
20170908,2.07,31.81,25.35,West Bengal
20170909,3.64,28.57,26.0,West Bengal
20170910,0.81,29.85,26.07,West Bengal
20170911,14.13,29.11,25.6,West Bengal
20170912,5.01,30.69,25.41,West Bengal
20170913,4.83,30.68,25.63,West Bengal
20170914,9.81,31.22,25.12,West Bengal
20170915,2.79,32.24,25.51,West Bengal
20170916,0.1,33.14,25.22,West Bengal
20170917,11.02,33.9,26.19,West Bengal
20170918,21.77,30.06,25.67,West Bengal
20170919,9.59,30.88,25.24,West Bengal
20170920,18.8,29.71,26.03,West Bengal
20170921,2.02,30.72,25.64,West Bengal
20170922,0.72,31.42,25.45,West Bengal
20170923,0.61,30.73,25.36,West Bengal
20170924,1.18,32.0,25.8,West Bengal
20170925,2.14,32.3,25.82,West Bengal
20170926,1.59,32.03,26.48,West Bengal
20170927,5.08,30.64,25.16,West Bengal
20170928,10.62,31.33,24.87,West Bengal
20170929,15.15,29.08,25.09,West Bengal
20170930,9.79,29.68,25.03,West Bengal
20171001,13.22,29.34,25.04,West Bengal
20171002,5.13,29.49,25.18,West Bengal
20171003,2.09,30.27,24.65,West Bengal
20171004,0.59,31.88,24.56,West Bengal
20171005,1.09,31.84,25.28,West Bengal
20171006,1.79,31.41,25.38,West Bengal
20171007,5.32,30.6,24.92,West Bengal
20171008,15.69,29.72,25.26,West Bengal
20171009,65.79,28.25,24.76,West Bengal
20171010,31.98,29.43,25.53,West Bengal
20171011,2.63,31.13,24.98,West Bengal
20171012,0.29,31.36,24.95,West Bengal
20171013,4.2,30.16,25.35,West Bengal
20171014,3.42,30.89,25.3,West Bengal
20171015,0.07,33.0,23.99,West Bengal
20171016,0.11,32.65,23.0,West Bengal
20171017,0.13,31.04,21.96,West Bengal
20171018,4.39,28.38,23.29,West Bengal
20171019,16.64,28.31,25.08,West Bengal
20171020,60.2,28.37,25.4,West Bengal
20171021,41.78,29.31,24.15,West Bengal
20171022,0.06,29.75,22.3,West Bengal
20171023,0.01,29.68,19.87,West Bengal
20171024,1.04,30.25,20.79,West Bengal
20171025,4.03,30.81,22.33,West Bengal
20171026,0.04,30.22,21.62,West Bengal
20171027,0.0,29.61,20.51,West Bengal
20171028,0.0,29.12,19.64,West Bengal
20171029,0.03,29.29,20.43,West Bengal
20171030,0.85,28.11,20.59,West Bengal
20171031,0.14,27.49,19.81,West Bengal
20171101,0.0,26.96,18.62,West Bengal
20171102,0.0,27.73,18.71,West Bengal
20171103,0.0,27.99,17.49,West Bengal
20171104,0.0,29.15,18.12,West Bengal
20171105,0.0,29.46,19.86,West Bengal
20171106,0.0,29.32,19.71,West Bengal
20171107,0.0,28.78,18.58,West Bengal
20171108,0.0,28.68,18.55,West Bengal
20171109,0.0,28.25,18.12,West Bengal
20171110,0.0,28.31,17.49,West Bengal
20171111,0.0,28.27,17.41,West Bengal
20171112,0.0,28.65,17.27,West Bengal
20171113,0.0,27.23,17.58,West Bengal
20171114,0.18,25.88,17.26,West Bengal
20171115,15.6,23.39,19.05,West Bengal
20171116,6.26,24.54,18.93,West Bengal
20171117,2.42,25.92,19.37,West Bengal
20171118,3.25,28.78,20.87,West Bengal
20171119,0.01,28.49,20.84,West Bengal
20171120,0.0,28.53,18.13,West Bengal
20171121,0.0,26.64,15.76,West Bengal
20171122,0.0,26.56,11.39,West Bengal
20171123,0.0,25.0,11.47,West Bengal
20171124,0.0,24.32,10.57,West Bengal
20171125,0.0,25.09,10.82,West Bengal
20171126,0.0,24.57,10.77,West Bengal
20171127,0.0,24.56,11.36,West Bengal
20171128,0.0,25.32,10.88,West Bengal
20171129,0.0,23.97,11.42,West Bengal
20171130,0.0,24.08,11.49,West Bengal
20171201,0.0,24.02,10.62,West Bengal
20171202,0.0,25.19,11.83,West Bengal
20171203,0.0,24.4,12.47,West Bengal
20171204,0.0,24.3,11.74,West Bengal
20171205,0.0,24.88,11.79,West Bengal
20171206,0.0,23.55,11.19,West Bengal
20171207,0.0,25.17,12.89,West Bengal
20171208,2.19,23.39,16.34,West Bengal
20171209,12.04,24.25,18.29,West Bengal
20171210,10.6,27.63,19.55,West Bengal
20171211,0.56,26.31,19.71,West Bengal
20171212,0.02,26.95,16.93,West Bengal
20171213,0.0,27.11,15.75,West Bengal
20171214,0.0,26.68,14.0,West Bengal
20171215,0.0,25.44,13.74,West Bengal
20171216,0.0,24.59,12.07,West Bengal
20171217,0.0,23.09,10.95,West Bengal
20171218,0.0,21.97,8.72,West Bengal
20171219,0.0,22.34,10.13,West Bengal
20171220,0.0,23.7,11.79,West Bengal
20171221,0.0,24.1,12.87,West Bengal
20171222,0.0,24.13,13.84,West Bengal
20171223,0.0,24.33,13.85,West Bengal
20171224,0.0,23.7,11.01,West Bengal
20171225,0.0,23.23,9.93,West Bengal
20171226,0.0,23.08,9.09,West Bengal
20171227,0.0,23.67,8.55,West Bengal
20171228,0.0,22.99,8.23,West Bengal
20171229,0.0,22.66,9.24,West Bengal
20171230,0.0,23.29,9.78,West Bengal
20171231,0.0,24.25,10.76,West Bengal
20180101,0.0,23.29,10.66,West Bengal
20180102,0.0,22.8,11.69,West Bengal
20180103,0.0,22.81,8.1,West Bengal
20180104,0.0,20.27,6.82,West Bengal
20180105,0.0,20.37,5.71,West Bengal
20180106,0.0,21.44,5.85,West Bengal
20180107,0.0,21.17,6.04,West Bengal
20180108,0.0,20.28,6.52,West Bengal
20180109,0.0,20.05,5.42,West Bengal
20180110,0.0,20.57,5.08,West Bengal
20180111,0.0,19.82,5.74,West Bengal
20180112,0.0,20.89,8.51,West Bengal
20180113,0.0,20.57,8.39,West Bengal
20180114,0.0,21.18,8.67,West Bengal
20180115,0.0,21.91,6.14,West Bengal
20180116,0.0,22.59,7.02,West Bengal
20180117,0.0,22.41,7.67,West Bengal
20180118,0.0,22.91,6.6,West Bengal
20180119,0.0,22.35,5.85,West Bengal
20180120,0.0,23.45,7.48,West Bengal
20180121,0.0,23.59,9.16,West Bengal
20180122,0.0,23.06,7.36,West Bengal
20180123,0.0,23.39,7.84,West Bengal
20180124,0.0,24.88,10.2,West Bengal
20180125,0.0,25.09,10.54,West Bengal
20180126,0.0,23.78,9.68,West Bengal
20180127,0.0,23.03,8.86,West Bengal
20180128,0.0,23.17,8.12,West Bengal
20180129,0.0,23.19,7.89,West Bengal
20180130,0.0,24.24,7.69,West Bengal
20180131,0.0,24.96,9.55,West Bengal
20180201,0.0,24.4,11.01,West Bengal
20180202,0.0,25.47,10.88,West Bengal
20180203,0.0,26.13,12.29,West Bengal
20180204,0.0,27.91,12.53,West Bengal
20180205,0.0,27.34,14.91,West Bengal
20180206,0.0,26.32,13.8,West Bengal
20180207,0.0,27.8,14.2,West Bengal
20180208,0.0,27.02,15.11,West Bengal
20180209,0.01,27.96,13.38,West Bengal
20180210,0.01,26.28,14.82,West Bengal
20180211,0.05,22.82,13.27,West Bengal
20180212,0.0,27.56,10.91,West Bengal
20180213,0.0,27.72,11.2,West Bengal
20180214,0.0,27.46,14.02,West Bengal
20180215,0.0,27.19,11.3,West Bengal
20180216,0.0,27.18,11.15,West Bengal
20180217,0.0,28.01,11.65,West Bengal
20180218,0.0,28.76,13.13,West Bengal
20180219,0.0,29.09,13.7,West Bengal
20180220,0.0,29.83,16.43,West Bengal
20180221,0.0,30.07,16.27,West Bengal
20180222,0.0,29.72,14.59,West Bengal
20180223,0.0,32.03,14.84,West Bengal
20180224,0.0,33.3,16.84,West Bengal
20180225,0.0,33.31,16.99,West Bengal
20180226,1.69,32.71,17.07,West Bengal
20180227,0.01,31.63,16.86,West Bengal
20180228,0.0,31.2,17.26,West Bengal
20180301,0.0,32.25,16.28,West Bengal
20180302,0.0,32.93,16.63,West Bengal
20180303,0.0,34.86,18.44,West Bengal
20180304,0.0,35.29,17.33,West Bengal
20180305,0.0,35.64,17.49,West Bengal
20180306,0.03,33.48,18.04,West Bengal
20180307,0.01,33.71,16.51,West Bengal
20180308,0.0,33.15,14.76,West Bengal
20180309,0.0,33.62,15.43,West Bengal
20180310,0.0,34.1,15.22,West Bengal
20180311,0.0,34.76,15.64,West Bengal
20180312,0.02,35.1,16.92,West Bengal
20180313,0.28,36.02,19.52,West Bengal
20180314,0.0,35.69,16.72,West Bengal
20180315,0.0,36.45,17.57,West Bengal
20180316,0.08,34.85,21.15,West Bengal
20180317,0.48,35.78,21.6,West Bengal
20180318,0.14,35.73,20.94,West Bengal
20180319,0.08,36.29,17.94,West Bengal
20180320,0.0,36.04,16.28,West Bengal
20180321,0.0,36.48,18.34,West Bengal
20180322,0.0,36.82,19.84,West Bengal
20180323,0.09,37.41,22.26,West Bengal
20180324,0.72,37.0,22.38,West Bengal
20180325,0.73,36.67,22.42,West Bengal
20180326,3.59,36.1,22.2,West Bengal
20180327,0.0,37.47,21.42,West Bengal
20180328,0.0,37.76,21.76,West Bengal
20180329,0.0,37.3,22.05,West Bengal
20180330,0.01,38.52,23.5,West Bengal
20180331,0.64,36.89,22.95,West Bengal
20180401,3.36,34.84,22.46,West Bengal
20180402,8.8,31.71,21.85,West Bengal
20180403,0.03,36.0,19.59,West Bengal
20180404,0.08,36.28,21.16,West Bengal
20180405,0.31,35.27,23.08,West Bengal
20180406,0.74,35.9,23.16,West Bengal
20180407,13.22,29.69,24.16,West Bengal
20180408,5.85,32.13,22.91,West Bengal
20180409,10.91,33.5,22.39,West Bengal
20180410,10.96,34.37,22.98,West Bengal
20180411,3.17,35.92,22.41,West Bengal
20180412,8.75,36.21,22.97,West Bengal
20180413,7.55,36.14,22.57,West Bengal
20180414,2.78,38.13,23.97,West Bengal
20180415,0.72,38.24,23.55,West Bengal
20180416,0.04,39.25,21.73,West Bengal
20180417,0.74,39.69,24.93,West Bengal
20180418,5.61,38.26,24.28,West Bengal
20180419,0.38,39.24,25.31,West Bengal
20180420,0.29,39.8,25.03,West Bengal
20180421,3.48,39.82,26.1,West Bengal
20180422,4.16,38.58,25.64,West Bengal
20180423,0.83,38.99,25.35,West Bengal
20180424,0.2,39.47,23.77,West Bengal
20180425,0.03,39.24,23.71,West Bengal
20180426,3.99,38.37,24.54,West Bengal
20180427,12.74,35.45,24.75,West Bengal
20180428,1.42,37.9,23.64,West Bengal
20180429,0.72,37.85,24.3,West Bengal
20180430,12.7,36.62,25.29,West Bengal
20180501,2.55,35.11,24.74,West Bengal
20180502,1.92,35.88,24.12,West Bengal
20180503,1.15,35.13,24.21,West Bengal
20180504,1.0,36.41,24.44,West Bengal
20180505,3.05,38.75,25.27,West Bengal
20180506,0.37,39.96,26.14,West Bengal
20180507,0.45,41.18,26.27,West Bengal
20180508,1.08,41.99,26.64,West Bengal
20180509,1.06,41.6,27.07,West Bengal
20180510,1.95,39.56,26.67,West Bengal
20180511,3.08,39.45,25.82,West Bengal
20180512,1.24,38.55,25.66,West Bengal
20180513,7.0,36.36,26.04,West Bengal
20180514,5.1,34.21,25.85,West Bengal
20180515,0.51,37.66,24.7,West Bengal
20180516,8.03,35.29,25.26,West Bengal
20180517,4.74,36.85,24.59,West Bengal
20180518,2.86,38.97,25.44,West Bengal
20180519,4.0,39.2,26.09,West Bengal
20180520,0.38,38.91,26.31,West Bengal
20180521,0.03,40.15,25.93,West Bengal
20180522,10.92,37.41,26.93,West Bengal
20180523,6.72,32.98,26.7,West Bengal
20180524,0.21,34.2,26.69,West Bengal
20180525,1.22,36.18,27.17,West Bengal
20180526,0.24,38.34,26.86,West Bengal
20180527,0.17,37.19,27.1,West Bengal
20180528,0.06,38.5,26.82,West Bengal
20180529,0.26,38.8,26.83,West Bengal
20180530,0.39,39.7,26.61,West Bengal
20180531,1.39,38.13,27.65,West Bengal
20180601,17.61,32.72,26.74,West Bengal
20180602,24.98,32.68,26.32,West Bengal
20180603,0.78,33.9,26.55,West Bengal
20180604,2.22,34.43,27.05,West Bengal
20180605,3.25,34.0,26.38,West Bengal
20180606,3.44,34.18,26.51,West Bengal
20180607,5.92,36.71,26.63,West Bengal
20180608,7.88,33.4,27.32,West Bengal
20180609,12.37,33.13,27.16,West Bengal
20180610,3.64,32.02,26.87,West Bengal
20180611,7.46,36.32,27.35,West Bengal
20180612,27.21,34.26,27.38,West Bengal
20180613,2.56,37.11,26.69,West Bengal
20180614,1.18,37.34,27.15,West Bengal
20180615,0.05,40.36,27.3,West Bengal
20180616,0.15,39.99,27.14,West Bengal
20180617,1.5,37.33,27.98,West Bengal
20180618,0.64,39.04,27.18,West Bengal
20180619,0.63,36.86,28.1,West Bengal
20180620,3.17,33.4,28.48,West Bengal
20180621,5.48,33.2,27.22,West Bengal
20180622,0.46,33.91,26.42,West Bengal
20180623,3.19,32.7,27.01,West Bengal
20180624,11.96,32.27,26.61,West Bengal
20180625,25.47,31.12,26.93,West Bengal
20180626,22.41,30.16,26.08,West Bengal
20180627,18.64,31.7,25.48,West Bengal
20180628,4.54,31.13,25.27,West Bengal
20180629,3.14,33.0,25.72,West Bengal
20180630,0.06,34.05,25.98,West Bengal
20180701,4.98,33.11,26.57,West Bengal
20180702,2.5,32.8,26.56,West Bengal
20180703,21.75,31.64,26.32,West Bengal
20180704,19.43,30.16,26.3,West Bengal
20180705,2.41,33.64,25.22,West Bengal
20180706,11.33,34.37,26.37,West Bengal
20180707,3.34,34.15,26.87,West Bengal
20180708,3.22,32.5,26.49,West Bengal
20180709,15.29,33.44,26.56,West Bengal
20180710,15.99,33.35,26.87,West Bengal
20180711,1.01,32.92,26.7,West Bengal
20180712,6.38,31.88,26.8,West Bengal
20180713,3.56,31.79,26.89,West Bengal
20180714,4.99,31.98,26.42,West Bengal
20180715,9.65,32.7,26.41,West Bengal
20180716,8.85,33.54,26.41,West Bengal
20180717,10.1,33.54,26.88,West Bengal
20180718,3.3,33.62,26.64,West Bengal
20180719,3.9,34.56,27.31,West Bengal
20180720,8.36,33.48,27.72,West Bengal
20180721,12.54,32.78,26.62,West Bengal
20180722,30.81,32.51,26.98,West Bengal
20180723,16.15,32.7,26.81,West Bengal
20180724,7.22,31.93,26.42,West Bengal
20180725,19.58,31.27,26.38,West Bengal
20180726,26.81,29.74,26.26,West Bengal
20180727,21.89,29.52,25.87,West Bengal
20180728,16.33,31.93,25.62,West Bengal
20180729,7.27,32.07,26.33,West Bengal
20180730,12.05,31.47,26.4,West Bengal
20180731,17.52,31.57,26.21,West Bengal
20180801,22.38,30.43,25.86,West Bengal
20180802,0.83,30.47,25.48,West Bengal
20180803,4.3,31.41,25.84,West Bengal
20180804,4.05,32.62,25.23,West Bengal
20180805,24.05,31.72,26.45,West Bengal
20180806,24.99,30.38,26.4,West Bengal
20180807,12.14,30.69,26.31,West Bengal
20180808,5.68,31.43,25.76,West Bengal
20180809,2.31,32.29,25.41,West Bengal
20180810,0.52,32.87,25.49,West Bengal
20180811,2.92,31.49,26.32,West Bengal
20180812,3.08,32.11,26.1,West Bengal
20180813,3.5,32.49,26.16,West Bengal
20180814,4.87,31.74,26.42,West Bengal
20180815,5.59,31.18,26.88,West Bengal
20180816,4.42,32.29,26.17,West Bengal
20180817,6.35,31.37,25.67,West Bengal
20180818,0.45,32.27,26.24,West Bengal
20180819,22.09,32.1,26.13,West Bengal
20180820,13.14,32.14,25.87,West Bengal
20180821,6.32,32.17,25.71,West Bengal
20180822,34.82,32.02,26.54,West Bengal
20180823,3.97,30.6,26.28,West Bengal
20180824,4.23,30.62,26.31,West Bengal
20180825,8.34,32.43,26.13,West Bengal
20180826,8.14,31.7,25.77,West Bengal
20180827,5.3,30.96,26.23,West Bengal
20180828,13.22,31.41,26.38,West Bengal
20180829,3.27,32.11,25.57,West Bengal
20180830,2.8,31.93,25.78,West Bengal
20180831,7.06,32.38,26.29,West Bengal
20180901,6.34,30.56,26.12,West Bengal
20180902,19.98,30.12,25.51,West Bengal
20180903,3.71,30.74,25.72,West Bengal
20180904,4.23,30.21,25.76,West Bengal
20180905,14.78,31.13,25.05,West Bengal
20180906,14.85,30.99,25.24,West Bengal
20180907,8.3,31.53,25.02,West Bengal
20180908,0.76,32.1,24.96,West Bengal
20180909,0.48,31.38,24.61,West Bengal
20180910,3.96,31.62,25.64,West Bengal
20180911,9.64,30.39,25.82,West Bengal
20180912,1.27,31.07,24.92,West Bengal
20180913,6.78,31.85,25.4,West Bengal
20180914,2.67,32.1,25.93,West Bengal
20180915,5.65,31.93,25.68,West Bengal
20180916,2.42,30.62,25.7,West Bengal
20180917,0.03,32.66,25.23,West Bengal
20180918,0.0,31.91,24.61,West Bengal
20180919,0.89,31.86,25.29,West Bengal
20180920,46.43,29.62,25.78,West Bengal
20180921,10.45,29.14,24.86,West Bengal
20180922,4.7,28.96,24.63,West Bengal
20180923,0.03,31.53,23.27,West Bengal
20180924,0.0,31.94,24.6,West Bengal
20180925,0.15,30.82,25.64,West Bengal
20180926,5.08,30.42,25.9,West Bengal
20180927,1.78,31.25,25.42,West Bengal
20180928,1.73,32.02,24.8,West Bengal
20180929,0.42,32.46,25.04,West Bengal
20180930,0.05,32.62,23.8,West Bengal
20181001,0.0,32.92,22.76,West Bengal
20181002,0.0,32.56,23.04,West Bengal
20181003,0.0,32.56,22.8,West Bengal
20181004,0.0,32.32,22.6,West Bengal
20181005,0.01,31.87,22.84,West Bengal
20181006,0.0,32.07,23.85,West Bengal
20181007,0.0,31.99,22.43,West Bengal
20181008,0.0,31.96,22.56,West Bengal
20181009,0.0,31.59,23.16,West Bengal
20181010,5.19,29.2,22.43,West Bengal
20181011,11.48,27.26,23.55,West Bengal
20181012,14.96,27.68,23.09,West Bengal
20181013,5.76,27.26,22.67,West Bengal
20181014,0.46,29.79,20.89,West Bengal
20181015,0.03,30.56,20.32,West Bengal
20181016,0.0,29.87,19.64,West Bengal
20181017,0.0,29.94,19.78,West Bengal
20181018,0.0,30.92,19.25,West Bengal
20181019,0.0,31.51,21.57,West Bengal
20181020,0.0,31.24,20.98,West Bengal
20181021,0.0,31.01,20.49,West Bengal
20181022,0.0,30.62,19.72,West Bengal
20181023,0.0,30.67,19.6,West Bengal
20181024,0.76,29.77,20.69,West Bengal
20181025,0.0,29.78,16.23,West Bengal
20181026,0.0,29.39,17.25,West Bengal
20181027,0.0,29.26,18.4,West Bengal
20181028,0.04,29.02,19.64,West Bengal
20181029,1.92,27.31,20.72,West Bengal
20181030,0.7,26.48,20.1,West Bengal
20181031,0.51,28.25,21.18,West Bengal
20181101,0.0,29.6,21.55,West Bengal
20181102,0.18,30.25,20.63,West Bengal
20181103,0.01,30.26,19.91,West Bengal
20181104,0.0,30.04,20.33,West Bengal
20181105,0.0,30.71,20.82,West Bengal
20181106,0.04,30.37,20.83,West Bengal
20181107,1.79,29.48,22.74,West Bengal
20181108,0.0,28.97,19.11,West Bengal
20181109,0.0,27.81,16.3,West Bengal
20181110,0.0,27.8,14.98,West Bengal
20181111,0.0,28.43,16.67,West Bengal
20181112,0.0,28.21,16.09,West Bengal
20181113,0.0,28.19,15.79,West Bengal
20181114,0.0,28.68,16.13,West Bengal
20181115,0.0,29.32,16.23,West Bengal
20181116,0.0,29.33,16.63,West Bengal
20181117,0.0,28.25,16.56,West Bengal
20181118,0.0,27.99,16.29,West Bengal
20181119,0.0,27.54,14.74,West Bengal
20181120,0.0,27.86,15.62,West Bengal
20181121,0.0,27.95,14.83,West Bengal
20181122,0.0,27.44,15.38,West Bengal
20181123,0.0,26.89,15.47,West Bengal
20181124,0.0,26.97,13.41,West Bengal
20181125,0.0,27.24,14.82,West Bengal
20181126,0.0,27.43,14.57,West Bengal
20181127,0.0,27.41,15.23,West Bengal
20181128,0.0,27.37,15.87,West Bengal
20181129,0.0,27.75,15.47,West Bengal
20181130,0.0,26.84,14.97,West Bengal
20181201,0.0,27.07,15.25,West Bengal
20181202,0.0,27.28,14.86,West Bengal
20181203,0.0,26.65,14.28,West Bengal
20181204,0.0,26.49,13.21,West Bengal
20181205,0.0,25.62,12.23,West Bengal
20181206,0.0,26.4,13.96,West Bengal
20181207,0.0,26.21,11.99,West Bengal
20181208,0.0,25.68,10.87,West Bengal
20181209,0.0,25.15,9.55,West Bengal
20181210,0.0,26.66,10.64,West Bengal
20181211,0.0,27.02,11.79,West Bengal
20181212,0.0,26.99,12.77,West Bengal
20181213,0.0,27.52,13.59,West Bengal
20181214,0.0,27.14,15.8,West Bengal
20181215,0.0,26.27,12.24,West Bengal
20181216,0.26,25.61,13.13,West Bengal
20181217,11.54,20.64,15.54,West Bengal
20181218,12.82,22.29,15.39,West Bengal
20181219,0.05,23.81,11.94,West Bengal
20181220,0.0,23.1,10.65,West Bengal
20181221,0.0,23.25,9.45,West Bengal
20181222,0.0,23.47,9.03,West Bengal
20181223,0.0,23.59,8.32,West Bengal
20181224,0.0,24.4,8.36,West Bengal
20181225,0.0,23.86,7.55,West Bengal
20181226,0.0,23.29,7.79,West Bengal
20181227,0.0,22.62,6.98,West Bengal
20181228,0.0,23.17,6.97,West Bengal
20181229,0.0,22.17,5.64,West Bengal
20181230,0.0,22.83,6.23,West Bengal
20181231,0.0,24.18,6.94,West Bengal
20190101,0.0,24.67,7.86,West Bengal
20190102,0.0,25.03,8.29,West Bengal
20190103,0.0,24.65,8.5,West Bengal
20190104,0.0,24.33,7.64,West Bengal
20190105,0.0,24.9,8.45,West Bengal
20190106,0.0,26.52,9.81,West Bengal
20190107,0.0,27.02,10.03,West Bengal
20190108,0.0,26.25,11.35,West Bengal
20190109,0.0,25.88,11.42,West Bengal
20190110,0.0,24.96,10.19,West Bengal
20190111,0.0,24.38,9.07,West Bengal
20190112,0.0,25.27,8.9,West Bengal
20190113,0.0,26.33,9.44,West Bengal
20190114,0.0,26.06,10.78,West Bengal
20190115,0.0,25.47,11.2,West Bengal
20190116,0.0,24.94,7.83,West Bengal
20190117,0.0,25.54,8.07,West Bengal
20190118,0.0,25.85,8.74,West Bengal
20190119,0.0,26.09,8.62,West Bengal
20190120,0.0,25.86,9.72,West Bengal
20190121,0.0,27.07,10.59,West Bengal
20190122,0.0,28.36,11.57,West Bengal
20190123,0.0,29.6,13.06,West Bengal
20190124,0.0,30.2,13.15,West Bengal
20190125,0.0,29.21,13.55,West Bengal
20190126,0.0,29.93,13.9,West Bengal
20190127,0.0,27.6,14.5,West Bengal
20190128,0.0,28.01,15.67,West Bengal
20190129,0.0,26.09,12.62,West Bengal
20190130,0.0,25.35,7.36,West Bengal
20190131,0.0,26.78,8.9,West Bengal
20190201,0.0,28.5,10.54,West Bengal
20190202,0.0,28.88,10.53,West Bengal
20190203,0.0,29.47,11.49,West Bengal
20190204,0.0,29.11,12.31,West Bengal
20190205,0.0,29.48,11.63,West Bengal
20190206,0.0,29.38,12.35,West Bengal
20190207,0.0,30.85,14.18,West Bengal
20190208,0.0,30.9,15.63,West Bengal
20190209,1.13,28.79,17.89,West Bengal
20190210,0.01,27.13,11.34,West Bengal
20190211,0.0,27.55,9.84,West Bengal
20190212,0.0,28.94,11.16,West Bengal
20190213,0.0,29.68,12.27,West Bengal
20190214,0.0,31.95,13.18,West Bengal
20190215,0.0,32.75,14.57,West Bengal
20190216,1.51,28.75,16.3,West Bengal
20190217,0.01,29.33,17.22,West Bengal
20190218,0.0,29.5,12.27,West Bengal
20190219,0.0,32.68,15.22,West Bengal
20190220,0.0,33.95,16.25,West Bengal
20190221,0.0,34.06,17.97,West Bengal
20190222,0.0,35.17,17.22,West Bengal
20190223,0.07,35.43,20.33,West Bengal
20190224,0.19,34.32,18.49,West Bengal
20190225,20.25,30.56,20.16,West Bengal
20190226,35.02,30.12,19.58,West Bengal
20190227,25.98,28.54,20.06,West Bengal
20190228,12.33,28.07,18.93,West Bengal
20190301,0.0,26.73,13.36,West Bengal
20190302,0.0,28.18,12.7,West Bengal
20190303,0.0,28.9,13.11,West Bengal
20190304,6.59,28.62,17.23,West Bengal
20190305,9.43,28.99,21.41,West Bengal
20190306,0.06,30.26,19.14,West Bengal
20190307,0.0,29.68,16.93,West Bengal
20190308,0.0,30.02,15.21,West Bengal
20190309,0.0,31.19,14.24,West Bengal
20190310,0.01,32.08,16.69,West Bengal
20190311,0.4,33.45,20.04,West Bengal
20190312,0.0,35.08,19.26,West Bengal
20190313,0.0,36.32,21.22,West Bengal
20190314,0.05,35.83,20.52,West Bengal
20190315,2.89,33.08,21.51,West Bengal
20190316,0.19,35.16,20.93,West Bengal
20190317,1.35,35.78,20.7,West Bengal
20190318,6.57,32.25,20.74,West Bengal
20190319,0.02,33.11,21.2,West Bengal
20190320,0.0,34.57,19.96,West Bengal
20190321,0.01,36.1,20.5,West Bengal
20190322,4.42,36.86,22.98,West Bengal
20190323,1.14,36.06,20.1,West Bengal
20190324,0.0,35.98,17.51,West Bengal
20190325,0.0,36.92,17.26,West Bengal
20190326,0.74,36.69,19.79,West Bengal
20190327,4.52,33.53,20.07,West Bengal
20190328,0.0,35.55,20.32,West Bengal
20190329,0.0,36.0,20.81,West Bengal
20190330,0.0,37.1,22.62,West Bengal
20190331,0.76,38.42,22.79,West Bengal
20190401,2.42,37.4,24.73,West Bengal
20190402,0.47,38.43,23.73,West Bengal
20190403,0.0,38.32,20.24,West Bengal
20190404,0.0,38.52,23.07,West Bengal
20190405,0.66,38.87,23.42,West Bengal
20190406,9.59,38.6,24.2,West Bengal
20190407,3.44,36.1,24.02,West Bengal
20190408,0.61,37.14,23.68,West Bengal
20190409,2.66,38.48,23.84,West Bengal
20190410,6.18,37.22,24.09,West Bengal
20190411,0.07,37.81,24.1,West Bengal
20190412,0.05,39.03,24.38,West Bengal
20190413,0.26,40.12,24.87,West Bengal
20190414,0.18,41.09,24.51,West Bengal
20190415,0.0,42.19,25.36,West Bengal
20190416,0.94,40.71,25.61,West Bengal
20190417,2.0,40.2,25.47,West Bengal
20190418,0.0,38.64,23.09,West Bengal
20190419,0.23,38.27,24.62,West Bengal
20190420,0.03,38.63,25.84,West Bengal
20190421,0.93,39.83,25.96,West Bengal
20190422,4.96,38.07,24.33,West Bengal
20190423,0.3,38.5,23.92,West Bengal
20190424,0.08,39.77,24.92,West Bengal
20190425,0.01,40.84,24.85,West Bengal
20190426,2.06,41.28,25.64,West Bengal
20190427,1.8,42.16,26.42,West Bengal
20190428,0.0,44.05,26.95,West Bengal
20190429,0.0,43.75,26.41,West Bengal
20190430,0.72,42.36,26.51,West Bengal
20190501,0.56,39.59,26.92,West Bengal
20190502,0.11,39.1,26.86,West Bengal
20190503,36.56,32.76,26.44,West Bengal
20190504,29.39,34.39,25.58,West Bengal
20190505,0.0,38.67,24.64,West Bengal
20190506,0.0,40.8,25.62,West Bengal
20190507,0.09,41.94,24.94,West Bengal
20190508,9.76,41.38,23.27,West Bengal
20190509,0.0,42.62,24.76,West Bengal
20190510,0.0,42.63,25.59,West Bengal
20190511,0.0,41.62,26.79,West Bengal
20190512,0.0,40.88,27.75,West Bengal
20190513,2.44,41.5,28.1,West Bengal
20190514,12.94,39.5,26.8,West Bengal
20190515,2.53,40.4,26.83,West Bengal
20190516,0.71,40.41,26.82,West Bengal
20190517,0.0,41.3,27.53,West Bengal
20190518,0.22,41.42,27.87,West Bengal
20190519,0.3,40.03,27.86,West Bengal
20190520,2.21,39.44,27.79,West Bengal
20190521,1.5,40.43,27.8,West Bengal
20190522,1.07,41.18,27.41,West Bengal
20190523,3.66,39.03,27.33,West Bengal
20190524,3.2,37.81,28.19,West Bengal
20190525,14.29,36.84,27.33,West Bengal
20190526,1.91,39.73,27.39,West Bengal
20190527,0.27,40.21,27.46,West Bengal
20190528,0.21,40.98,27.56,West Bengal
20190529,0.5,42.01,27.38,West Bengal
20190530,0.82,42.43,27.58,West Bengal
20190531,2.62,40.7,27.71,West Bengal
20190601,1.25,40.69,28.16,West Bengal
20190602,9.52,39.83,27.47,West Bengal
20190603,1.42,37.82,26.84,West Bengal
20190604,3.17,38.77,27.64,West Bengal
20190605,7.86,35.08,28.06,West Bengal
20190606,6.1,33.49,27.64,West Bengal
20190607,0.37,32.34,27.28,West Bengal
20190608,0.27,33.64,27.13,West Bengal
20190609,0.03,38.68,27.17,West Bengal
20190610,0.0,38.72,27.64,West Bengal
20190611,0.26,38.07,27.92,West Bengal
20190612,3.55,37.9,28.07,West Bengal
20190613,2.28,37.93,28.95,West Bengal
20190614,0.42,40.65,28.49,West Bengal
20190615,4.44,39.12,28.58,West Bengal
20190616,0.05,43.77,27.95,West Bengal
20190617,0.11,42.37,29.58,West Bengal
20190618,5.59,39.11,29.15,West Bengal
20190619,2.81,37.75,28.61,West Bengal
20190620,5.77,34.1,28.63,West Bengal
20190621,10.21,34.12,27.86,West Bengal
20190622,4.74,34.78,27.04,West Bengal
20190623,3.48,36.98,26.72,West Bengal
20190624,0.22,37.52,27.28,West Bengal
20190625,0.01,39.08,28.47,West Bengal
20190626,0.26,36.38,28.84,West Bengal
20190627,5.18,34.6,28.09,West Bengal
20190628,1.47,36.25,28.78,West Bengal
20190629,9.01,33.65,28.31,West Bengal
20190630,2.2,35.47,27.64,West Bengal
20190701,4.93,34.1,27.29,West Bengal
20190702,17.33,34.38,27.43,West Bengal
20190703,4.83,35.66,26.71,West Bengal
20190704,0.69,36.69,27.79,West Bengal
20190705,11.64,33.21,27.83,West Bengal
20190706,12.95,35.1,27.18,West Bengal
20190707,5.47,35.2,26.78,West Bengal
20190708,5.24,35.91,27.91,West Bengal
20190709,6.4,34.51,27.44,West Bengal
20190710,1.77,35.36,26.84,West Bengal
20190711,8.2,32.46,27.31,West Bengal
20190712,3.63,33.36,26.78,West Bengal
20190713,4.25,34.92,26.97,West Bengal
20190714,1.2,35.79,27.4,West Bengal
20190715,1.32,35.74,28.07,West Bengal
20190716,7.02,34.58,27.9,West Bengal
20190717,3.33,34.83,26.8,West Bengal
20190718,3.07,35.94,27.07,West Bengal
20190719,1.19,35.37,26.66,West Bengal
20190720,4.54,35.53,26.67,West Bengal
20190721,0.36,35.66,26.99,West Bengal
20190722,0.24,34.15,27.09,West Bengal
20190723,1.75,34.34,27.36,West Bengal
20190724,8.16,34.19,26.99,West Bengal
20190725,13.28,32.82,26.84,West Bengal
20190726,8.13,31.81,26.29,West Bengal
20190727,9.11,33.98,25.42,West Bengal
20190728,10.36,34.09,26.08,West Bengal
20190729,15.29,32.75,26.34,West Bengal
20190730,2.91,31.87,25.94,West Bengal
20190731,4.54,33.41,25.79,West Bengal
20190801,2.28,33.46,25.87,West Bengal
20190802,5.75,33.65,25.96,West Bengal
20190803,9.32,34.02,26.19,West Bengal
20190804,7.9,34.5,26.88,West Bengal
20190805,7.82,34.37,27.89,West Bengal
20190806,11.54,32.56,27.32,West Bengal
20190807,21.46,32.27,26.34,West Bengal
20190808,18.74,32.36,26.35,West Bengal
20190809,1.43,33.65,25.94,West Bengal
20190810,2.27,34.3,26.53,West Bengal
20190811,4.54,33.19,26.63,West Bengal
20190812,21.57,33.83,27.28,West Bengal
20190813,13.16,30.46,26.51,West Bengal
20190814,31.49,29.77,26.6,West Bengal
20190815,16.96,31.14,26.48,West Bengal
20190816,25.72,30.76,26.2,West Bengal
20190817,25.36,30.01,26.07,West Bengal
20190818,24.66,31.19,25.93,West Bengal
20190819,0.79,31.24,26.0,West Bengal
20190820,0.49,32.61,25.59,West Bengal
20190821,0.84,31.99,26.65,West Bengal
20190822,7.03,33.12,26.12,West Bengal
20190823,12.12,32.16,25.82,West Bengal
20190824,14.79,31.44,25.32,West Bengal
20190825,16.84,30.92,25.55,West Bengal
20190826,6.66,31.05,25.77,West Bengal
20190827,2.74,32.79,25.33,West Bengal
20190828,3.65,32.08,25.57,West Bengal
20190829,8.66,32.06,26.07,West Bengal
20190830,0.67,33.11,25.66,West Bengal
20190831,1.51,31.88,26.08,West Bengal
20190901,9.12,32.0,26.31,West Bengal
20190902,15.59,32.4,26.76,West Bengal
20190903,7.26,31.31,26.09,West Bengal
20190904,5.41,30.96,25.98,West Bengal
20190905,3.35,31.5,26.36,West Bengal
20190906,3.99,32.54,26.15,West Bengal
20190907,12.83,31.72,26.43,West Bengal
20190908,9.1,32.07,26.32,West Bengal
20190909,1.5,33.18,26.74,West Bengal
20190910,3.41,30.63,26.72,West Bengal
20190911,5.09,31.27,26.39,West Bengal
20190912,19.27,29.8,26.09,West Bengal
20190913,4.64,31.1,25.81,West Bengal
20190914,1.58,31.24,25.56,West Bengal
20190915,1.66,32.03,25.85,West Bengal
20190916,0.98,31.09,25.82,West Bengal
20190917,0.61,30.65,25.62,West Bengal
20190918,1.48,32.61,24.98,West Bengal
20190919,1.06,32.84,25.58,West Bengal
20190920,2.36,32.31,25.03,West Bengal
20190921,2.45,32.76,24.73,West Bengal
20190922,5.36,31.97,25.41,West Bengal
20190923,6.15,29.86,25.07,West Bengal
20190924,35.59,28.87,25.45,West Bengal
20190925,16.37,28.0,24.75,West Bengal
20190926,20.08,28.26,23.73,West Bengal
20190927,15.97,29.49,23.11,West Bengal
20190928,19.42,27.31,23.78,West Bengal
20190929,17.19,27.42,23.7,West Bengal
20190930,7.65,29.0,23.09,West Bengal
20191001,1.29,30.71,23.82,West Bengal
20191002,5.8,31.22,24.1,West Bengal
20191003,5.94,30.97,25.13,West Bengal
20191004,3.73,29.32,24.5,West Bengal
20191005,2.74,30.56,24.19,West Bengal
20191006,4.84,31.01,24.21,West Bengal
20191007,2.59,29.35,24.82,West Bengal
20191008,12.71,29.71,24.08,West Bengal
20191009,15.59,29.08,23.57,West Bengal
20191010,1.08,30.39,23.17,West Bengal
20191011,0.3,30.36,23.14,West Bengal
20191012,1.55,30.83,22.76,West Bengal
20191013,0.65,30.14,22.37,West Bengal
20191014,0.0,30.67,21.57,West Bengal
20191015,0.01,30.59,20.65,West Bengal
20191016,0.21,30.82,21.95,West Bengal
20191017,0.95,31.12,22.84,West Bengal
20191018,1.18,31.19,23.52,West Bengal
20191019,0.38,30.11,23.83,West Bengal
20191020,0.3,30.86,22.81,West Bengal
20191021,1.17,30.39,22.32,West Bengal
20191022,3.95,30.04,22.67,West Bengal
20191023,6.78,29.03,22.01,West Bengal
20191024,59.16,23.61,20.37,West Bengal
20191025,21.67,26.16,20.29,West Bengal
20191026,4.35,29.19,23.06,West Bengal
20191027,0.33,28.38,21.62,West Bengal
20191028,0.0,27.38,20.05,West Bengal
20191029,0.0,27.52,18.19,West Bengal
20191030,0.0,28.34,18.91,West Bengal
20191031,0.0,28.5,18.34,West Bengal
20191101,0.0,28.52,20.91,West Bengal
20191102,0.0,29.12,19.53,West Bengal
20191103,0.0,29.15,20.2,West Bengal
20191104,0.0,29.04,20.58,West Bengal
20191105,0.0,28.76,19.75,West Bengal
20191106,0.0,28.56,18.98,West Bengal
20191107,0.0,28.83,17.65,West Bengal
20191108,2.34,26.28,19.14,West Bengal
20191109,59.68,24.26,21.75,West Bengal
20191110,11.81,27.48,21.09,West Bengal
20191111,0.4,28.33,19.95,West Bengal
20191112,0.0,28.24,18.4,West Bengal
20191113,0.0,27.47,16.33,West Bengal
20191114,0.0,27.57,16.23,West Bengal
20191115,0.0,27.7,16.06,West Bengal
20191116,0.0,27.61,16.13,West Bengal
20191117,0.0,27.46,16.43,West Bengal
20191118,0.0,26.77,15.8,West Bengal
20191119,0.0,26.3,15.39,West Bengal
20191120,0.0,25.57,14.76,West Bengal
20191121,0.0,26.43,14.89,West Bengal
20191122,0.0,25.85,14.78,West Bengal
20191123,0.0,26.16,14.74,West Bengal
20191124,0.0,26.11,15.35,West Bengal
20191125,0.0,26.53,16.21,West Bengal
20191126,0.0,27.07,16.7,West Bengal
20191127,0.0,27.01,16.45,West Bengal
20191128,0.0,28.38,16.82,West Bengal
20191129,0.0,27.99,16.94,West Bengal
20191130,0.0,26.99,16.59,West Bengal
20191201,0.0,26.45,15.48,West Bengal
20191202,0.0,25.79,16.48,West Bengal
20191203,0.0,24.43,13.44,West Bengal
20191204,0.0,24.42,12.43,West Bengal
20191205,0.0,25.26,11.31,West Bengal
20191206,0.0,26.85,13.4,West Bengal
20191207,0.0,26.98,16.71,West Bengal
20191208,0.0,26.69,17.75,West Bengal
20191209,0.0,25.34,16.65,West Bengal
20191210,0.03,24.95,13.67,West Bengal
20191211,0.08,25.3,16.01,West Bengal
20191212,0.0,25.05,16.74,West Bengal
20191213,0.26,25.47,14.73,West Bengal
20191214,0.16,26.06,15.93,West Bengal
20191215,0.03,25.48,16.51,West Bengal
20191216,0.01,24.15,15.88,West Bengal
20191217,0.0,23.79,14.83,West Bengal
20191218,0.0,21.33,10.87,West Bengal
20191219,0.0,19.51,7.78,West Bengal
20191220,0.0,19.84,7.02,West Bengal
20191221,0.0,19.8,8.58,West Bengal
20191222,0.0,20.96,8.57,West Bengal
20191223,0.0,22.67,11.19,West Bengal
20191224,0.0,23.06,9.93,West Bengal
20191225,0.32,22.34,10.24,West Bengal
20191226,3.67,17.87,11.63,West Bengal
20191227,7.12,18.33,8.82,West Bengal
20191228,0.01,19.7,4.97,West Bengal
20191229,0.0,21.29,5.33,West Bengal
20191230,0.0,21.29,5.95,West Bengal
20191231,0.0,22.27,6.43,West Bengal
20200101,0.0,23.95,9.07,West Bengal
20200102,0.41,23.97,12.46,West Bengal
20200103,21.98,18.14,13.98,West Bengal
20200104,0.62,23.15,12.5,West Bengal
20200105,0.31,21.62,11.9,West Bengal
20200106,0.0,20.98,8.65,West Bengal
20200107,0.0,20.95,8.13,West Bengal
20200108,0.01,22.63,11.15,West Bengal
20200109,2.46,19.12,11.6,West Bengal
20200110,0.4,21.51,11.01,West Bengal
20200111,0.04,19.75,7.54,West Bengal
20200112,0.0,20.8,6.07,West Bengal
20200113,0.0,20.46,6.02,West Bengal
20200114,0.0,22.44,7.33,West Bengal
20200115,0.0,23.8,10.63,West Bengal
20200116,0.0,25.93,13.23,West Bengal
20200117,0.0,26.44,13.85,West Bengal
20200118,0.0,26.4,11.59,West Bengal
20200119,0.0,26.35,13.11,West Bengal
20200120,0.0,21.85,12.41,West Bengal
20200121,0.0,22.31,8.43,West Bengal
20200122,0.0,23.19,8.56,West Bengal
20200123,0.0,24.13,12.47,West Bengal
20200124,0.0,22.46,9.5,West Bengal
20200125,0.0,22.4,7.46,West Bengal
20200126,0.0,22.26,7.46,West Bengal
20200127,0.0,22.99,7.87,West Bengal
20200128,0.18,24.87,11.23,West Bengal
20200129,6.99,25.19,15.69,West Bengal
20200130,2.9,22.47,16.42,West Bengal
20200131,0.05,23.58,10.92,West Bengal
20200201,0.0,23.98,9.55,West Bengal
20200202,0.0,23.6,9.6,West Bengal
20200203,0.0,22.63,8.1,West Bengal
20200204,0.0,23.49,8.83,West Bengal
20200205,0.01,23.41,12.75,West Bengal
20200206,0.0,25.25,11.83,West Bengal
20200207,0.02,25.07,10.57,West Bengal
20200208,0.13,22.89,13.77,West Bengal
20200209,0.02,25.19,12.11,West Bengal
20200210,0.0,24.51,8.23,West Bengal
20200211,0.0,24.76,8.53,West Bengal
20200212,0.0,25.2,8.0,West Bengal
20200213,0.0,25.13,8.56,West Bengal
20200214,0.0,27.56,11.0,West Bengal
20200215,0.0,26.59,11.96,West Bengal
20200216,0.0,27.68,10.99,West Bengal
20200217,0.0,27.81,11.09,West Bengal
20200218,0.0,27.6,11.19,West Bengal
20200219,0.0,28.47,11.88,West Bengal
20200220,0.0,29.27,14.35,West Bengal
20200221,0.0,29.52,14.26,West Bengal
20200222,0.0,29.38,16.64,West Bengal
20200223,0.19,30.43,17.01,West Bengal
20200224,0.49,29.5,17.36,West Bengal
20200225,1.86,28.64,18.54,West Bengal
20200226,2.19,27.09,17.51,West Bengal
20200227,0.06,27.69,14.41,West Bengal
20200228,0.0,28.69,15.88,West Bengal
20200229,0.0,29.88,15.29,West Bengal
20200301,0.0,30.21,15.45,West Bengal
20200302,1.71,30.56,16.96,West Bengal
20200303,3.13,31.03,18.59,West Bengal
20200304,6.16,30.67,19.03,West Bengal
20200305,5.27,30.25,19.33,West Bengal
20200306,4.53,29.1,17.36,West Bengal
20200307,23.63,28.0,19.7,West Bengal
20200308,1.8,30.58,19.28,West Bengal
20200309,0.0,30.12,15.8,West Bengal
20200310,0.0,30.45,16.76,West Bengal
20200311,1.58,30.95,17.14,West Bengal
20200312,0.35,32.68,20.17,West Bengal
20200313,0.06,34.8,20.22,West Bengal
20200314,0.01,33.68,20.31,West Bengal
20200315,1.26,31.22,18.36,West Bengal
20200316,0.08,31.57,19.69,West Bengal
20200317,0.0,32.2,18.62,West Bengal
20200318,0.0,33.11,18.1,West Bengal
20200319,0.0,33.97,17.7,West Bengal
20200320,0.49,33.24,18.36,West Bengal
20200321,0.66,34.37,20.43,West Bengal
20200322,6.38,31.3,20.79,West Bengal
20200323,0.52,32.19,18.2,West Bengal
20200324,1.79,33.18,18.63,West Bengal
20200325,0.0,34.88,20.27,West Bengal
20200326,0.02,36.14,19.93,West Bengal
20200327,0.0,37.46,20.09,West Bengal
20200328,0.0,37.95,21.78,West Bengal
20200329,0.0,37.61,22.45,West Bengal
20200330,0.0,37.94,20.47,West Bengal
20200331,0.0,37.53,19.96,West Bengal
20200401,0.0,38.47,22.56,West Bengal
20200402,0.26,39.14,22.33,West Bengal
20200403,0.21,39.04,24.02,West Bengal
20200404,0.02,38.49,23.27,West Bengal
20200405,0.01,38.23,22.44,West Bengal
20200406,0.0,38.26,19.3,West Bengal
20200407,0.0,39.43,20.48,West Bengal
20200408,0.09,40.01,24.41,West Bengal
20200409,0.93,38.81,22.77,West Bengal
20200410,0.0,39.34,22.12,West Bengal
20200411,0.0,39.52,23.29,West Bengal
20200412,0.58,38.52,22.62,West Bengal
20200413,0.33,39.62,23.06,West Bengal
20200414,0.01,40.73,24.24,West Bengal
20200415,0.76,40.46,24.48,West Bengal
20200416,2.39,38.9,24.63,West Bengal
20200417,1.67,41.52,25.03,West Bengal
20200418,2.5,40.82,25.68,West Bengal
20200419,2.83,39.46,25.33,West Bengal
20200420,4.67,40.63,25.28,West Bengal
20200421,22.79,36.5,25.88,West Bengal
20200422,3.57,35.64,24.8,West Bengal
20200423,4.11,37.46,24.1,West Bengal
20200424,13.55,35.01,23.96,West Bengal
20200425,2.31,35.93,24.33,West Bengal
20200426,3.71,34.15,24.49,West Bengal
20200427,3.29,34.61,23.85,West Bengal
20200428,5.72,33.04,23.69,West Bengal
20200429,2.68,34.6,22.92,West Bengal
20200430,1.04,35.55,23.55,West Bengal
20200501,15.39,33.75,24.56,West Bengal
20200502,7.15,33.92,23.8,West Bengal
20200503,1.33,35.71,24.36,West Bengal
20200504,0.06,36.89,24.63,West Bengal
20200505,7.16,38.11,25.9,West Bengal
20200506,18.44,35.61,25.96,West Bengal
20200507,2.86,37.31,23.69,West Bengal
20200508,7.45,37.27,23.65,West Bengal
20200509,3.75,38.25,24.46,West Bengal
20200510,1.0,39.34,25.26,West Bengal
20200511,12.01,35.94,25.46,West Bengal
20200512,2.21,38.27,24.66,West Bengal
20200513,3.89,38.32,25.65,West Bengal
20200514,0.42,39.78,25.62,West Bengal
20200515,4.04,39.11,26.26,West Bengal
20200516,2.12,40.58,25.96,West Bengal
20200517,2.09,40.38,26.57,West Bengal
20200518,0.0,40.18,25.65,West Bengal
20200519,2.39,33.34,25.18,West Bengal
20200520,131.43,28.38,23.67,West Bengal
20200521,14.31,30.51,23.51,West Bengal
20200522,0.06,34.53,24.15,West Bengal
20200523,0.09,36.07,25.14,West Bengal
20200524,0.07,36.2,26.79,West Bengal
20200525,0.45,35.52,26.84,West Bengal
20200526,1.96,35.54,26.7,West Bengal
20200527,13.88,35.48,26.55,West Bengal
20200528,14.57,33.15,26.14,West Bengal
20200529,2.53,33.5,25.28,West Bengal
20200530,4.83,34.81,25.4,West Bengal
20200531,16.04,33.95,26.5,West Bengal
20200601,5.58,33.91,26.59,West Bengal
20200602,11.88,33.98,26.7,West Bengal
20200603,3.14,33.86,26.1,West Bengal
20200604,14.42,34.22,26.22,West Bengal
20200605,11.98,32.27,26.44,West Bengal
20200606,2.91,33.08,27.04,West Bengal
20200607,5.9,34.05,25.86,West Bengal
20200608,10.9,33.03,26.1,West Bengal
20200609,2.2,33.43,26.02,West Bengal
20200610,3.13,31.93,26.63,West Bengal
20200611,10.26,31.2,26.52,West Bengal
20200612,14.37,31.7,26.48,West Bengal
20200613,22.05,31.71,27.01,West Bengal
20200614,10.73,30.7,27.41,West Bengal
20200615,16.29,31.49,27.18,West Bengal
20200616,7.79,30.39,27.02,West Bengal
20200617,16.16,30.19,26.41,West Bengal
20200618,10.73,32.68,25.7,West Bengal
20200619,6.74,33.24,26.48,West Bengal
20200620,6.23,33.03,26.52,West Bengal
20200621,14.68,32.81,25.97,West Bengal
20200622,13.6,32.67,26.62,West Bengal
20200623,7.91,32.87,26.48,West Bengal
20200624,1.59,33.55,26.23,West Bengal
20200625,5.85,32.43,26.7,West Bengal
20200626,8.08,31.52,26.8,West Bengal
20200627,16.77,31.79,26.35,West Bengal
20200628,9.46,32.67,26.38,West Bengal
20200629,14.15,32.81,26.45,West Bengal
20200630,1.28,33.12,26.12,West Bengal
20200701,0.48,32.14,26.56,West Bengal
20200702,1.06,31.68,26.67,West Bengal
20200703,0.9,32.45,26.7,West Bengal
20200704,3.92,33.4,26.38,West Bengal
20200705,8.63,32.08,26.74,West Bengal
20200706,9.99,33.11,26.91,West Bengal
20200707,10.81,32.28,27.18,West Bengal
20200708,6.35,31.2,26.84,West Bengal
20200709,14.83,31.51,26.65,West Bengal
20200710,5.34,31.31,27.05,West Bengal
20200711,12.54,30.52,26.94,West Bengal
20200712,27.1,30.55,26.35,West Bengal
20200713,12.53,32.53,26.33,West Bengal
20200714,9.81,30.62,26.22,West Bengal
20200715,8.03,32.49,25.62,West Bengal
20200716,3.31,32.47,25.38,West Bengal
20200717,1.74,33.24,26.26,West Bengal
20200718,1.71,32.2,26.17,West Bengal
20200719,14.28,31.88,26.65,West Bengal
20200720,11.08,30.28,26.66,West Bengal
20200721,32.35,29.5,26.53,West Bengal
20200722,36.23,31.23,26.24,West Bengal
20200723,10.08,31.35,25.56,West Bengal
20200724,4.87,30.18,25.56,West Bengal
20200725,0.52,32.07,24.67,West Bengal
20200726,0.01,33.29,26.44,West Bengal
20200727,6.48,30.3,26.95,West Bengal
20200728,30.63,32.27,26.27,West Bengal
20200729,5.15,32.81,26.23,West Bengal
20200730,0.67,32.94,26.28,West Bengal
20200731,2.94,31.7,26.03,West Bengal
20200801,1.84,32.07,26.19,West Bengal
20200802,9.13,32.62,26.66,West Bengal
20200803,5.08,32.84,27.07,West Bengal
20200804,30.19,32.55,26.95,West Bengal
20200805,25.8,32.48,26.56,West Bengal
20200806,14.22,30.13,26.55,West Bengal
20200807,8.47,32.21,26.2,West Bengal
20200808,1.73,32.94,26.95,West Bengal
20200809,2.46,32.28,26.98,West Bengal
20200810,3.08,31.53,26.25,West Bengal
20200811,2.09,31.9,26.62,West Bengal
20200812,5.62,33.41,26.98,West Bengal
20200813,5.89,32.9,26.84,West Bengal
20200814,4.73,32.39,26.49,West Bengal
20200815,15.12,32.46,26.45,West Bengal
20200816,7.26,32.08,26.36,West Bengal
20200817,5.76,30.86,26.39,West Bengal
20200818,13.59,32.61,25.72,West Bengal
20200819,22.05,30.55,26.12,West Bengal
20200820,42.33,29.18,26.26,West Bengal
20200821,21.62,29.49,25.9,West Bengal
20200822,12.79,30.46,26.07,West Bengal
20200823,9.05,30.11,25.73,West Bengal
20200824,7.1,32.63,25.32,West Bengal
20200825,16.56,31.15,26.37,West Bengal
20200826,23.68,30.87,25.55,West Bengal
20200827,15.51,30.39,25.96,West Bengal
20200828,2.63,30.6,25.65,West Bengal
20200829,0.4,31.95,25.23,West Bengal
20200830,0.22,31.09,26.39,West Bengal
20200831,1.55,31.64,25.5,West Bengal
20200901,17.47,28.55,25.09,West Bengal
20200902,3.05,31.76,24.42,West Bengal
20200903,1.94,32.39,24.08,West Bengal
20200904,0.28,32.87,24.55,West Bengal
20200905,0.05,32.35,25.77,West Bengal
20200906,0.71,29.47,26.41,West Bengal
20200907,5.86,30.54,26.41,West Bengal
20200908,12.26,29.57,26.22,West Bengal
20200909,6.61,30.87,26.18,West Bengal
20200910,5.94,30.52,26.56,West Bengal
20200911,2.16,31.8,26.04,West Bengal
20200912,1.03,31.57,25.4,West Bengal
20200913,2.05,31.18,26.06,West Bengal
20200914,0.55,31.05,25.63,West Bengal
20200915,2.66,31.17,25.91,West Bengal
20200916,0.51,31.44,25.95,West Bengal
20200917,9.15,30.11,26.29,West Bengal
20200918,0.28,32.99,25.72,West Bengal
20200919,4.25,31.12,26.08,West Bengal
20200920,4.41,31.75,25.8,West Bengal
20200921,14.66,30.97,26.37,West Bengal
20200922,10.24,30.93,25.64,West Bengal
20200923,6.96,30.39,26.66,West Bengal
20200924,4.22,29.63,26.65,West Bengal
20200925,1.95,30.28,26.61,West Bengal
20200926,3.99,29.16,25.7,West Bengal
20200927,0.88,32.02,25.25,West Bengal
20200928,0.85,31.22,24.72,West Bengal
20200929,1.72,32.09,25.17,West Bengal
20200930,7.29,29.79,26.13,West Bengal
20201001,8.38,29.59,25.45,West Bengal
20201002,13.58,29.8,25.63,West Bengal
20201003,7.4,31.11,25.32,West Bengal
20201004,3.32,30.5,25.78,West Bengal
20201005,3.39,30.42,25.68,West Bengal
20201006,6.39,29.66,24.99,West Bengal
20201007,7.44,29.89,25.06,West Bengal
20201008,2.5,30.31,25.59,West Bengal
20201009,2.76,31.56,24.96,West Bengal
20201010,4.43,30.88,26.03,West Bengal
20201011,0.45,32.26,25.21,West Bengal
20201012,3.24,32.75,25.95,West Bengal
20201013,5.3,32.67,25.51,West Bengal
20201014,2.1,32.03,25.82,West Bengal
20201015,2.74,31.54,25.72,West Bengal
20201016,8.99,32.08,24.95,West Bengal
20201017,1.12,32.19,24.74,West Bengal
20201018,0.55,31.59,25.58,West Bengal
20201019,0.41,31.67,24.55,West Bengal
20201020,0.12,31.82,24.14,West Bengal
20201021,0.8,29.95,24.6,West Bengal
20201022,4.42,28.13,24.55,West Bengal
20201023,2.51,27.77,23.75,West Bengal
20201024,0.46,30.01,23.42,West Bengal
20201025,0.35,30.75,22.61,West Bengal
20201026,0.01,29.79,20.74,West Bengal
20201027,0.0,29.76,19.65,West Bengal
20201028,0.0,28.98,17.67,West Bengal
20201029,0.0,29.32,18.56,West Bengal
20201030,0.01,30.63,20.78,West Bengal
20201031,0.12,30.35,21.68,West Bengal
20201101,0.35,29.34,23.71,West Bengal
20201102,0.07,30.08,22.35,West Bengal
20201103,0.0,29.76,20.26,West Bengal
20201104,0.0,28.75,16.99,West Bengal
20201105,0.0,29.72,15.31,West Bengal
20201106,0.0,27.74,15.88,West Bengal
20201107,0.0,26.44,14.46,West Bengal
20201108,0.0,27.57,14.74,West Bengal
20201109,0.0,28.58,16.96,West Bengal
20201110,0.0,28.53,16.81,West Bengal
20201111,0.0,29.16,18.03,West Bengal
20201112,0.0,28.53,17.26,West Bengal
20201113,0.0,28.66,18.02,West Bengal
20201114,0.0,28.25,17.31,West Bengal
20201115,0.0,27.78,16.59,West Bengal
20201116,0.0,27.68,15.94,West Bengal
20201117,0.0,28.42,17.61,West Bengal
20201118,0.47,27.81,17.92,West Bengal
20201119,0.17,28.14,18.56,West Bengal
20201120,2.99,29.0,20.28,West Bengal
20201121,2.89,27.25,19.62,West Bengal
20201122,0.08,25.94,15.79,West Bengal
20201123,0.0,24.72,11.53,West Bengal
20201124,0.0,24.34,10.89,West Bengal
20201125,0.0,25.43,12.59,West Bengal
20201126,0.0,23.7,13.78,West Bengal
20201127,0.0,24.97,14.8,West Bengal
20201128,0.0,26.13,14.02,West Bengal
20201129,0.0,25.78,12.41,West Bengal
20201130,0.0,25.07,11.49,West Bengal
20201201,0.0,25.3,11.86,West Bengal
20201202,0.0,25.5,12.55,West Bengal
20201203,0.0,25.56,13.86,West Bengal
20201204,0.0,25.36,14.47,West Bengal
20201205,0.0,25.5,14.99,West Bengal
20201206,0.0,25.78,14.87,West Bengal
20201207,0.0,26.41,13.05,West Bengal
20201208,0.0,25.26,13.88,West Bengal
20201209,0.0,24.62,14.04,West Bengal
20201210,0.0,24.5,13.73,West Bengal
20201211,0.0,24.5,14.31,West Bengal
20201212,0.0,24.09,12.88,West Bengal
20201213,0.0,25.65,13.23,West Bengal
20201214,0.0,25.5,14.24,West Bengal
20201215,0.0,24.89,15.78,West Bengal
20201216,0.03,24.94,15.5,West Bengal
20201217,0.0,24.88,15.05,West Bengal
20201218,0.0,23.56,12.96,West Bengal
20201219,0.0,20.88,8.8,West Bengal
20201220,0.0,20.78,6.29,West Bengal
20201221,0.0,20.79,6.61,West Bengal
20201222,0.0,22.37,8.48,West Bengal
20201223,0.04,22.97,8.56,West Bengal
20201224,0.0,23.69,9.52,West Bengal
20201225,0.0,23.73,10.36,West Bengal
20201226,0.0,22.91,8.4,West Bengal
20201227,0.0,22.85,7.66,West Bengal
20201228,0.0,23.67,9.9,West Bengal
20201229,0.0,23.83,10.28,West Bengal
20201230,0.0,23.36,10.1,West Bengal
20201231,0.0,23.53,8.69,West Bengal
